{
  "class": "com.android.internal.policy.PhoneWindow$DecorView",
  "bounds": [
    0,
    0,
    1440,
    2392
  ],
  "children": [
    {
      "class": "com.jeremyfeinstein.slidingmenu.lib.SlidingMenu",
      "bounds": [
        0,
        0,
        1440,
        2392
      ],
      "children": [
        {
          "class": "com.jeremyfeinstein.slidingmenu.lib.CustomViewBehind",
          "bounds": [
            0,
            168,
            1440,
            2392
          ],
          "children": [
            {
              "class": "android.widget.ListView",
              "bounds": [
                0,
                84,
                1230,
                2308
              ],
              "children": [
                {
                  "class": "android.widget.RelativeLayout",
                  "bounds": [
                    0,
                    84,
                    1230,
                    175
                  ],
                  "children": [
                    {
                      "class": "android.widget.ImageView",
                      "bounds": [
                        0,
                        136,
                        123,
                        149
                      ]
                    },
                    {
                      "class": "android.widget.ImageView",
                      "bounds": [
                        2348,
                        210,
                        1202,
                        112
                      ]
                    },
                    {
                      "class": "android.widget.TextView",
                      "bounds": [
                        246,
                        118,
                        1174,
                        158
                      ]
                    },
                    {
                      "class": "android.view.View",
                      "bounds": [
                        246,
                        426,
                        1202,
                        175
                      ]
                    }
                  ]
                },
                {
                  "class": "android.widget.RelativeLayout",
                  "bounds": [
                    0,
                    432,
                    1230,
                    349
                  ],
                  "children": [
                    {
                      "class": "android.widget.ImageView",
                      "bounds": [
                        0,
                        310,
                        123,
                        149
                      ]
                    },
                    {
                      "class": "android.widget.ImageView",
                      "bounds": [
                        2348,
                        384,
                        1202,
                        112
                      ]
                    },
                    {
                      "class": "android.widget.TextView",
                      "bounds": [
                        246,
                        292,
                        1174,
                        158
                      ]
                    },
                    {
                      "class": "android.view.View",
                      "bounds": [
                        246,
                        600,
                        1202,
                        175
                      ]
                    }
                  ]
                },
                {
                  "class": "android.widget.RelativeLayout",
                  "bounds": [
                    0,
                    780,
                    1230,
                    523
                  ],
                  "children": [
                    {
                      "class": "android.widget.ImageView",
                      "bounds": [
                        0,
                        484,
                        123,
                        149
                      ]
                    },
                    {
                      "class": "android.widget.ImageView",
                      "bounds": [
                        2348,
                        558,
                        1202,
                        112
                      ]
                    },
                    {
                      "class": "android.widget.TextView",
                      "bounds": [
                        246,
                        466,
                        1174,
                        158
                      ]
                    },
                    {
                      "class": "android.view.View",
                      "bounds": [
                        246,
                        774,
                        1202,
                        175
                      ]
                    }
                  ]
                },
                {
                  "class": "android.widget.RelativeLayout",
                  "bounds": [
                    0,
                    1128,
                    1230,
                    697
                  ],
                  "children": [
                    {
                      "class": "android.widget.ImageView",
                      "bounds": [
                        0,
                        658,
                        123,
                        149
                      ]
                    },
                    {
                      "class": "android.widget.ImageView",
                      "bounds": [
                        2348,
                        732,
                        1202,
                        112
                      ]
                    },
                    {
                      "class": "android.widget.TextView",
                      "bounds": [
                        246,
                        640,
                        1174,
                        158
                      ]
                    }
                  ]
                },
                {
                  "class": "android.view.View",
                  "bounds": [
                    0,
                    1476,
                    1230,
                    726
                  ]
                },
                {
                  "class": "android.widget.RelativeLayout",
                  "bounds": [
                    0,
                    1534,
                    1230,
                    900
                  ],
                  "children": [
                    {
                      "class": "android.widget.ImageView",
                      "bounds": [
                        0,
                        861,
                        123,
                        149
                      ]
                    },
                    {
                      "class": "android.widget.ImageView",
                      "bounds": [
                        2348,
                        935,
                        1202,
                        112
                      ]
                    },
                    {
                      "class": "android.widget.TextView",
                      "bounds": [
                        246,
                        843,
                        1174,
                        158
                      ]
                    },
                    {
                      "class": "android.view.View",
                      "bounds": [
                        246,
                        1151,
                        1202,
                        175
                      ]
                    }
                  ]
                }
              ]
            }
          ]
        },
        {
          "class": "com.jeremyfeinstein.slidingmenu.lib.CustomViewAbove",
          "bounds": [
            0,
            168,
            1440,
            2392
          ],
          "children": [
            {
              "class": "android.widget.LinearLayout",
              "bounds": [
                1230,
                84,
                1440,
                2308
              ],
              "children": [
                {
                  "class": "android.widget.FrameLayout",
                  "bounds": [
                    1230,
                    84,
                    1440,
                    2308
                  ],
                  "children": [
                    {
                      "class": "android.widget.RelativeLayout",
                      "bounds": [
                        1230,
                        84,
                        1440,
                        2308
                      ],
                      "children": [
                        {
                          "class": "android.widget.RelativeLayout",
                          "bounds": [
                            1230,
                            84,
                            1440,
                            208
                          ],
                          "children": [
                            {
                              "class": "android.widget.ImageButton",
                              "bounds": [
                                1286,
                                152,
                                168,
                                174
                              ]
                            },
                            {
                              "class": "android.widget.LinearLayout",
                              "bounds": [
                                2242,
                                140,
                                934,
                                180
                              ],
                              "children": [
                                {
                                  "class": "android.widget.Button",
                                  "bounds": [
                                    1792,
                                    112,
                                    214,
                                    152
                                  ]
                                },
                                {
                                  "class": "android.widget.LinearLayout",
                                  "bounds": [
                                    2220,
                                    112,
                                    428,
                                    152
                                  ],
                                  "children": [
                                    {
                                      "class": "android.widget.ImageView",
                                      "bounds": [
                                        2106,
                                        154,
                                        120,
                                        63
                                      ]
                                    },
                                    {
                                      "class": "android.widget.TextView",
                                      "bounds": [
                                        2074,
                                        238,
                                        136,
                                        129
                                      ]
                                    }
                                  ]
                                }
                              ]
                            }
                          ]
                        },
                        {
                          "class": "android.widget.FrameLayout",
                          "bounds": [
                            1230,
                            500,
                            1440,
                            2308
                          ],
                          "children": [
                            {
                              "class": "android.widget.RelativeLayout",
                              "bounds": [
                                1230,
                                292,
                                1440,
                                2100
                              ],
                              "children": [
                                {
                                  "class": "com.handmark.pulltorefresh.library.PullToRefreshListView",
                                  "bounds": [
                                    1230,
                                    292,
                                    1440,
                                    2100
                                  ],
                                  "children": [
                                    {
                                      "class": "android.widget.FrameLayout",
                                      "bounds": [
                                        1230,
                                        292,
                                        1440,
                                        2100
                                      ],
                                      "children": [
                                        {
                                          "class": "com.handmark.pulltorefresh.library.PullToRefreshListView$InternalListViewSDK9",
                                          "bounds": [
                                            1230,
                                            292,
                                            1440,
                                            2100
                                          ],
                                          "children": [
                                            {
                                              "class": "android.widget.FrameLayout",
                                              "bounds": [
                                                1230,
                                                292,
                                                1440,
                                                0
                                              ],
                                              "children": []
                                            },
                                            {
                                              "class": "android.widget.RelativeLayout",
                                              "bounds": [
                                                1230,
                                                362,
                                                1440,
                                                846
                                              ],
                                              "children": [
                                                {
                                                  "class": "com.shush.util.ui.ImageViewLoading",
                                                  "bounds": [
                                                    1230,
                                                    327,
                                                    1440,
                                                    811
                                                  ]
                                                },
                                                {
                                                  "class": "android.widget.ImageView",
                                                  "bounds": [
                                                    2460,
                                                    927,
                                                    825,
                                                    510
                                                  ]
                                                },
                                                {
                                                  "class": "android.widget.LinearLayout",
                                                  "bounds": [
                                                    1230,
                                                    1287,
                                                    1440,
                                                    811
                                                  ],
                                                  "children": [
                                                    {
                                                      "class": "android.view.View",
                                                      "bounds": [
                                                        1230,
                                                        807,
                                                        1440,
                                                        4
                                                      ]
                                                    },
                                                    {
                                                      "class": "shush.android.util.ArabicTextView",
                                                      "bounds": [
                                                        1230,
                                                        815,
                                                        501,
                                                        113
                                                      ]
                                                    },
                                                    {
                                                      "class": "shush.android.util.ArabicTextView",
                                                      "bounds": [
                                                        1230,
                                                        1033,
                                                        899,
                                                        222
                                                      ]
                                                    },
                                                    {
                                                      "class": "android.widget.TextView",
                                                      "bounds": [
                                                        1230,
                                                        1251,
                                                        420,
                                                        331
                                                      ]
                                                    }
                                                  ]
                                                }
                                              ]
                                            },
                                            {
                                              "class": "android.widget.RelativeLayout",
                                              "bounds": [
                                                1230,
                                                2054,
                                                1440,
                                                1692
                                              ],
                                              "children": [
                                                {
                                                  "class": "com.shush.util.ui.ImageViewLoading",
                                                  "bounds": [
                                                    1230,
                                                    1173,
                                                    1440,
                                                    811
                                                  ]
                                                },
                                                {
                                                  "class": "android.widget.ImageView",
                                                  "bounds": [
                                                    2460,
                                                    1773,
                                                    825,
                                                    510
                                                  ]
                                                },
                                                {
                                                  "class": "android.widget.LinearLayout",
                                                  "bounds": [
                                                    1230,
                                                    2133,
                                                    1440,
                                                    811
                                                  ],
                                                  "children": [
                                                    {
                                                      "class": "android.view.View",
                                                      "bounds": [
                                                        1230,
                                                        1653,
                                                        1440,
                                                        4
                                                      ]
                                                    },
                                                    {
                                                      "class": "shush.android.util.ArabicTextView",
                                                      "bounds": [
                                                        1230,
                                                        1661,
                                                        803,
                                                        113
                                                      ]
                                                    },
                                                    {
                                                      "class": "shush.android.util.ArabicTextView",
                                                      "bounds": [
                                                        1230,
                                                        1879,
                                                        899,
                                                        222
                                                      ]
                                                    },
                                                    {
                                                      "class": "android.widget.TextView",
                                                      "bounds": [
                                                        1230,
                                                        2097,
                                                        420,
                                                        331
                                                      ]
                                                    }
                                                  ]
                                                }
                                              ]
                                            },
                                            {
                                              "class": "android.widget.RelativeLayout",
                                              "bounds": [
                                                1230,
                                                3746,
                                                1440,
                                                2538
                                              ],
                                              "children": [
                                                {
                                                  "class": "com.shush.util.ui.ImageViewLoading",
                                                  "bounds": [
                                                    1230,
                                                    2019,
                                                    1440,
                                                    811
                                                  ]
                                                },
                                                {
                                                  "class": "android.widget.ImageView",
                                                  "bounds": [
                                                    2460,
                                                    2619,
                                                    825,
                                                    510
                                                  ]
                                                },
                                                {
                                                  "class": "android.widget.LinearLayout",
                                                  "bounds": [
                                                    1230,
                                                    2979,
                                                    1440,
                                                    811
                                                  ],
                                                  "children": [
                                                    {
                                                      "class": "android.view.View",
                                                      "bounds": [
                                                        1230,
                                                        2499,
                                                        1440,
                                                        4
                                                      ]
                                                    },
                                                    {
                                                      "class": "shush.android.util.ArabicTextView",
                                                      "bounds": [
                                                        1230,
                                                        2507,
                                                        604,
                                                        113
                                                      ]
                                                    },
                                                    {
                                                      "class": "shush.android.util.ArabicTextView",
                                                      "bounds": [
                                                        1230,
                                                        2725,
                                                        966,
                                                        222
                                                      ]
                                                    },
                                                    {
                                                      "class": "android.widget.TextView",
                                                      "bounds": [
                                                        1230,
                                                        2943,
                                                        403,
                                                        331
                                                      ]
                                                    }
                                                  ]
                                                }
                                              ]
                                            }
                                          ]
                                        }
                                      ]
                                    }
                                  ]
                                }
                              ]
                            }
                          ]
                        },
                        {
                          "class": "android.widget.LinearLayout",
                          "bounds": [
                            1230,
                            4700,
                            1440,
                            2308
                          ]
                        }
                      ]
                    },
                    {
                      "class": "android.widget.RelativeLayout",
                      "bounds": [
                        1230,
                        84,
                        1440,
                        208
                      ],
                      "children": [
                        {
                          "class": "android.widget.ImageView",
                          "bounds": [
                            3936,
                            84,
                            1440,
                            208
                          ]
                        }
                      ]
                    }
                  ]
                }
              ]
            }
          ]
        }
      ]
    }
  ]
}