{
  "class": "com.android.internal.policy.PhoneWindow$DecorView",
  "bounds": [
    0,
    0,
    1440,
    2560
  ],
  "children": [
    {
      "class": "android.widget.LinearLayout",
      "bounds": [
        0,
        0,
        1440,
        2392
      ],
      "children": [
        {
          "class": "android.widget.FrameLayout",
          "bounds": [
            0,
            168,
            1440,
            2392
          ],
          "children": [
            {
              "class": "android.support.v7.widget.FitWindowsLinearLayout",
              "bounds": [
                0,
                84,
                1440,
                2308
              ],
              "children": [
                {
                  "class": "android.support.v7.widget.ContentFrameLayout",
                  "bounds": [
                    0,
                    84,
                    1440,
                    2308
                  ],
                  "children": [
                    {
                      "class": "android.widget.LinearLayout",
                      "bounds": [
                        0,
                        84,
                        1440,
                        2308
                      ],
                      "children": [
                        {
                          "class": "android.support.v7.widget.Toolbar",
                          "bounds": [
                            0,
                            84,
                            1440,
                            196
                          ],
                          "children": [
                            {
                              "class": "android.support.v7.widget.bu",
                              "bounds": [
                                504,
                                112,
                                1038,
                                107
                              ]
                            },
                            {
                              "class": "android.support.v7.widget.bu",
                              "bounds": [
                                504,
                                298,
                                672,
                                183
                              ]
                            },
                            {
                              "class": "android.support.v7.widget.ActionMenuView",
                              "bounds": [
                                2544,
                                84,
                                1440,
                                196
                              ],
                              "children": [
                                {
                                  "class": "android.support.v7.view.menu.ActionMenuItemView",
                                  "bounds": [
                                    1272,
                                    112,
                                    168,
                                    182
                                  ]
                                }
                              ]
                            },
                            {
                              "class": "android.support.v7.widget.ba",
                              "bounds": [
                                0,
                                84,
                                196,
                                196
                              ]
                            }
                          ]
                        },
                        {
                          "class": "android.support.v4.widget.DrawerLayout",
                          "bounds": [
                            0,
                            476,
                            1440,
                            2308
                          ],
                          "children": [
                            {
                              "class": "android.widget.LinearLayout",
                              "bounds": [
                                0,
                                280,
                                1440,
                                2112
                              ],
                              "children": [
                                {
                                  "class": "android.widget.LinearLayout",
                                  "bounds": [
                                    0,
                                    280,
                                    1440,
                                    1919
                                  ],
                                  "children": [
                                    {
                                      "class": "android.widget.RelativeLayout",
                                      "bounds": [
                                        0,
                                        280,
                                        1440,
                                        1919
                                      ],
                                      "children": [
                                        {
                                          "class": "android.support.v4.view.ViewPager",
                                          "bounds": [
                                            0,
                                            280,
                                            1440,
                                            1919
                                          ],
                                          "children": [
                                            {
                                              "class": "android.widget.ScrollView",
                                              "bounds": [
                                                14400,
                                                280,
                                                15840,
                                                1919
                                              ],
                                              "children": [
                                                {
                                                  "class": "android.widget.LinearLayout",
                                                  "bounds": [
                                                    0,
                                                    392,
                                                    1440,
                                                    4532
                                                  ],
                                                  "children": [
                                                    {
                                                      "class": "android.widget.LinearLayout",
                                                      "bounds": [
                                                        0,
                                                        336,
                                                        1440,
                                                        312
                                                      ],
                                                      "children": [
                                                        {
                                                          "class": "android.support.v7.widget.bu",
                                                          "bounds": [
                                                            910,
                                                            462,
                                                            905,
                                                            249
                                                          ]
                                                        },
                                                        {
                                                          "class": "android.support.v7.widget.bu",
                                                          "bounds": [
                                                            1810,
                                                            462,
                                                            984,
                                                            249
                                                          ]
                                                        }
                                                      ]
                                                    },
                                                    {
                                                      "class": "android.widget.LinearLayout",
                                                      "bounds": [
                                                        0,
                                                        960,
                                                        1440,
                                                        624
                                                      ],
                                                      "children": [
                                                        {
                                                          "class": "android.support.v7.widget.bu",
                                                          "bounds": [
                                                            910,
                                                            774,
                                                            905,
                                                            249
                                                          ]
                                                        },
                                                        {
                                                          "class": "android.support.v7.widget.bu",
                                                          "bounds": [
                                                            1810,
                                                            774,
                                                            984,
                                                            249
                                                          ]
                                                        }
                                                      ]
                                                    },
                                                    {
                                                      "class": "android.widget.LinearLayout",
                                                      "bounds": [
                                                        0,
                                                        1584,
                                                        1440,
                                                        936
                                                      ],
                                                      "children": [
                                                        {
                                                          "class": "android.support.v7.widget.bu",
                                                          "bounds": [
                                                            832,
                                                            1086,
                                                            866,
                                                            249
                                                          ]
                                                        },
                                                        {
                                                          "class": "android.support.v7.widget.bu",
                                                          "bounds": [
                                                            1732,
                                                            1086,
                                                            1024,
                                                            249
                                                          ]
                                                        }
                                                      ]
                                                    },
                                                    {
                                                      "class": "android.widget.LinearLayout",
                                                      "bounds": [
                                                        0,
                                                        2208,
                                                        1440,
                                                        1248
                                                      ],
                                                      "children": [
                                                        {
                                                          "class": "android.support.v7.widget.bu",
                                                          "bounds": [
                                                            832,
                                                            1398,
                                                            866,
                                                            249
                                                          ]
                                                        }
                                                      ]
                                                    },
                                                    {
                                                      "class": "android.widget.LinearLayout",
                                                      "bounds": [
                                                        0,
                                                        2832,
                                                        1440,
                                                        1560
                                                      ],
                                                      "children": [
                                                        {
                                                          "class": "android.support.v7.widget.bu",
                                                          "bounds": [
                                                            832,
                                                            1710,
                                                            866,
                                                            249
                                                          ]
                                                        }
                                                      ]
                                                    },
                                                    {
                                                      "class": "android.widget.LinearLayout",
                                                      "bounds": [
                                                        0,
                                                        3456,
                                                        1440,
                                                        1872
                                                      ],
                                                      "children": [
                                                        {
                                                          "class": "android.support.v7.widget.bu",
                                                          "bounds": [
                                                            832,
                                                            2022,
                                                            866,
                                                            249
                                                          ]
                                                        }
                                                      ]
                                                    },
                                                    {
                                                      "class": "android.widget.LinearLayout",
                                                      "bounds": [
                                                        0,
                                                        4080,
                                                        1440,
                                                        2184
                                                      ],
                                                      "children": [
                                                        {
                                                          "class": "android.support.v7.widget.bu",
                                                          "bounds": [
                                                            832,
                                                            2334,
                                                            866,
                                                            249
                                                          ]
                                                        }
                                                      ]
                                                    },
                                                    {
                                                      "class": "android.widget.LinearLayout",
                                                      "bounds": [
                                                        0,
                                                        4704,
                                                        1440,
                                                        2496
                                                      ],
                                                      "children": [
                                                        {
                                                          "class": "android.support.v7.widget.bu",
                                                          "bounds": [
                                                            832,
                                                            2646,
                                                            866,
                                                            249
                                                          ]
                                                        }
                                                      ]
                                                    },
                                                    {
                                                      "class": "android.widget.LinearLayout",
                                                      "bounds": [
                                                        0,
                                                        5328,
                                                        1440,
                                                        2808
                                                      ],
                                                      "children": [
                                                        {
                                                          "class": "android.support.v7.widget.bu",
                                                          "bounds": [
                                                            832,
                                                            2958,
                                                            866,
                                                            249
                                                          ]
                                                        }
                                                      ]
                                                    },
                                                    {
                                                      "class": "android.widget.LinearLayout",
                                                      "bounds": [
                                                        0,
                                                        5952,
                                                        1440,
                                                        3120
                                                      ],
                                                      "children": [
                                                        {
                                                          "class": "android.support.v7.widget.bu",
                                                          "bounds": [
                                                            832,
                                                            3270,
                                                            866,
                                                            249
                                                          ]
                                                        }
                                                      ]
                                                    },
                                                    {
                                                      "class": "android.widget.LinearLayout",
                                                      "bounds": [
                                                        0,
                                                        6576,
                                                        1440,
                                                        3432
                                                      ],
                                                      "children": [
                                                        {
                                                          "class": "android.support.v7.widget.bu",
                                                          "bounds": [
                                                            752,
                                                            3582,
                                                            905,
                                                            249
                                                          ]
                                                        }
                                                      ]
                                                    },
                                                    {
                                                      "class": "android.widget.LinearLayout",
                                                      "bounds": [
                                                        0,
                                                        7200,
                                                        1440,
                                                        3744
                                                      ],
                                                      "children": [
                                                        {
                                                          "class": "android.support.v7.widget.bu",
                                                          "bounds": [
                                                            752,
                                                            3894,
                                                            905,
                                                            249
                                                          ]
                                                        }
                                                      ]
                                                    },
                                                    {
                                                      "class": "android.widget.LinearLayout",
                                                      "bounds": [
                                                        0,
                                                        7824,
                                                        1440,
                                                        4056
                                                      ],
                                                      "children": [
                                                        {
                                                          "class": "android.support.v7.widget.bu",
                                                          "bounds": [
                                                            674,
                                                            4206,
                                                            866,
                                                            249
                                                          ]
                                                        }
                                                      ]
                                                    }
                                                  ]
                                                }
                                              ]
                                            },
                                            {
                                              "class": "android.widget.ScrollView",
                                              "bounds": [
                                                12960,
                                                280,
                                                14400,
                                                1919
                                              ],
                                              "children": [
                                                {
                                                  "class": "android.widget.LinearLayout",
                                                  "bounds": [
                                                    0,
                                                    392,
                                                    1440,
                                                    4532
                                                  ],
                                                  "children": [
                                                    {
                                                      "class": "android.widget.LinearLayout",
                                                      "bounds": [
                                                        0,
                                                        336,
                                                        1440,
                                                        312
                                                      ],
                                                      "children": [
                                                        {
                                                          "class": "android.support.v7.widget.bu",
                                                          "bounds": [
                                                            455,
                                                            462,
                                                            905,
                                                            249
                                                          ]
                                                        }
                                                      ]
                                                    },
                                                    {
                                                      "class": "android.widget.LinearLayout",
                                                      "bounds": [
                                                        0,
                                                        960,
                                                        1440,
                                                        624
                                                      ],
                                                      "children": [
                                                        {
                                                          "class": "android.support.v7.widget.bu",
                                                          "bounds": [
                                                            455,
                                                            774,
                                                            905,
                                                            249
                                                          ]
                                                        }
                                                      ]
                                                    },
                                                    {
                                                      "class": "android.widget.LinearLayout",
                                                      "bounds": [
                                                        0,
                                                        1584,
                                                        1440,
                                                        936
                                                      ],
                                                      "children": [
                                                        {
                                                          "class": "android.support.v7.widget.bu",
                                                          "bounds": [
                                                            416,
                                                            1086,
                                                            866,
                                                            249
                                                          ]
                                                        }
                                                      ]
                                                    },
                                                    {
                                                      "class": "android.widget.LinearLayout",
                                                      "bounds": [
                                                        0,
                                                        2208,
                                                        1440,
                                                        1248
                                                      ],
                                                      "children": [
                                                        {
                                                          "class": "android.support.v7.widget.bu",
                                                          "bounds": [
                                                            416,
                                                            1398,
                                                            866,
                                                            249
                                                          ]
                                                        }
                                                      ]
                                                    },
                                                    {
                                                      "class": "android.widget.LinearLayout",
                                                      "bounds": [
                                                        0,
                                                        2832,
                                                        1440,
                                                        1560
                                                      ],
                                                      "children": [
                                                        {
                                                          "class": "android.support.v7.widget.bu",
                                                          "bounds": [
                                                            416,
                                                            1710,
                                                            866,
                                                            249
                                                          ]
                                                        }
                                                      ]
                                                    },
                                                    {
                                                      "class": "android.widget.LinearLayout",
                                                      "bounds": [
                                                        0,
                                                        3456,
                                                        1440,
                                                        1872
                                                      ],
                                                      "children": [
                                                        {
                                                          "class": "android.support.v7.widget.bu",
                                                          "bounds": [
                                                            416,
                                                            2022,
                                                            866,
                                                            249
                                                          ]
                                                        }
                                                      ]
                                                    },
                                                    {
                                                      "class": "android.widget.LinearLayout",
                                                      "bounds": [
                                                        0,
                                                        4080,
                                                        1440,
                                                        2184
                                                      ],
                                                      "children": [
                                                        {
                                                          "class": "android.support.v7.widget.bu",
                                                          "bounds": [
                                                            416,
                                                            2334,
                                                            866,
                                                            249
                                                          ]
                                                        }
                                                      ]
                                                    },
                                                    {
                                                      "class": "android.widget.LinearLayout",
                                                      "bounds": [
                                                        0,
                                                        4704,
                                                        1440,
                                                        2496
                                                      ],
                                                      "children": [
                                                        {
                                                          "class": "android.support.v7.widget.bu",
                                                          "bounds": [
                                                            416,
                                                            2646,
                                                            866,
                                                            249
                                                          ]
                                                        }
                                                      ]
                                                    },
                                                    {
                                                      "class": "android.widget.LinearLayout",
                                                      "bounds": [
                                                        0,
                                                        5328,
                                                        1440,
                                                        2808
                                                      ],
                                                      "children": [
                                                        {
                                                          "class": "android.support.v7.widget.bu",
                                                          "bounds": [
                                                            416,
                                                            2958,
                                                            866,
                                                            249
                                                          ]
                                                        }
                                                      ]
                                                    },
                                                    {
                                                      "class": "android.widget.LinearLayout",
                                                      "bounds": [
                                                        0,
                                                        5952,
                                                        1440,
                                                        3120
                                                      ],
                                                      "children": [
                                                        {
                                                          "class": "android.support.v7.widget.bu",
                                                          "bounds": [
                                                            416,
                                                            3270,
                                                            866,
                                                            249
                                                          ]
                                                        }
                                                      ]
                                                    },
                                                    {
                                                      "class": "android.widget.LinearLayout",
                                                      "bounds": [
                                                        0,
                                                        6576,
                                                        1440,
                                                        3432
                                                      ],
                                                      "children": [
                                                        {
                                                          "class": "android.support.v7.widget.bu",
                                                          "bounds": [
                                                            376,
                                                            3582,
                                                            905,
                                                            249
                                                          ]
                                                        }
                                                      ]
                                                    },
                                                    {
                                                      "class": "android.widget.LinearLayout",
                                                      "bounds": [
                                                        0,
                                                        7200,
                                                        1440,
                                                        3744
                                                      ],
                                                      "children": [
                                                        {
                                                          "class": "android.support.v7.widget.bu",
                                                          "bounds": [
                                                            376,
                                                            3894,
                                                            905,
                                                            249
                                                          ]
                                                        }
                                                      ]
                                                    },
                                                    {
                                                      "class": "android.widget.LinearLayout",
                                                      "bounds": [
                                                        0,
                                                        7824,
                                                        1440,
                                                        4056
                                                      ],
                                                      "children": [
                                                        {
                                                          "class": "android.support.v7.widget.bu",
                                                          "bounds": [
                                                            376,
                                                            4206,
                                                            905,
                                                            249
                                                          ]
                                                        }
                                                      ]
                                                    }
                                                  ]
                                                }
                                              ]
                                            },
                                            {
                                              "class": "android.widget.ScrollView",
                                              "bounds": [
                                                17280,
                                                280,
                                                17280,
                                                1919
                                              ],
                                              "children": [
                                                {
                                                  "class": "android.widget.LinearLayout",
                                                  "bounds": [
                                                    1440,
                                                    392,
                                                    1440,
                                                    4532
                                                  ],
                                                  "children": [
                                                    {
                                                      "class": "android.widget.LinearLayout",
                                                      "bounds": [
                                                        1440,
                                                        336,
                                                        1440,
                                                        312
                                                      ],
                                                      "children": [
                                                        {
                                                          "class": "android.support.v7.widget.bu",
                                                          "bounds": [
                                                            2272,
                                                            462,
                                                            945,
                                                            249
                                                          ]
                                                        }
                                                      ]
                                                    },
                                                    {
                                                      "class": "android.widget.LinearLayout",
                                                      "bounds": [
                                                        1440,
                                                        960,
                                                        1440,
                                                        624
                                                      ],
                                                      "children": [
                                                        {
                                                          "class": "android.support.v7.widget.bu",
                                                          "bounds": [
                                                            2192,
                                                            774,
                                                            905,
                                                            249
                                                          ]
                                                        }
                                                      ]
                                                    },
                                                    {
                                                      "class": "android.widget.LinearLayout",
                                                      "bounds": [
                                                        1440,
                                                        1584,
                                                        1440,
                                                        936
                                                      ],
                                                      "children": [
                                                        {
                                                          "class": "android.support.v7.widget.bu",
                                                          "bounds": [
                                                            2192,
                                                            1086,
                                                            905,
                                                            249
                                                          ]
                                                        }
                                                      ]
                                                    },
                                                    {
                                                      "class": "android.widget.LinearLayout",
                                                      "bounds": [
                                                        1440,
                                                        2208,
                                                        1440,
                                                        1248
                                                      ],
                                                      "children": [
                                                        {
                                                          "class": "android.support.v7.widget.bu",
                                                          "bounds": [
                                                            2192,
                                                            1398,
                                                            905,
                                                            249
                                                          ]
                                                        }
                                                      ]
                                                    },
                                                    {
                                                      "class": "android.widget.LinearLayout",
                                                      "bounds": [
                                                        1440,
                                                        2832,
                                                        1440,
                                                        1560
                                                      ],
                                                      "children": [
                                                        {
                                                          "class": "android.support.v7.widget.bu",
                                                          "bounds": [
                                                            2192,
                                                            1710,
                                                            905,
                                                            249
                                                          ]
                                                        }
                                                      ]
                                                    },
                                                    {
                                                      "class": "android.widget.LinearLayout",
                                                      "bounds": [
                                                        1440,
                                                        3456,
                                                        1440,
                                                        1872
                                                      ],
                                                      "children": [
                                                        {
                                                          "class": "android.support.v7.widget.bu",
                                                          "bounds": [
                                                            2192,
                                                            2022,
                                                            905,
                                                            249
                                                          ]
                                                        }
                                                      ]
                                                    },
                                                    {
                                                      "class": "android.widget.LinearLayout",
                                                      "bounds": [
                                                        1440,
                                                        4080,
                                                        1440,
                                                        2184
                                                      ],
                                                      "children": [
                                                        {
                                                          "class": "android.support.v7.widget.bu",
                                                          "bounds": [
                                                            2192,
                                                            2334,
                                                            905,
                                                            249
                                                          ]
                                                        }
                                                      ]
                                                    },
                                                    {
                                                      "class": "android.widget.LinearLayout",
                                                      "bounds": [
                                                        1440,
                                                        4704,
                                                        1440,
                                                        2496
                                                      ],
                                                      "children": [
                                                        {
                                                          "class": "android.support.v7.widget.bu",
                                                          "bounds": [
                                                            2192,
                                                            2646,
                                                            905,
                                                            249
                                                          ]
                                                        }
                                                      ]
                                                    },
                                                    {
                                                      "class": "android.widget.LinearLayout",
                                                      "bounds": [
                                                        1440,
                                                        5328,
                                                        1440,
                                                        2808
                                                      ],
                                                      "children": [
                                                        {
                                                          "class": "android.support.v7.widget.bu",
                                                          "bounds": [
                                                            2192,
                                                            2958,
                                                            905,
                                                            249
                                                          ]
                                                        }
                                                      ]
                                                    },
                                                    {
                                                      "class": "android.widget.LinearLayout",
                                                      "bounds": [
                                                        1440,
                                                        5952,
                                                        1440,
                                                        3120
                                                      ],
                                                      "children": [
                                                        {
                                                          "class": "android.support.v7.widget.bu",
                                                          "bounds": [
                                                            2192,
                                                            3270,
                                                            905,
                                                            249
                                                          ]
                                                        }
                                                      ]
                                                    },
                                                    {
                                                      "class": "android.widget.LinearLayout",
                                                      "bounds": [
                                                        1440,
                                                        6576,
                                                        1440,
                                                        3432
                                                      ],
                                                      "children": [
                                                        {
                                                          "class": "android.support.v7.widget.bu",
                                                          "bounds": [
                                                            2034,
                                                            3582,
                                                            905,
                                                            249
                                                          ]
                                                        }
                                                      ]
                                                    },
                                                    {
                                                      "class": "android.widget.LinearLayout",
                                                      "bounds": [
                                                        1440,
                                                        7200,
                                                        1440,
                                                        3744
                                                      ],
                                                      "children": [
                                                        {
                                                          "class": "android.support.v7.widget.bu",
                                                          "bounds": [
                                                            2034,
                                                            3894,
                                                            905,
                                                            249
                                                          ]
                                                        }
                                                      ]
                                                    },
                                                    {
                                                      "class": "android.widget.LinearLayout",
                                                      "bounds": [
                                                        1440,
                                                        7824,
                                                        1440,
                                                        4056
                                                      ],
                                                      "children": [
                                                        {
                                                          "class": "android.support.v7.widget.bu",
                                                          "bounds": [
                                                            2034,
                                                            4206,
                                                            905,
                                                            249
                                                          ]
                                                        }
                                                      ]
                                                    }
                                                  ]
                                                }
                                              ]
                                            }
                                          ]
                                        },
                                        {
                                          "class": "android.support.design.widget.FloatingActionButton",
                                          "bounds": [
                                            2376,
                                            3614,
                                            1384,
                                            1863
                                          ]
                                        }
                                      ]
                                    }
                                  ]
                                },
                                {
                                  "class": "android.widget.RelativeLayout",
                                  "bounds": [
                                    0,
                                    4118,
                                    1440,
                                    2112
                                  ],
                                  "children": [
                                    {
                                      "class": "android.widget.LinearLayout",
                                      "bounds": [
                                        0,
                                        2217,
                                        1440,
                                        184
                                      ],
                                      "children": [
                                        {
                                          "class": "android.widget.RelativeLayout",
                                          "bounds": [
                                            0,
                                            2208,
                                            1440,
                                            175
                                          ],
                                          "children": [
                                            {
                                              "class": "com.amazon.device.ads.AdLayout",
                                              "bounds": [
                                                0,
                                                2208,
                                                1440,
                                                175
                                              ],
                                              "children": [
                                                {
                                                  "class": "com.amazon.device.ads.AdContainer",
                                                  "bounds": [
                                                    0,
                                                    2208,
                                                    1440,
                                                    175
                                                  ],
                                                  "children": [
                                                    {
                                                      "class": "android.webkit.WebView",
                                                      "bounds": [
                                                        0,
                                                        2208,
                                                        1440,
                                                        175
                                                      ]
                                                    }
                                                  ]
                                                }
                                              ]
                                            }
                                          ]
                                        }
                                      ]
                                    }
                                  ]
                                }
                              ]
                            }
                          ]
                        }
                      ]
                    }
                  ]
                }
              ]
            }
          ]
        }
      ]
    },
    {
      "class": "android.view.View",
      "bounds": [
        0,
        4784,
        1440,
        2560
      ]
    },
    {
      "class": "android.view.View",
      "bounds": [
        0,
        0,
        1440,
        84
      ]
    }
  ]
}