{
  "class": "com.android.internal.policy.PhoneWindow$DecorView",
  "bounds": [
    0,
    0,
    1440,
    2560
  ],
  "children": [
    {
      "class": "android.widget.LinearLayout",
      "bounds": [
        0,
        0,
        1440,
        2392
      ],
      "children": [
        {
          "class": "android.widget.FrameLayout",
          "bounds": [
            0,
            168,
            1440,
            2392
          ],
          "children": [
            {
              "class": "android.support.v7.widget.FitWindowsLinearLayout",
              "bounds": [
                0,
                84,
                1440,
                2308
              ],
              "children": [
                {
                  "class": "android.support.v7.widget.ContentFrameLayout",
                  "bounds": [
                    0,
                    84,
                    1440,
                    2308
                  ],
                  "children": [
                    {
                      "class": "android.support.v4.widget.DrawerLayout",
                      "bounds": [
                        0,
                        84,
                        1440,
                        2308
                      ],
                      "children": [
                        {
                          "class": "android.widget.LinearLayout",
                          "bounds": [
                            0,
                            84,
                            1440,
                            2308
                          ],
                          "children": [
                            {
                              "class": "android.support.v7.widget.Toolbar",
                              "bounds": [
                                0,
                                84,
                                1440,
                                196
                              ],
                              "children": [
                                {
                                  "class": "android.support.v7.widget.AppCompatTextView",
                                  "bounds": [
                                    504,
                                    186,
                                    726,
                                    144
                                  ]
                                },
                                {
                                  "class": "android.support.v7.widget.AppCompatImageButton",
                                  "bounds": [
                                    0,
                                    84,
                                    196,
                                    196
                                  ]
                                },
                                {
                                  "class": "android.support.v7.widget.ActionMenuView",
                                  "bounds": [
                                    2544,
                                    84,
                                    1440,
                                    196
                                  ],
                                  "children": [
                                    {
                                      "class": "android.support.v7.view.menu.ActionMenuItemView",
                                      "bounds": [
                                        1272,
                                        112,
                                        168,
                                        182
                                      ]
                                    }
                                  ]
                                }
                              ]
                            },
                            {
                              "class": "android.widget.FrameLayout",
                              "bounds": [
                                0,
                                476,
                                1440,
                                2133
                              ],
                              "children": [
                                {
                                  "class": "android.support.design.widget.CoordinatorLayout",
                                  "bounds": [
                                    0,
                                    280,
                                    1440,
                                    1937
                                  ],
                                  "children": [
                                    {
                                      "class": "android.support.v4.widget.NestedScrollView",
                                      "bounds": [
                                        0,
                                        280,
                                        1440,
                                        1937
                                      ],
                                      "children": [
                                        {
                                          "class": "android.widget.LinearLayout",
                                          "bounds": [
                                            0,
                                            280,
                                            1440,
                                            2221
                                          ],
                                          "children": [
                                            {
                                              "class": "android.widget.LinearLayout",
                                              "bounds": [
                                                0,
                                                280,
                                                1440,
                                                1120
                                              ],
                                              "children": [
                                                {
                                                  "class": "android.support.v7.widget.CardView",
                                                  "bounds": [
                                                    36,
                                                    298,
                                                    946,
                                                    1120
                                                  ],
                                                  "children": [
                                                    {
                                                      "class": "android.widget.LinearLayout",
                                                      "bounds": [
                                                        38,
                                                        293,
                                                        918,
                                                        1089
                                                      ],
                                                      "children": [
                                                        {
                                                          "class": "com.despdev.weight_loss_calculator.views.arc_progress.ArcProgress",
                                                          "bounds": [
                                                            340,
                                                            336,
                                                            751,
                                                            651
                                                          ]
                                                        },
                                                        {
                                                          "class": "android.view.View",
                                                          "bounds": [
                                                            196,
                                                            1357,
                                                            824,
                                                            669
                                                          ]
                                                        },
                                                        {
                                                          "class": "android.widget.LinearLayout",
                                                          "bounds": [
                                                            112,
                                                            1421,
                                                            866,
                                                            1034
                                                          ],
                                                          "children": [
                                                            {
                                                              "class": "android.widget.LinearLayout",
                                                              "bounds": [
                                                                70,
                                                                724,
                                                                692,
                                                                337
                                                              ],
                                                              "children": [
                                                                {
                                                                  "class": "android.support.v7.widget.AppCompatTextView",
                                                                  "bounds": [
                                                                    70,
                                                                    724,
                                                                    692,
                                                                    112
                                                                  ]
                                                                },
                                                                {
                                                                  "class": "android.support.v7.widget.AppCompatTextView",
                                                                  "bounds": [
                                                                    70,
                                                                    948,
                                                                    692,
                                                                    224
                                                                  ]
                                                                },
                                                                {
                                                                  "class": "android.support.v7.widget.AppCompatTextView",
                                                                  "bounds": [
                                                                    70,
                                                                    1172,
                                                                    692,
                                                                    337
                                                                  ]
                                                                }
                                                              ]
                                                            },
                                                            {
                                                              "class": "android.widget.LinearLayout",
                                                              "bounds": [
                                                                1454,
                                                                724,
                                                                824,
                                                                337
                                                              ],
                                                              "children": [
                                                                {
                                                                  "class": "android.support.v7.widget.AppCompatTextView",
                                                                  "bounds": [
                                                                    788,
                                                                    724,
                                                                    132,
                                                                    112
                                                                  ]
                                                                },
                                                                {
                                                                  "class": "android.support.v7.widget.AppCompatTextView",
                                                                  "bounds": [
                                                                    788,
                                                                    948,
                                                                    132,
                                                                    224
                                                                  ]
                                                                },
                                                                {
                                                                  "class": "android.support.v7.widget.AppCompatTextView",
                                                                  "bounds": [
                                                                    762,
                                                                    1172,
                                                                    132,
                                                                    337
                                                                  ]
                                                                }
                                                              ]
                                                            }
                                                          ]
                                                        }
                                                      ]
                                                    }
                                                  ]
                                                },
                                                {
                                                  "class": "android.support.v7.widget.CardView",
                                                  "bounds": [
                                                    1914,
                                                    298,
                                                    1422,
                                                    1120
                                                  ],
                                                  "children": [
                                                    {
                                                      "class": "android.widget.LinearLayout",
                                                      "bounds": [
                                                        977,
                                                        293,
                                                        455,
                                                        1089
                                                      ],
                                                      "children": [
                                                        {
                                                          "class": "android.widget.RelativeLayout",
                                                          "bounds": [
                                                            967,
                                                            280,
                                                            445,
                                                            381
                                                          ],
                                                          "children": [
                                                            {
                                                              "class": "android.support.v7.widget.AppCompatImageView",
                                                              "bounds": [
                                                                1285,
                                                                315,
                                                                285,
                                                                161
                                                              ]
                                                            },
                                                            {
                                                              "class": "android.support.v7.widget.AppCompatTextView",
                                                              "bounds": [
                                                                1325,
                                                                428,
                                                                265,
                                                                214
                                                              ]
                                                            },
                                                            {
                                                              "class": "android.support.v7.widget.AppCompatTextView",
                                                              "bounds": [
                                                                1327,
                                                                494,
                                                                264,
                                                                280
                                                              ]
                                                            },
                                                            {
                                                              "class": "android.support.v7.widget.AppCompatTextView",
                                                              "bounds": [
                                                                1219,
                                                                587,
                                                                319,
                                                                346
                                                              ]
                                                            }
                                                          ]
                                                        },
                                                        {
                                                          "class": "android.view.View",
                                                          "bounds": [
                                                            1135,
                                                            817,
                                                            361,
                                                            399
                                                          ]
                                                        },
                                                        {
                                                          "class": "android.widget.RelativeLayout",
                                                          "bounds": [
                                                            967,
                                                            853,
                                                            445,
                                                            728
                                                          ],
                                                          "children": [
                                                            {
                                                              "class": "android.support.v7.widget.AppCompatImageView",
                                                              "bounds": [
                                                                1285,
                                                                510,
                                                                285,
                                                                161
                                                              ]
                                                            },
                                                            {
                                                              "class": "android.support.v7.widget.AppCompatTextView",
                                                              "bounds": [
                                                                1221,
                                                                736,
                                                                318,
                                                                214
                                                              ]
                                                            },
                                                            {
                                                              "class": "android.support.v7.widget.AppCompatTextView",
                                                              "bounds": [
                                                                1159,
                                                                868,
                                                                348,
                                                                280
                                                              ]
                                                            },
                                                            {
                                                              "class": "android.support.v7.widget.AppCompatImageView",
                                                              "bounds": [
                                                                1537,
                                                                510,
                                                                320,
                                                                70
                                                              ]
                                                            }
                                                          ]
                                                        },
                                                        {
                                                          "class": "android.view.View",
                                                          "bounds": [
                                                            1135,
                                                            1511,
                                                            361,
                                                            746
                                                          ]
                                                        },
                                                        {
                                                          "class": "android.widget.RelativeLayout",
                                                          "bounds": [
                                                            967,
                                                            1547,
                                                            445,
                                                            1076
                                                          ],
                                                          "children": [
                                                            {
                                                              "class": "android.support.v7.widget.AppCompatImageView",
                                                              "bounds": [
                                                                1285,
                                                                857,
                                                                285,
                                                                161
                                                              ]
                                                            },
                                                            {
                                                              "class": "android.support.v7.widget.AppCompatTextView",
                                                              "bounds": [
                                                                1325,
                                                                1083,
                                                                266,
                                                                214
                                                              ]
                                                            },
                                                            {
                                                              "class": "android.support.v7.widget.AppCompatTextView",
                                                              "bounds": [
                                                                1159,
                                                                1215,
                                                                348,
                                                                280
                                                              ]
                                                            },
                                                            {
                                                              "class": "android.support.v7.widget.AppCompatImageView",
                                                              "bounds": [
                                                                1537,
                                                                857,
                                                                320,
                                                                70
                                                              ]
                                                            }
                                                          ]
                                                        }
                                                      ]
                                                    }
                                                  ]
                                                }
                                              ]
                                            },
                                            {
                                              "class": "android.support.v7.widget.CardView",
                                              "bounds": [
                                                36,
                                                2236,
                                                1422,
                                                2203
                                              ],
                                              "children": [
                                                {
                                                  "class": "android.widget.LinearLayout",
                                                  "bounds": [
                                                    38,
                                                    1142,
                                                    1394,
                                                    1070
                                                  ],
                                                  "children": [
                                                    {
                                                      "class": "android.widget.LinearLayout",
                                                      "bounds": [
                                                        112,
                                                        1213,
                                                        1300,
                                                        140
                                                      ],
                                                      "children": [
                                                        {
                                                          "class": "android.support.v7.widget.AppCompatButton",
                                                          "bounds": [
                                                            154,
                                                            1171,
                                                            323,
                                                            98
                                                          ]
                                                        },
                                                        {
                                                          "class": "android.support.v7.widget.AppCompatButton",
                                                          "bounds": [
                                                            744,
                                                            1171,
                                                            618,
                                                            98
                                                          ]
                                                        },
                                                        {
                                                          "class": "android.support.v7.widget.AppCompatButton",
                                                          "bounds": [
                                                            1334,
                                                            1171,
                                                            913,
                                                            98
                                                          ]
                                                        },
                                                        {
                                                          "class": "android.support.v7.widget.AppCompatButton",
                                                          "bounds": [
                                                            1924,
                                                            1171,
                                                            1209,
                                                            98
                                                          ]
                                                        }
                                                      ]
                                                    },
                                                    {
                                                      "class": "com.github.mikephil.charting.charts.LineChart",
                                                      "bounds": [
                                                        112,
                                                        1409,
                                                        1342,
                                                        1015
                                                      ]
                                                    }
                                                  ]
                                                },
                                                {
                                                  "class": "android.support.v7.widget.AppCompatImageView",
                                                  "bounds": [
                                                    2582,
                                                    1170,
                                                    1394,
                                                    139
                                                  ]
                                                }
                                              ]
                                            }
                                          ]
                                        }
                                      ]
                                    }
                                  ]
                                }
                              ]
                            },
                            {
                              "class": "android.widget.LinearLayout",
                              "bounds": [
                                0,
                                4350,
                                1440,
                                2308
                              ],
                              "children": [
                                {
                                  "class": "com.google.android.gms.ads.e",
                                  "bounds": [
                                    0,
                                    2217,
                                    1440,
                                    175
                                  ],
                                  "children": [
                                    {
                                      "class": "com.google.android.gms.ads.internal.bi",
                                      "bounds": [
                                        0,
                                        2217,
                                        1440,
                                        175
                                      ],
                                      "children": [
                                        {
                                          "class": "com.google.android.gms.ads.internal.webview.l",
                                          "bounds": [
                                            0,
                                            2217,
                                            1440,
                                            175
                                          ],
                                          "children": [
                                            {
                                              "class": "com.google.android.gms.ads.internal.webview.m",
                                              "bounds": [
                                                0,
                                                2217,
                                                1440,
                                                175
                                              ]
                                            }
                                          ]
                                        }
                                      ]
                                    }
                                  ]
                                },
                                {
                                  "class": "com.google.android.gms.ads.e",
                                  "bounds": [
                                    2880,
                                    2217,
                                    1440,
                                    175
                                  ],
                                  "children": [
                                    {
                                      "class": "com.google.android.gms.ads.internal.bi",
                                      "bounds": [
                                        1440,
                                        2217,
                                        0,
                                        175
                                      ],
                                      "children": [
                                        {
                                          "class": "com.google.android.gms.ads.internal.webview.l",
                                          "bounds": [
                                            1440,
                                            2217,
                                            0,
                                            175
                                          ],
                                          "children": []
                                        }
                                      ]
                                    }
                                  ]
                                },
                                {
                                  "class": "com.google.android.gms.ads.e",
                                  "bounds": [
                                    2880,
                                    2217,
                                    1440,
                                    175
                                  ],
                                  "children": [
                                    {
                                      "class": "com.google.android.gms.ads.internal.bi",
                                      "bounds": [
                                        1440,
                                        2217,
                                        0,
                                        175
                                      ],
                                      "children": [
                                        {
                                          "class": "com.google.android.gms.ads.internal.webview.l",
                                          "bounds": [
                                            1440,
                                            2217,
                                            0,
                                            0
                                          ],
                                          "children": []
                                        }
                                      ]
                                    }
                                  ]
                                }
                              ]
                            }
                          ]
                        }
                      ]
                    }
                  ]
                }
              ]
            }
          ]
        }
      ]
    },
    {
      "class": "android.view.View",
      "bounds": [
        0,
        4784,
        1440,
        2560
      ]
    },
    {
      "class": "android.view.View",
      "bounds": [
        0,
        0,
        1440,
        84
      ]
    }
  ]
}