{
  "class": "com.android.internal.policy.PhoneWindow$DecorView",
  "bounds": [
    0,
    0,
    1440,
    2560
  ],
  "children": [
    {
      "class": "android.widget.LinearLayout",
      "bounds": [
        0,
        0,
        1440,
        2392
      ],
      "children": [
        {
          "class": "android.widget.FrameLayout",
          "bounds": [
            0,
            168,
            1440,
            2392
          ],
          "children": [
            {
              "class": "android.support.v7.widget.ActionBarOverlayLayout",
              "bounds": [
                0,
                84,
                1440,
                2308
              ],
              "children": [
                {
                  "class": "android.support.v7.widget.ContentFrameLayout",
                  "bounds": [
                    0,
                    84,
                    1440,
                    2308
                  ],
                  "children": [
                    {
                      "class": "android.widget.LinearLayout",
                      "bounds": [
                        0,
                        84,
                        1440,
                        2308
                      ],
                      "children": [
                        {
                          "class": "android.widget.ImageSwitcher",
                          "bounds": [
                            0,
                            442,
                            1440,
                            272
                          ],
                          "children": [
                            {
                              "class": "android.widget.ImageView",
                              "bounds": [
                                0,
                                263,
                                1440,
                                93
                              ]
                            }
                          ]
                        },
                        {
                          "class": "android.widget.TextSwitcher",
                          "bounds": [
                            0,
                            754,
                            1440,
                            450
                          ],
                          "children": [
                            {
                              "class": "android.widget.TextView",
                              "bounds": [
                                0,
                                419,
                                1440,
                                115
                              ]
                            }
                          ]
                        },
                        {
                          "class": "android.widget.LinearLayout",
                          "bounds": [
                            128,
                            1112,
                            1376,
                            514
                          ]
                        },
                        {
                          "class": "com.mrpic.chutcha.ui.layout.CircleAnimIndicator",
                          "bounds": [
                            1224,
                            1366,
                            827,
                            684
                          ],
                          "children": [
                            {
                              "class": "android.widget.ImageView",
                              "bounds": [
                                632,
                                745,
                                33,
                                33
                              ]
                            },
                            {
                              "class": "android.widget.ImageView",
                              "bounds": [
                                718,
                                745,
                                76,
                                33
                              ]
                            },
                            {
                              "class": "android.widget.ImageView",
                              "bounds": [
                                804,
                                745,
                                119,
                                33
                              ]
                            },
                            {
                              "class": "android.widget.ImageView",
                              "bounds": [
                                890,
                                745,
                                162,
                                33
                              ]
                            },
                            {
                              "class": "android.widget.ImageView",
                              "bounds": [
                                976,
                                745,
                                205,
                                33
                              ]
                            }
                          ]
                        },
                        {
                          "class": "android.support.v4.view.ViewPager",
                          "bounds": [
                            0,
                            1578,
                            1440,
                            2142
                          ],
                          "children": [
                            {
                              "class": "android.widget.FrameLayout",
                              "bounds": [
                                0,
                                831,
                                1440,
                                1395
                              ],
                              "children": [
                                {
                                  "class": "android.support.v7.widget.AppCompatImageView",
                                  "bounds": [
                                    0,
                                    879,
                                    1440,
                                    1395
                                  ]
                                }
                              ]
                            },
                            {
                              "class": "android.widget.FrameLayout",
                              "bounds": [
                                2880,
                                831,
                                2880,
                                1395
                              ],
                              "children": [
                                {
                                  "class": "android.support.v7.widget.AppCompatImageView",
                                  "bounds": [
                                    1440,
                                    879,
                                    1440,
                                    1395
                                  ]
                                }
                              ]
                            },
                            {
                              "class": "android.widget.FrameLayout",
                              "bounds": [
                                5760,
                                831,
                                4320,
                                1395
                              ],
                              "children": [
                                {
                                  "class": "android.support.v7.widget.AppCompatImageView",
                                  "bounds": [
                                    2880,
                                    879,
                                    1440,
                                    1395
                                  ]
                                }
                              ]
                            },
                            {
                              "class": "android.widget.FrameLayout",
                              "bounds": [
                                8640,
                                831,
                                5760,
                                1395
                              ],
                              "children": [
                                {
                                  "class": "android.support.v7.widget.AppCompatImageView",
                                  "bounds": [
                                    4320,
                                    879,
                                    1440,
                                    1395
                                  ]
                                }
                              ]
                            }
                          ]
                        },
                        {
                          "class": "android.widget.LinearLayout",
                          "bounds": [
                            0,
                            4368,
                            1440,
                            2308
                          ],
                          "children": [
                            {
                              "class": "android.support.v7.widget.AppCompatButton",
                              "bounds": [
                                0,
                                2226,
                                718,
                                166
                              ]
                            },
                            {
                              "class": "android.view.View",
                              "bounds": [
                                1436,
                                2226,
                                722,
                                166
                              ]
                            },
                            {
                              "class": "android.support.v7.widget.AppCompatButton",
                              "bounds": [
                                1444,
                                2226,
                                1440,
                                166
                              ]
                            }
                          ]
                        }
                      ]
                    }
                  ]
                }
              ]
            }
          ]
        }
      ]
    },
    {
      "class": "android.view.View",
      "bounds": [
        0,
        4784,
        1440,
        2560
      ]
    },
    {
      "class": "android.view.View",
      "bounds": [
        0,
        0,
        1440,
        84
      ]
    }
  ]
}