{
  "class": "com.android.internal.policy.PhoneWindow$DecorView",
  "bounds": [
    0,
    0,
    1440,
    2560
  ],
  "children": [
    {
      "class": "android.widget.LinearLayout",
      "bounds": [
        0,
        0,
        1440,
        2392
      ],
      "children": [
        {
          "class": "android.widget.FrameLayout",
          "bounds": [
            0,
            168,
            1440,
            2392
          ],
          "children": [
            {
              "class": "android.support.v7.widget.FitWindowsFrameLayout",
              "bounds": [
                0,
                84,
                1440,
                2308
              ],
              "children": [
                {
                  "class": "android.support.v7.widget.ContentFrameLayout",
                  "bounds": [
                    0,
                    84,
                    1440,
                    2308
                  ],
                  "children": [
                    {
                      "class": "android.widget.RelativeLayout",
                      "bounds": [
                        0,
                        84,
                        1440,
                        2308
                      ],
                      "children": [
                        {
                          "class": "android.widget.FrameLayout",
                          "bounds": [
                            0,
                            92,
                            1440,
                            2308
                          ],
                          "children": [
                            {
                              "class": "android.widget.RelativeLayout",
                              "bounds": [
                                0,
                                88,
                                1440,
                                2304
                              ],
                              "children": [
                                {
                                  "class": "android.support.v7.widget.AppCompatImageView",
                                  "bounds": [
                                    0,
                                    88,
                                    1440,
                                    2304
                                  ]
                                },
                                {
                                  "class": "android.widget.LinearLayout",
                                  "bounds": [
                                    0,
                                    88,
                                    1440,
                                    1604
                                  ],
                                  "children": [
                                    {
                                      "class": "android.support.v7.widget.AppCompatImageView",
                                      "bounds": [
                                        754,
                                        438,
                                        1063,
                                        735
                                      ]
                                    }
                                  ]
                                },
                                {
                                  "class": "android.widget.LinearLayout",
                                  "bounds": [
                                    0,
                                    3296,
                                    1440,
                                    2304
                                  ],
                                  "children": [
                                    {
                                      "class": "android.widget.LinearLayout",
                                      "bounds": [
                                        0,
                                        1692,
                                        1440,
                                        393
                                      ],
                                      "children": [
                                        {
                                          "class": "android.widget.RelativeLayout",
                                          "bounds": [
                                            224,
                                            1748,
                                            1328,
                                            172
                                          ],
                                          "children": [
                                            {
                                              "class": "android.widget.LinearLayout",
                                              "bounds": [
                                                572,
                                                1720,
                                                985,
                                                144
                                              ],
                                              "children": [
                                                {
                                                  "class": "android.support.v7.widget.AppCompatImageView",
                                                  "bounds": [
                                                    342,
                                                    1756,
                                                    126,
                                                    144
                                                  ]
                                                },
                                                {
                                                  "class": "com.hoott.android.ui.widget.RobotoTextView",
                                                  "bounds": [
                                                    622,
                                                    1720,
                                                    755,
                                                    144
                                                  ]
                                                }
                                              ]
                                            }
                                          ]
                                        },
                                        {
                                          "class": "com.hoott.android.ui.widget.RobotoButton",
                                          "bounds": [
                                            224,
                                            2134,
                                            1328,
                                            365
                                          ]
                                        }
                                      ]
                                    },
                                    {
                                      "class": "android.widget.LinearLayout",
                                      "bounds": [
                                        796,
                                        2730,
                                        1042,
                                        595
                                      ],
                                      "children": [
                                        {
                                          "class": "com.hoott.android.ui.widget.RobotoTextView",
                                          "bounds": [
                                            398,
                                            2211,
                                            453,
                                            76
                                          ]
                                        },
                                        {
                                          "class": "android.support.v7.widget.AppCompatTextView",
                                          "bounds": [
                                            1304,
                                            2221,
                                            453,
                                            71
                                          ]
                                        },
                                        {
                                          "class": "com.hoott.android.ui.widget.RobotoTextView",
                                          "bounds": [
                                            1332,
                                            2211,
                                            644,
                                            76
                                          ]
                                        }
                                      ]
                                    }
                                  ]
                                }
                              ]
                            }
                          ]
                        },
                        {
                          "class": "android.widget.FrameLayout",
                          "bounds": [
                            0,
                            84,
                            1440,
                            4
                          ],
                          "children": [
                            {
                              "class": "android.widget.LinearLayout",
                              "bounds": [
                                0,
                                84,
                                1440,
                                4
                              ],
                              "children": [
                                {
                                  "class": "android.view.View",
                                  "bounds": [
                                    0,
                                    84,
                                    1440,
                                    4
                                  ]
                                }
                              ]
                            }
                          ]
                        }
                      ]
                    }
                  ]
                }
              ]
            }
          ]
        }
      ]
    },
    {
      "class": "android.view.View",
      "bounds": [
        0,
        4784,
        1440,
        2560
      ]
    },
    {
      "class": "android.view.View",
      "bounds": [
        0,
        0,
        1440,
        84
      ]
    }
  ]
}