{
  "class": "com.android.internal.policy.PhoneWindow$DecorView",
  "bounds": [
    0,
    0,
    1440,
    2392
  ],
  "children": [
    {
      "class": "android.widget.LinearLayout",
      "bounds": [
        0,
        0,
        1440,
        2392
      ],
      "children": [
        {
          "class": "android.widget.FrameLayout",
          "bounds": [
            0,
            0,
            1440,
            2392
          ],
          "children": [
            {
              "class": "com.google.android.gms.ads.internal.overlay.q",
              "bounds": [
                0,
                0,
                1440,
                2392
              ],
              "children": [
                {
                  "class": "com.google.android.gms.ads.internal.webview.n",
                  "bounds": [
                    0,
                    0,
                    1440,
                    2392
                  ],
                  "children": [
                    {
                      "class": "com.google.android.gms.ads.internal.webview.o",
                      "bounds": [
                        0,
                        0,
                        1440,
                        2392
                      ]
                    }
                  ]
                },
                {
                  "class": "com.google.android.gms.ads.internal.overlay.ai",
                  "bounds": [
                    2530,
                    0,
                    1440,
                    175
                  ],
                  "children": []
                }
              ]
            }
          ]
        }
      ]
    }
  ]
}