{
  "class": "com.android.internal.policy.PhoneWindow$DecorView",
  "bounds": [
    160,
    451,
    1120,
    1573
  ],
  "children": [
    {
      "class": "android.widget.FrameLayout",
      "bounds": [
        272,
        563,
        1064,
        1517
      ],
      "children": [
        {
          "class": "android.widget.FrameLayout",
          "bounds": [
            216,
            507,
            1008,
            1461
          ],
          "children": [
            {
              "class": "android.widget.ScrollView",
              "bounds": [
                216,
                507,
                1008,
                1461
              ],
              "children": [
                {
                  "class": "android.widget.FrameLayout",
                  "bounds": [
                    216,
                    507,
                    1008,
                    1461
                  ],
                  "children": [
                    {
                      "class": "android.widget.RelativeLayout",
                      "bounds": [
                        216,
                        507,
                        1008,
                        1461
                      ],
                      "children": [
                        {
                          "class": "android.support.v7.widget.AppCompatTextView",
                          "bounds": [
                            522,
                            577,
                            854,
                            138
                          ]
                        },
                        {
                          "class": "android.view.View",
                          "bounds": [
                            286,
                            853,
                            973,
                            174
                          ]
                        },
                        {
                          "class": "android.support.v7.widget.AppCompatTextView",
                          "bounds": [
                            286,
                            925,
                            973,
                            332
                          ]
                        },
                        {
                          "class": "android.support.v7.widget.AppCompatEditText",
                          "bounds": [
                            286,
                            1241,
                            973,
                            525
                          ]
                        },
                        {
                          "class": "android.support.v7.widget.AppCompatEditText",
                          "bounds": [
                            286,
                            1663,
                            973,
                            736
                          ]
                        },
                        {
                          "class": "android.support.v7.widget.AppCompatEditText",
                          "bounds": [
                            286,
                            2049,
                            973,
                            929
                          ]
                        },
                        {
                          "class": "android.support.v7.widget.AppCompatTextView",
                          "bounds": [
                            1408,
                            2435,
                            973,
                            1030
                          ]
                        },
                        {
                          "class": "android.support.v7.widget.AppCompatCheckBox",
                          "bounds": [
                            286,
                            2637,
                            973,
                            1188
                          ]
                        },
                        {
                          "class": "android.widget.LinearLayout",
                          "bounds": [
                            286,
                            3023,
                            973,
                            1426
                          ],
                          "children": [
                            {
                              "class": "android.support.v7.widget.AppCompatButton",
                              "bounds": [
                                251,
                                1765,
                                451,
                                168
                              ]
                            },
                            {
                              "class": "android.support.v7.widget.AppCompatButton",
                              "bounds": [
                                1225,
                                1765,
                                938,
                                168
                              ]
                            }
                          ]
                        }
                      ]
                    }
                  ]
                }
              ]
            }
          ]
        }
      ]
    }
  ]
}