{
  "class": "com.android.internal.policy.PhoneWindow$DecorView",
  "bounds": [
    0,
    84,
    1440,
    2308
  ],
  "children": [
    {
      "class": "android.widget.LinearLayout",
      "bounds": [
        0,
        84,
        1440,
        2308
      ],
      "children": [
        {
          "class": "android.widget.FrameLayout",
          "bounds": [
            0,
            84,
            1440,
            2308
          ],
          "children": [
            {
              "class": "com.android.internal.widget.ResolverDrawerLayout",
              "bounds": [
                0,
                84,
                1440,
                2308
              ],
              "children": [
                {
                  "class": "android.widget.LinearLayout",
                  "bounds": [
                    0,
                    3012,
                    1440,
                    1916
                  ],
                  "children": [
                    {
                      "class": "android.widget.LinearLayout",
                      "bounds": [
                        0,
                        1548,
                        1440,
                        224
                      ],
                      "children": [
                        {
                          "class": "android.widget.ImageView",
                          "bounds": [
                            112,
                            1688,
                            140,
                            154
                          ]
                        },
                        {
                          "class": "android.widget.TextView",
                          "bounds": [
                            504,
                            1548,
                            1440,
                            224
                          ]
                        }
                      ]
                    },
                    {
                      "class": "android.widget.LinearLayout",
                      "bounds": [
                        0,
                        1996,
                        1440,
                        448
                      ],
                      "children": [
                        {
                          "class": "android.widget.Button",
                          "bounds": [
                            1562,
                            1828,
                            1125,
                            196
                          ]
                        },
                        {
                          "class": "android.widget.Button",
                          "bounds": [
                            2250,
                            1828,
                            1398,
                            196
                          ]
                        }
                      ]
                    },
                    {
                      "class": "android.view.View",
                      "bounds": [
                        0,
                        2444,
                        1440,
                        452
                      ]
                    }
                  ]
                },
                {
                  "class": "android.widget.ListView",
                  "bounds": [
                    0,
                    3916,
                    1440,
                    2308
                  ],
                  "children": [
                    {
                      "class": "android.widget.TextView",
                      "bounds": [
                        0,
                        2000,
                        1440,
                        196
                      ]
                    },
                    {
                      "class": "android.widget.LinearLayout",
                      "bounds": [
                        0,
                        2392,
                        1440,
                        392
                      ],
                      "children": [
                        {
                          "class": "android.widget.ImageView",
                          "bounds": [
                            168,
                            2308,
                            168,
                            140
                          ]
                        },
                        {
                          "class": "android.widget.LinearLayout",
                          "bounds": [
                            336,
                            2306,
                            563,
                            140
                          ],
                          "children": [
                            {
                              "class": "android.widget.TextView",
                              "bounds": [
                                336,
                                2251,
                                311,
                                85
                              ]
                            }
                          ]
                        }
                      ]
                    }
                  ]
                }
              ]
            }
          ]
        }
      ]
    }
  ]
}