{
  "class": "com.android.internal.policy.PhoneWindow$DecorView",
  "bounds": [
    0,
    0,
    1440,
    2560
  ],
  "children": [
    {
      "class": "android.widget.LinearLayout",
      "bounds": [
        0,
        0,
        1440,
        2392
      ],
      "children": [
        {
          "class": "android.widget.FrameLayout",
          "bounds": [
            0,
            168,
            1440,
            2392
          ],
          "children": [
            {
              "class": "android.support.v7.widget.FitWindowsLinearLayout",
              "bounds": [
                0,
                84,
                1440,
                2308
              ],
              "children": [
                {
                  "class": "android.support.v7.widget.ContentFrameLayout",
                  "bounds": [
                    0,
                    84,
                    1440,
                    2308
                  ],
                  "children": [
                    {
                      "class": "android.support.design.widget.CoordinatorLayout",
                      "bounds": [
                        0,
                        84,
                        1440,
                        2308
                      ],
                      "children": [
                        {
                          "class": "android.widget.RelativeLayout",
                          "bounds": [
                            0,
                            84,
                            1440,
                            2308
                          ],
                          "children": [
                            {
                              "class": "android.support.design.widget.AppBarLayout",
                              "bounds": [
                                0,
                                84,
                                1440,
                                196
                              ],
                              "children": [
                                {
                                  "class": "android.support.v7.widget.Toolbar",
                                  "bounds": [
                                    0,
                                    84,
                                    1440,
                                    196
                                  ],
                                  "children": [
                                    {
                                      "class": "android.support.v7.widget.AppCompatTextView",
                                      "bounds": [
                                        504,
                                        186,
                                        528,
                                        144
                                      ]
                                    },
                                    {
                                      "class": "android.support.v7.widget.AppCompatImageButton",
                                      "bounds": [
                                        0,
                                        84,
                                        196,
                                        196
                                      ]
                                    },
                                    {
                                      "class": "android.support.v7.widget.ActionMenuView",
                                      "bounds": [
                                        2600,
                                        84,
                                        1440,
                                        196
                                      ],
                                      "children": [
                                        {
                                          "class": "android.support.v7.widget.ActionMenuPresenter$OverflowMenuButton",
                                          "bounds": [
                                            1300,
                                            112,
                                            140,
                                            182
                                          ]
                                        }
                                      ]
                                    }
                                  ]
                                }
                              ]
                            },
                            {
                              "class": "android.support.v7.widget.RecyclerView",
                              "bounds": [
                                0,
                                476,
                                1440,
                                2308
                              ],
                              "children": [
                                {
                                  "class": "android.widget.RelativeLayout",
                                  "bounds": [
                                    0,
                                    280,
                                    1440,
                                    228
                                  ],
                                  "children": [
                                    {
                                      "class": "android.widget.RelativeLayout",
                                      "bounds": [
                                        0,
                                        280,
                                        1440,
                                        228
                                      ],
                                      "children": [
                                        {
                                          "class": "android.support.v7.widget.AppCompatImageView",
                                          "bounds": [
                                            126,
                                            350,
                                            221,
                                            193
                                          ]
                                        },
                                        {
                                          "class": "android.widget.LinearLayout",
                                          "bounds": [
                                            442,
                                            358,
                                            1257,
                                            188
                                          ],
                                          "children": [
                                            {
                                              "class": "android.support.v7.widget.AppCompatTextView",
                                              "bounds": [
                                                305,
                                                319,
                                                1036,
                                                76
                                              ]
                                            },
                                            {
                                              "class": "android.support.v7.widget.AppCompatTextView",
                                              "bounds": [
                                                305,
                                                471,
                                                1036,
                                                149
                                              ]
                                            }
                                          ]
                                        },
                                        {
                                          "class": "android.support.v7.widget.AppCompatImageView",
                                          "bounds": [
                                            2584,
                                            388,
                                            1412,
                                            174
                                          ]
                                        }
                                      ]
                                    }
                                  ]
                                }
                              ]
                            },
                            {
                              "class": "com.fotoable.secondmusic.customview.FastScroller",
                              "bounds": [
                                2116,
                                476,
                                1440,
                                2308
                              ],
                              "children": [
                                {
                                  "class": "android.support.v7.widget.AppCompatImageView",
                                  "bounds": [
                                    1730,
                                    280,
                                    354,
                                    119
                                  ]
                                }
                              ]
                            }
                          ]
                        }
                      ]
                    }
                  ]
                }
              ]
            }
          ]
        }
      ]
    },
    {
      "class": "android.view.View",
      "bounds": [
        0,
        4784,
        1440,
        2560
      ]
    },
    {
      "class": "android.view.View",
      "bounds": [
        0,
        0,
        1440,
        84
      ]
    }
  ]
}