{
  "class": "com.android.internal.policy.PhoneWindow$DecorView",
  "bounds": [
    0,
    0,
    1440,
    2560
  ],
  "children": [
    {
      "class": "android.widget.LinearLayout",
      "bounds": [
        0,
        0,
        1440,
        2392
      ],
      "children": [
        {
          "class": "android.widget.FrameLayout",
          "bounds": [
            0,
            168,
            1440,
            2392
          ],
          "children": [
            {
              "class": "android.support.v7.widget.FitWindowsLinearLayout",
              "bounds": [
                0,
                84,
                1440,
                2308
              ],
              "children": [
                {
                  "class": "android.support.v7.widget.ContentFrameLayout",
                  "bounds": [
                    0,
                    84,
                    1440,
                    2308
                  ],
                  "children": [
                    {
                      "class": "android.support.v4.widget.DrawerLayout",
                      "bounds": [
                        0,
                        84,
                        1440,
                        2308
                      ],
                      "children": [
                        {
                          "class": "android.widget.LinearLayout",
                          "bounds": [
                            0,
                            84,
                            1440,
                            2308
                          ],
                          "children": [
                            {
                              "class": "android.support.v7.widget.Toolbar",
                              "bounds": [
                                0,
                                84,
                                1440,
                                196
                              ],
                              "children": [
                                {
                                  "class": "android.widget.RelativeLayout",
                                  "bounds": [
                                    504,
                                    214,
                                    1440,
                                    131
                                  ],
                                  "children": [
                                    {
                                      "class": "android.support.v7.widget.AppCompatTextView",
                                      "bounds": [
                                        1194,
                                        149,
                                        716,
                                        66
                                      ]
                                    }
                                  ]
                                },
                                {
                                  "class": "android.support.v7.widget.AppCompatImageButton",
                                  "bounds": [
                                    0,
                                    84,
                                    196,
                                    196
                                  ]
                                },
                                {
                                  "class": "android.support.v7.widget.ActionMenuView",
                                  "bounds": [
                                    2880,
                                    84,
                                    1440,
                                    196
                                  ]
                                }
                              ]
                            },
                            {
                              "class": "android.support.design.widget.CoordinatorLayout",
                              "bounds": [
                                0,
                                476,
                                1440,
                                2308
                              ],
                              "children": [
                                {
                                  "class": "android.widget.FrameLayout",
                                  "bounds": [
                                    0,
                                    280,
                                    1440,
                                    2112
                                  ],
                                  "children": [
                                    {
                                      "class": "android.widget.FrameLayout",
                                      "bounds": [
                                        0,
                                        280,
                                        1440,
                                        2112
                                      ],
                                      "children": [
                                        {
                                          "class": "android.widget.RelativeLayout",
                                          "bounds": [
                                            0,
                                            280,
                                            1440,
                                            2112
                                          ],
                                          "children": [
                                            {
                                              "class": "android.webkit.WebView",
                                              "bounds": [
                                                0,
                                                280,
                                                1440,
                                                2112
                                              ]
                                            }
                                          ]
                                        }
                                      ]
                                    }
                                  ]
                                }
                              ]
                            }
                          ]
                        }
                      ]
                    }
                  ]
                }
              ]
            }
          ]
        }
      ]
    },
    {
      "class": "android.view.View",
      "bounds": [
        0,
        4784,
        1440,
        2560
      ]
    },
    {
      "class": "android.view.View",
      "bounds": [
        0,
        0,
        1440,
        84
      ]
    }
  ]
}