{
  "class": "com.android.internal.policy.PhoneWindow$DecorView",
  "bounds": [
    0,
    0,
    1440,
    2392
  ],
  "children": [
    {
      "class": "android.widget.FrameLayout",
      "bounds": [
        0,
        0,
        1440,
        2392
      ],
      "children": [
        {
          "class": "android.widget.FrameLayout",
          "bounds": [
            0,
            168,
            1440,
            2392
          ],
          "children": [
            {
              "class": "android.widget.FrameLayout",
              "bounds": [
                0,
                84,
                1440,
                2308
              ],
              "children": [
                {
                  "class": "com.google.android.exoplayer.VideoSurfaceView",
                  "bounds": [
                    0,
                    1594,
                    1440,
                    1553
                  ]
                }
              ]
            }
          ]
        }
      ]
    }
  ]
}