{
  "class": "com.android.internal.policy.PhoneWindow$DecorView",
  "bounds": [
    0,
    0,
    1440,
    2560
  ],
  "children": [
    {
      "class": "android.widget.LinearLayout",
      "bounds": [
        0,
        0,
        1440,
        2392
      ],
      "children": [
        {
          "class": "android.widget.FrameLayout",
          "bounds": [
            0,
            168,
            1440,
            2392
          ],
          "children": [
            {
              "class": "android.support.v7.widget.FitWindowsLinearLayout",
              "bounds": [
                0,
                84,
                1440,
                2308
              ],
              "children": [
                {
                  "class": "android.support.v7.widget.ContentFrameLayout",
                  "bounds": [
                    0,
                    84,
                    1440,
                    2308
                  ],
                  "children": [
                    {
                      "class": "android.widget.RelativeLayout",
                      "bounds": [
                        0,
                        84,
                        1440,
                        2308
                      ],
                      "children": [
                        {
                          "class": "android.widget.FrameLayout",
                          "bounds": [
                            0,
                            84,
                            1440,
                            2308
                          ],
                          "children": [
                            {
                              "class": "com.wsi.android.framework.app.ui.PhoneApplicationRootViewScroll",
                              "bounds": [
                                0,
                                84,
                                1440,
                                2308
                              ],
                              "children": [
                                {
                                  "class": "android.widget.RelativeLayout",
                                  "bounds": [
                                    0,
                                    84,
                                    1440,
                                    2308
                                  ],
                                  "children": [
                                    {
                                      "class": "android.widget.FrameLayout",
                                      "bounds": [
                                        0,
                                        84,
                                        1440,
                                        2308
                                      ],
                                      "children": [
                                        {
                                          "class": "android.support.v7.widget.AppCompatImageView",
                                          "bounds": [
                                            0,
                                            84,
                                            1440,
                                            2308
                                          ]
                                        }
                                      ]
                                    },
                                    {
                                      "class": "android.support.v4.widget.DrawerLayout",
                                      "bounds": [
                                        0,
                                        84,
                                        1440,
                                        2308
                                      ],
                                      "children": [
                                        {
                                          "class": "android.widget.RelativeLayout",
                                          "bounds": [
                                            0,
                                            84,
                                            1440,
                                            2308
                                          ],
                                          "children": [
                                            {
                                              "class": "android.widget.LinearLayout",
                                              "bounds": [
                                                0,
                                                84,
                                                1440,
                                                301
                                              ],
                                              "children": [
                                                {
                                                  "class": "android.widget.RelativeLayout",
                                                  "bounds": [
                                                    0,
                                                    84,
                                                    1440,
                                                    301
                                                  ],
                                                  "children": [
                                                    {
                                                      "class": "android.widget.RelativeLayout",
                                                      "bounds": [
                                                        0,
                                                        84,
                                                        1440,
                                                        301
                                                      ],
                                                      "children": [
                                                        {
                                                          "class": "com.wsi.android.framework.app.ui.widget.MenuButton",
                                                          "bounds": [
                                                            112,
                                                            218,
                                                            197,
                                                            233
                                                          ],
                                                          "children": [
                                                            {
                                                              "class": "android.support.v7.widget.AppCompatImageView",
                                                              "bounds": [
                                                                56,
                                                                229,
                                                                123,
                                                                127
                                                              ]
                                                            }
                                                          ]
                                                        },
                                                        {
                                                          "class": "android.support.v7.widget.AppCompatImageView",
                                                          "bounds": [
                                                            2530,
                                                            300,
                                                            1349,
                                                            192
                                                          ]
                                                        },
                                                        {
                                                          "class": "android.support.v7.widget.AppCompatImageView",
                                                          "bounds": [
                                                            506,
                                                            196,
                                                            1186,
                                                            179
                                                          ]
                                                        },
                                                        {
                                                          "class": "android.support.v7.widget.AppCompatTextView",
                                                          "bounds": [
                                                            336,
                                                            442,
                                                            1272,
                                                            245
                                                          ]
                                                        }
                                                      ]
                                                    },
                                                    {
                                                      "class": "android.widget.LinearLayout",
                                                      "bounds": [
                                                        0,
                                                        84,
                                                        1440,
                                                        301
                                                      ],
                                                      "children": [
                                                        {
                                                          "class": "android.view.View",
                                                          "bounds": [
                                                            0,
                                                            84,
                                                            350,
                                                            301
                                                          ]
                                                        },
                                                        {
                                                          "class": "android.view.View",
                                                          "bounds": [
                                                            700,
                                                            84,
                                                            1090,
                                                            301
                                                          ]
                                                        },
                                                        {
                                                          "class": "android.view.View",
                                                          "bounds": [
                                                            2180,
                                                            84,
                                                            1440,
                                                            301
                                                          ]
                                                        }
                                                      ]
                                                    }
                                                  ]
                                                }
                                              ]
                                            },
                                            {
                                              "class": "android.widget.LinearLayout",
                                              "bounds": [
                                                0,
                                                4346,
                                                1440,
                                                2308
                                              ],
                                              "children": [
                                                {
                                                  "class": "android.support.v7.widget.AppCompatImageView",
                                                  "bounds": [
                                                    0,
                                                    2215,
                                                    1440,
                                                    2
                                                  ]
                                                },
                                                {
                                                  "class": "android.widget.FrameLayout",
                                                  "bounds": [
                                                    0,
                                                    2219,
                                                    1440,
                                                    177
                                                  ]
                                                }
                                              ]
                                            },
                                            {
                                              "class": "android.widget.FrameLayout",
                                              "bounds": [
                                                0,
                                                686,
                                                1440,
                                                2131
                                              ],
                                              "children": [
                                                {
                                                  "class": "android.widget.RelativeLayout",
                                                  "bounds": [
                                                    0,
                                                    385,
                                                    1440,
                                                    1830
                                                  ],
                                                  "children": [
                                                    {
                                                      "class": "android.widget.FrameLayout",
                                                      "bounds": [
                                                        0,
                                                        385,
                                                        1440,
                                                        1830
                                                      ]
                                                    }
                                                  ]
                                                }
                                              ]
                                            }
                                          ]
                                        }
                                      ]
                                    },
                                    {
                                      "class": "android.widget.LinearLayout",
                                      "bounds": [
                                        0,
                                        84,
                                        1440,
                                        2308
                                      ],
                                      "children": [
                                        {
                                          "class": "android.widget.RelativeLayout",
                                          "bounds": [
                                            0,
                                            84,
                                            1440,
                                            280
                                          ],
                                          "children": [
                                            {
                                              "class": "android.support.v7.widget.AppCompatTextView",
                                              "bounds": [
                                                730,
                                                154,
                                                1075,
                                                118
                                              ]
                                            },
                                            {
                                              "class": "android.support.v7.widget.AppCompatTextView",
                                              "bounds": [
                                                926,
                                                320,
                                                976,
                                                193
                                              ]
                                            }
                                          ]
                                        },
                                        {
                                          "class": "android.view.View",
                                          "bounds": [
                                            0,
                                            644,
                                            1440,
                                            284
                                          ]
                                        },
                                        {
                                          "class": "android.widget.ScrollView",
                                          "bounds": [
                                            0,
                                            652,
                                            1440,
                                            2112
                                          ],
                                          "children": [
                                            {
                                              "class": "android.widget.LinearLayout",
                                              "bounds": [
                                                0,
                                                368,
                                                1440,
                                                1284
                                              ],
                                              "children": [
                                                {
                                                  "class": "android.support.v7.widget.SwitchCompat",
                                                  "bounds": [
                                                    0,
                                                    368,
                                                    1440,
                                                    150
                                                  ]
                                                },
                                                {
                                                  "class": "android.support.v7.widget.SwitchCompat",
                                                  "bounds": [
                                                    0,
                                                    668,
                                                    1440,
                                                    300
                                                  ]
                                                },
                                                {
                                                  "class": "android.support.v7.widget.SwitchCompat",
                                                  "bounds": [
                                                    0,
                                                    968,
                                                    1440,
                                                    450
                                                  ]
                                                },
                                                {
                                                  "class": "android.widget.LinearLayout",
                                                  "bounds": [
                                                    0,
                                                    1268,
                                                    1440,
                                                    1284
                                                  ],
                                                  "children": [
                                                    {
                                                      "class": "android.view.View",
                                                      "bounds": [
                                                        0,
                                                        818,
                                                        1440,
                                                        4
                                                      ]
                                                    },
                                                    {
                                                      "class": "android.support.v7.widget.AppCompatTextView",
                                                      "bounds": [
                                                        0,
                                                        826,
                                                        1440,
                                                        132
                                                      ]
                                                    },
                                                    {
                                                      "class": "android.support.v7.widget.AppCompatTextView",
                                                      "bounds": [
                                                        0,
                                                        1118,
                                                        1440,
                                                        378
                                                      ]
                                                    },
                                                    {
                                                      "class": "android.support.v7.widget.AppCompatTextView",
                                                      "bounds": [
                                                        0,
                                                        1574,
                                                        1440,
                                                        606
                                                      ]
                                                    },
                                                    {
                                                      "class": "android.support.v7.widget.AppCompatTextView",
                                                      "bounds": [
                                                        0,
                                                        2030,
                                                        1440,
                                                        834
                                                      ]
                                                    }
                                                  ]
                                                }
                                              ]
                                            }
                                          ]
                                        },
                                        {
                                          "class": "android.widget.LinearLayout",
                                          "bounds": [
                                            0,
                                            4308,
                                            1440,
                                            2308
                                          ],
                                          "children": [
                                            {
                                              "class": "android.view.View",
                                              "bounds": [
                                                0,
                                                2196,
                                                1440,
                                                2
                                              ]
                                            },
                                            {
                                              "class": "android.support.v7.widget.AppCompatButton",
                                              "bounds": [
                                                0,
                                                2200,
                                                1440,
                                                196
                                              ]
                                            }
                                          ]
                                        }
                                      ]
                                    }
                                  ]
                                }
                              ]
                            }
                          ]
                        }
                      ]
                    }
                  ]
                }
              ]
            }
          ]
        }
      ]
    },
    {
      "class": "android.view.View",
      "bounds": [
        0,
        4784,
        1440,
        2560
      ]
    },
    {
      "class": "android.view.View",
      "bounds": [
        0,
        0,
        1440,
        84
      ]
    }
  ]
}