{
  "class": "com.android.internal.policy.PhoneWindow$DecorView",
  "bounds": [
    0,
    0,
    1440,
    2560
  ],
  "children": [
    {
      "class": "android.widget.LinearLayout",
      "bounds": [
        0,
        0,
        1440,
        2392
      ],
      "children": [
        {
          "class": "android.widget.FrameLayout",
          "bounds": [
            0,
            168,
            1440,
            2392
          ],
          "children": [
            {
              "class": "android.support.v7.widget.ActionBarOverlayLayout",
              "bounds": [
                0,
                84,
                1440,
                2308
              ],
              "children": [
                {
                  "class": "android.support.v7.widget.ContentFrameLayout",
                  "bounds": [
                    0,
                    84,
                    1440,
                    2308
                  ],
                  "children": [
                    {
                      "class": "android.widget.RelativeLayout",
                      "bounds": [
                        0,
                        84,
                        1440,
                        2308
                      ],
                      "children": [
                        {
                          "class": "android.support.v7.widget.AppCompatImageView",
                          "bounds": [
                            0,
                            84,
                            1440,
                            2308
                          ]
                        },
                        {
                          "class": "android.view.View",
                          "bounds": [
                            0,
                            84,
                            1440,
                            2308
                          ]
                        },
                        {
                          "class": "android.widget.FrameLayout",
                          "bounds": [
                            0,
                            84,
                            1440,
                            2308
                          ],
                          "children": [
                            {
                              "class": "android.widget.LinearLayout",
                              "bounds": [
                                0,
                                84,
                                1440,
                                2308
                              ],
                              "children": [
                                {
                                  "class": "android.widget.LinearLayout",
                                  "bounds": [
                                    0,
                                    84,
                                    1440,
                                    2308
                                  ],
                                  "children": [
                                    {
                                      "class": "android.support.v7.widget.AppCompatButton",
                                      "bounds": [
                                        112,
                                        2032,
                                        1384,
                                        1157
                                      ]
                                    },
                                    {
                                      "class": "android.support.v7.widget.AppCompatButton",
                                      "bounds": [
                                        112,
                                        2454,
                                        1384,
                                        1368
                                      ]
                                    }
                                  ]
                                }
                              ]
                            }
                          ]
                        }
                      ]
                    }
                  ]
                },
                {
                  "class": "android.support.v7.widget.ActionBarContainer",
                  "bounds": [
                    0,
                    84,
                    1440,
                    196
                  ],
                  "children": [
                    {
                      "class": "android.support.v7.widget.Toolbar",
                      "bounds": [
                        0,
                        84,
                        1440,
                        196
                      ],
                      "children": [
                        {
                          "class": "android.widget.TextView",
                          "bounds": [
                            112,
                            186,
                            56,
                            144
                          ]
                        },
                        {
                          "class": "android.widget.LinearLayout",
                          "bounds": [
                            112,
                            84,
                            1384,
                            196
                          ],
                          "children": [
                            {
                              "class": "android.support.v7.widget.AppCompatImageView",
                              "bounds": [
                                56,
                                154,
                                309,
                                133
                              ]
                            }
                          ]
                        },
                        {
                          "class": "android.support.v7.widget.ActionMenuView",
                          "bounds": [
                            2880,
                            84,
                            1440,
                            196
                          ]
                        }
                      ]
                    }
                  ]
                }
              ]
            }
          ]
        }
      ]
    },
    {
      "class": "android.view.View",
      "bounds": [
        0,
        4784,
        1440,
        2560
      ]
    },
    {
      "class": "android.view.View",
      "bounds": [
        0,
        0,
        1440,
        84
      ]
    }
  ]
}