{
  "class": "android.widget.PopupWindow$PopupDecorView",
  "bounds": [
    574,
    154,
    866,
    1414
  ],
  "children": [
    {
      "class": "android.widget.PopupWindow$PopupBackgroundView",
      "bounds": [
        574,
        154,
        866,
        1414
      ],
      "children": [
        {
          "class": "android.widget.ListPopupWindow$DropDownListView",
          "bounds": [
            630,
            210,
            838,
            1386
          ],
          "children": [
            {
              "class": "com.android.internal.view.menu.ListMenuItemView",
              "bounds": [
                602,
                182,
                810,
                168
              ],
              "children": [
                {
                  "class": "android.widget.RelativeLayout",
                  "bounds": [
                    714,
                    264,
                    754,
                    126
                  ],
                  "children": [
                    {
                      "class": "android.widget.TextView",
                      "bounds": [
                        658,
                        223,
                        698,
                        85
                      ]
                    }
                  ]
                }
              ]
            },
            {
              "class": "com.android.internal.view.menu.ListMenuItemView",
              "bounds": [
                602,
                522,
                810,
                338
              ],
              "children": [
                {
                  "class": "android.widget.RelativeLayout",
                  "bounds": [
                    714,
                    434,
                    754,
                    126
                  ],
                  "children": [
                    {
                      "class": "android.widget.TextView",
                      "bounds": [
                        658,
                        393,
                        698,
                        85
                      ]
                    }
                  ]
                }
              ]
            },
            {
              "class": "com.android.internal.view.menu.ListMenuItemView",
              "bounds": [
                602,
                862,
                810,
                508
              ],
              "children": [
                {
                  "class": "android.widget.RelativeLayout",
                  "bounds": [
                    714,
                    604,
                    754,
                    126
                  ],
                  "children": [
                    {
                      "class": "android.widget.TextView",
                      "bounds": [
                        658,
                        563,
                        698,
                        85
                      ]
                    }
                  ]
                }
              ]
            },
            {
              "class": "com.android.internal.view.menu.ListMenuItemView",
              "bounds": [
                602,
                1202,
                810,
                678
              ],
              "children": [
                {
                  "class": "android.widget.RelativeLayout",
                  "bounds": [
                    714,
                    774,
                    754,
                    126
                  ],
                  "children": [
                    {
                      "class": "android.widget.TextView",
                      "bounds": [
                        658,
                        733,
                        698,
                        85
                      ]
                    }
                  ]
                }
              ]
            },
            {
              "class": "com.android.internal.view.menu.ListMenuItemView",
              "bounds": [
                602,
                1542,
                810,
                848
              ],
              "children": [
                {
                  "class": "android.widget.RelativeLayout",
                  "bounds": [
                    714,
                    944,
                    754,
                    126
                  ],
                  "children": [
                    {
                      "class": "android.widget.TextView",
                      "bounds": [
                        658,
                        903,
                        698,
                        85
                      ]
                    }
                  ]
                }
              ]
            },
            {
              "class": "com.android.internal.view.menu.ListMenuItemView",
              "bounds": [
                602,
                1882,
                810,
                1018
              ],
              "children": [
                {
                  "class": "android.widget.RelativeLayout",
                  "bounds": [
                    714,
                    1114,
                    754,
                    126
                  ],
                  "children": [
                    {
                      "class": "android.widget.TextView",
                      "bounds": [
                        658,
                        1073,
                        698,
                        85
                      ]
                    }
                  ]
                }
              ]
            },
            {
              "class": "com.android.internal.view.menu.ListMenuItemView",
              "bounds": [
                602,
                2222,
                810,
                1188
              ],
              "children": [
                {
                  "class": "android.widget.RelativeLayout",
                  "bounds": [
                    714,
                    1284,
                    642,
                    126
                  ],
                  "children": [
                    {
                      "class": "android.widget.TextView",
                      "bounds": [
                        658,
                        1243,
                        586,
                        85
                      ]
                    }
                  ]
                },
                {
                  "class": "android.widget.CheckBox",
                  "bounds": [
                    1886,
                    1258,
                    754,
                    140
                  ]
                }
              ]
            },
            {
              "class": "com.android.internal.view.menu.ListMenuItemView",
              "bounds": [
                602,
                2562,
                810,
                1358
              ],
              "children": [
                {
                  "class": "android.widget.RelativeLayout",
                  "bounds": [
                    714,
                    1454,
                    754,
                    126
                  ],
                  "children": [
                    {
                      "class": "android.widget.TextView",
                      "bounds": [
                        658,
                        1413,
                        698,
                        85
                      ]
                    }
                  ]
                }
              ]
            }
          ]
        }
      ]
    }
  ]
}