{
  "class": "com.android.internal.policy.PhoneWindow$DecorView",
  "bounds": [
    0,
    0,
    1440,
    2560
  ],
  "children": [
    {
      "class": "android.widget.LinearLayout",
      "bounds": [
        0,
        0,
        1440,
        2392
      ],
      "children": [
        {
          "class": "android.widget.FrameLayout",
          "bounds": [
            0,
            168,
            1440,
            2392
          ],
          "children": [
            {
              "class": "android.support.v7.widget.ActionBarOverlayLayout",
              "bounds": [
                0,
                84,
                1440,
                2308
              ],
              "children": [
                {
                  "class": "android.support.v7.widget.ContentFrameLayout",
                  "bounds": [
                    0,
                    476,
                    1440,
                    2308
                  ],
                  "children": [
                    {
                      "class": "android.widget.FrameLayout",
                      "bounds": [
                        0,
                        280,
                        1440,
                        2112
                      ],
                      "children": [
                        {
                          "class": "android.support.v4.view.ViewPager",
                          "bounds": [
                            0,
                            280,
                            1440,
                            2112
                          ],
                          "children": [
                            {
                              "class": "com.gannett.android.news.ui.view.natives.NativeNewsContainer",
                              "bounds": [
                                0,
                                280,
                                1440,
                                2112
                              ],
                              "children": [
                                {
                                  "class": "android.widget.FrameLayout",
                                  "bounds": [
                                    0,
                                    280,
                                    1440,
                                    2112
                                  ],
                                  "children": [
                                    {
                                      "class": "android.support.v7.widget.RecyclerView",
                                      "bounds": [
                                        0,
                                        280,
                                        1440,
                                        2112
                                      ],
                                      "children": [
                                        {
                                          "class": "android.widget.RelativeLayout",
                                          "bounds": [
                                            0,
                                            -337,
                                            1440,
                                            -85
                                          ],
                                          "children": [
                                            {
                                              "class": "com.gannett.android.common.ui.view.CustomFontTextView",
                                              "bounds": [
                                                168,
                                                322,
                                                1352,
                                                371
                                              ]
                                            },
                                            {
                                              "class": "com.gannett.android.common.ui.view.CustomFontTextView",
                                              "bounds": [
                                                168,
                                                651,
                                                1352,
                                                455
                                              ]
                                            },
                                            {
                                              "class": "com.gannett.android.common.ui.view.CustomFontTextView",
                                              "bounds": [
                                                168,
                                                735,
                                                1352,
                                                532
                                              ]
                                            }
                                          ]
                                        },
                                        {
                                          "class": "android.widget.RelativeLayout",
                                          "bounds": [
                                            0,
                                            398,
                                            1440,
                                            1016
                                          ],
                                          "children": [
                                            {
                                              "class": "android.widget.RelativeLayout",
                                              "bounds": [
                                                176,
                                                339,
                                                1352,
                                                711
                                              ],
                                              "children": [
                                                {
                                                  "class": "com.gannett.android.content.ui.FlexNetworkImageView",
                                                  "bounds": [
                                                    88,
                                                    339,
                                                    1264,
                                                    711
                                                  ]
                                                },
                                                {
                                                  "class": "android.widget.LinearLayout",
                                                  "bounds": [
                                                    1030,
                                                    727,
                                                    793,
                                                    516
                                                  ],
                                                  "children": [
                                                    {
                                                      "class": "android.support.v7.widget.AppCompatImageView",
                                                      "bounds": [
                                                        741,
                                                        637,
                                                        231,
                                                        192
                                                      ]
                                                    },
                                                    {
                                                      "class": "com.gannett.android.common.ui.view.CustomFontTextView",
                                                      "bounds": [
                                                        757,
                                                        917,
                                                        223,
                                                        269
                                                      ]
                                                    }
                                                  ]
                                                }
                                              ]
                                            },
                                            {
                                              "class": "android.widget.RelativeLayout",
                                              "bounds": [
                                                176,
                                                1761,
                                                1352,
                                                957
                                              ],
                                              "children": [
                                                {
                                                  "class": "com.gannett.android.common.ui.view.CustomFontTextView",
                                                  "bounds": [
                                                    264,
                                                    1162,
                                                    1176,
                                                    190
                                                  ]
                                                }
                                              ]
                                            }
                                          ]
                                        },
                                        {
                                          "class": "android.widget.RelativeLayout",
                                          "bounds": [
                                            0,
                                            2600,
                                            1440,
                                            1335
                                          ],
                                          "children": [
                                            {
                                              "class": "android.widget.FrameLayout",
                                              "bounds": [
                                                0,
                                                1440,
                                                1440,
                                                175
                                              ],
                                              "children": [
                                                {
                                                  "class": "com.gannett.android.ads.ui.ParanoidContainer",
                                                  "bounds": [
                                                    0,
                                                    1440,
                                                    1440,
                                                    175
                                                  ],
                                                  "children": [
                                                    {
                                                      "class": "android.widget.FrameLayout",
                                                      "bounds": [
                                                        320,
                                                        1440,
                                                        1280,
                                                        175
                                                      ],
                                                      "children": [
                                                        {
                                                          "class": "com.google.android.gms.ads.doubleclick.PublisherAdView",
                                                          "bounds": [
                                                            160,
                                                            1440,
                                                            1120,
                                                            175
                                                          ],
                                                          "children": [
                                                            {
                                                              "class": "com.google.android.gms.ads.internal.bi",
                                                              "bounds": [
                                                                160,
                                                                1440,
                                                                1120,
                                                                175
                                                              ],
                                                              "children": [
                                                                {
                                                                  "class": "com.google.android.gms.ads.internal.webview.l",
                                                                  "bounds": [
                                                                    160,
                                                                    1440,
                                                                    1120,
                                                                    175
                                                                  ],
                                                                  "children": [
                                                                    {
                                                                      "class": "com.google.android.gms.ads.internal.webview.m",
                                                                      "bounds": [
                                                                        160,
                                                                        1440,
                                                                        1120,
                                                                        175
                                                                      ]
                                                                    }
                                                                  ]
                                                                }
                                                              ]
                                                            }
                                                          ]
                                                        }
                                                      ]
                                                    }
                                                  ]
                                                }
                                              ]
                                            }
                                          ]
                                        },
                                        {
                                          "class": "com.gannett.android.news.ui.view.natives.ArticleBodyParagraphView",
                                          "bounds": [
                                            0,
                                            3126,
                                            1440,
                                            1871
                                          ]
                                        },
                                        {
                                          "class": "com.gannett.android.news.ui.view.natives.ArticleImageView",
                                          "bounds": [
                                            0,
                                            4022,
                                            1440,
                                            3198
                                          ],
                                          "children": [
                                            {
                                              "class": "android.widget.LinearLayout",
                                              "bounds": [
                                                0,
                                                2263,
                                                1440,
                                                1271
                                              ],
                                              "children": [
                                                {
                                                  "class": "com.gannett.android.content.ui.FlexNetworkImageView",
                                                  "bounds": [
                                                    176,
                                                    2207,
                                                    1352,
                                                    948
                                                  ]
                                                },
                                                {
                                                  "class": "android.widget.RelativeLayout",
                                                  "bounds": [
                                                    176,
                                                    4103,
                                                    1352,
                                                    1215
                                                  ],
                                                  "children": [
                                                    {
                                                      "class": "com.gannett.android.common.ui.view.CustomFontTextView",
                                                      "bounds": [
                                                        264,
                                                        3267,
                                                        1176,
                                                        211
                                                      ]
                                                    }
                                                  ]
                                                }
                                              ]
                                            }
                                          ]
                                        }
                                      ]
                                    },
                                    {
                                      "class": "com.gannett.android.news.ui.view.SwipeEdView",
                                      "bounds": [
                                        0,
                                        4154,
                                        1440,
                                        2112
                                      ],
                                      "children": [
                                        {
                                          "class": "android.widget.RelativeLayout",
                                          "bounds": [
                                            0,
                                            2217,
                                            1440,
                                            175
                                          ],
                                          "children": [
                                            {
                                              "class": "android.support.v7.widget.AppCompatTextView",
                                              "bounds": [
                                                948,
                                                2325,
                                                966,
                                                120
                                              ]
                                            },
                                            {
                                              "class": "android.support.v7.widget.AppCompatImageView",
                                              "bounds": [
                                                2038,
                                                2359,
                                                1058,
                                                103
                                              ]
                                            }
                                          ]
                                        }
                                      ]
                                    }
                                  ]
                                }
                              ]
                            },
                            {
                              "class": "com.gannett.android.news.ui.view.natives.NativeNewsContainer",
                              "bounds": [
                                2880,
                                280,
                                2880,
                                2112
                              ],
                              "children": [
                                {
                                  "class": "android.widget.FrameLayout",
                                  "bounds": [
                                    1440,
                                    280,
                                    1440,
                                    2112
                                  ],
                                  "children": [
                                    {
                                      "class": "android.support.v7.widget.RecyclerView",
                                      "bounds": [
                                        1440,
                                        280,
                                        1440,
                                        2112
                                      ],
                                      "children": [
                                        {
                                          "class": "android.widget.RelativeLayout",
                                          "bounds": [
                                            1440,
                                            280,
                                            1440,
                                            532
                                          ],
                                          "children": [
                                            {
                                              "class": "com.gannett.android.common.ui.view.CustomFontTextView",
                                              "bounds": [
                                                1608,
                                                364,
                                                1352,
                                                371
                                              ]
                                            },
                                            {
                                              "class": "com.gannett.android.common.ui.view.CustomFontTextView",
                                              "bounds": [
                                                1608,
                                                1022,
                                                1352,
                                                455
                                              ]
                                            },
                                            {
                                              "class": "com.gannett.android.common.ui.view.CustomFontTextView",
                                              "bounds": [
                                                1608,
                                                1190,
                                                1352,
                                                532
                                              ]
                                            }
                                          ]
                                        },
                                        {
                                          "class": "android.widget.RelativeLayout",
                                          "bounds": [
                                            1440,
                                            1632,
                                            1440,
                                            1633
                                          ],
                                          "children": [
                                            {
                                              "class": "android.widget.RelativeLayout",
                                              "bounds": [
                                                1616,
                                                956,
                                                1352,
                                                711
                                              ],
                                              "children": [
                                                {
                                                  "class": "com.gannett.android.content.ui.FlexNetworkImageView",
                                                  "bounds": [
                                                    1528,
                                                    956,
                                                    1264,
                                                    711
                                                  ]
                                                },
                                                {
                                                  "class": "android.widget.LinearLayout",
                                                  "bounds": [
                                                    2470,
                                                    1344,
                                                    793,
                                                    516
                                                  ],
                                                  "children": [
                                                    {
                                                      "class": "android.support.v7.widget.AppCompatImageView",
                                                      "bounds": [
                                                        2181,
                                                        1254,
                                                        231,
                                                        192
                                                      ]
                                                    },
                                                    {
                                                      "class": "com.gannett.android.common.ui.view.CustomFontTextView",
                                                      "bounds": [
                                                        2197,
                                                        1534,
                                                        223,
                                                        269
                                                      ]
                                                    }
                                                  ]
                                                }
                                              ]
                                            },
                                            {
                                              "class": "android.widget.RelativeLayout",
                                              "bounds": [
                                                1616,
                                                2378,
                                                1352,
                                                957
                                              ],
                                              "children": [
                                                {
                                                  "class": "com.gannett.android.common.ui.view.CustomFontTextView",
                                                  "bounds": [
                                                    1704,
                                                    1779,
                                                    1176,
                                                    190
                                                  ]
                                                }
                                              ]
                                            }
                                          ]
                                        },
                                        {
                                          "class": "android.widget.RelativeLayout",
                                          "bounds": [
                                            1440,
                                            3834,
                                            1440,
                                            1952
                                          ],
                                          "children": [
                                            {
                                              "class": "android.widget.FrameLayout",
                                              "bounds": [
                                                1440,
                                                2057,
                                                1440,
                                                175
                                              ],
                                              "children": [
                                                {
                                                  "class": "com.gannett.android.ads.ui.ParanoidContainer",
                                                  "bounds": [
                                                    1440,
                                                    2057,
                                                    1440,
                                                    175
                                                  ],
                                                  "children": [
                                                    {
                                                      "class": "android.widget.FrameLayout",
                                                      "bounds": [
                                                        1760,
                                                        2057,
                                                        1280,
                                                        175
                                                      ],
                                                      "children": [
                                                        {
                                                          "class": "com.google.android.gms.ads.doubleclick.PublisherAdView",
                                                          "bounds": [
                                                            1600,
                                                            2057,
                                                            1120,
                                                            175
                                                          ]
                                                        }
                                                      ]
                                                    }
                                                  ]
                                                }
                                              ]
                                            }
                                          ]
                                        },
                                        {
                                          "class": "com.gannett.android.news.ui.view.natives.ArticleBodyParagraphView",
                                          "bounds": [
                                            1440,
                                            4360,
                                            1440,
                                            2488
                                          ]
                                        },
                                        {
                                          "class": "com.gannett.android.news.ui.view.natives.ArticleBodyParagraphView",
                                          "bounds": [
                                            1440,
                                            5256,
                                            1440,
                                            2857
                                          ]
                                        }
                                      ]
                                    },
                                    {
                                      "class": "com.gannett.android.news.ui.view.SwipeEdView",
                                      "bounds": [
                                        1440,
                                        4154,
                                        1440,
                                        2112
                                      ],
                                      "children": [
                                        {
                                          "class": "android.widget.RelativeLayout",
                                          "bounds": [
                                            1440,
                                            2217,
                                            1440,
                                            175
                                          ],
                                          "children": [
                                            {
                                              "class": "android.support.v7.widget.AppCompatTextView",
                                              "bounds": [
                                                2388,
                                                2325,
                                                966,
                                                120
                                              ]
                                            },
                                            {
                                              "class": "android.support.v7.widget.AppCompatImageView",
                                              "bounds": [
                                                2204,
                                                2359,
                                                421,
                                                103
                                              ]
                                            },
                                            {
                                              "class": "android.support.v7.widget.AppCompatImageView",
                                              "bounds": [
                                                3478,
                                                2359,
                                                1058,
                                                103
                                              ]
                                            }
                                          ]
                                        }
                                      ]
                                    }
                                  ]
                                }
                              ]
                            },
                            {
                              "class": "android.widget.RelativeLayout",
                              "bounds": [
                                5760,
                                280,
                                4320,
                                2112
                              ],
                              "children": [
                                {
                                  "class": "android.widget.FrameLayout",
                                  "bounds": [
                                    2880,
                                    280,
                                    1440,
                                    2112
                                  ],
                                  "children": [
                                    {
                                      "class": "com.gannett.android.ads.ui.ParanoidContainer",
                                      "bounds": [
                                        2880,
                                        280,
                                        1440,
                                        2112
                                      ],
                                      "children": [
                                        {
                                          "class": "android.widget.FrameLayout",
                                          "bounds": [
                                            3270,
                                            1516,
                                            1245,
                                            1493
                                          ],
                                          "children": [
                                            {
                                              "class": "com.google.android.gms.ads.doubleclick.PublisherAdView",
                                              "bounds": [
                                                3075,
                                                898,
                                                1050,
                                                875
                                              ]
                                            }
                                          ]
                                        }
                                      ]
                                    }
                                  ]
                                }
                              ]
                            }
                          ]
                        }
                      ]
                    }
                  ]
                },
                {
                  "class": "android.support.v7.widget.ActionBarContainer",
                  "bounds": [
                    0,
                    84,
                    1440,
                    196
                  ],
                  "children": [
                    {
                      "class": "android.support.v7.widget.Toolbar",
                      "bounds": [
                        0,
                        84,
                        1440,
                        196
                      ],
                      "children": [
                        {
                          "class": "android.widget.ImageButton",
                          "bounds": [
                            0,
                            84,
                            196,
                            196
                          ]
                        },
                        {
                          "class": "android.support.v7.widget.ActionMenuView",
                          "bounds": [
                            1928,
                            84,
                            1440,
                            196
                          ],
                          "children": [
                            {
                              "class": "android.support.v7.view.menu.ActionMenuItemView",
                              "bounds": [
                                964,
                                112,
                                168,
                                182
                              ]
                            },
                            {
                              "class": "android.support.v7.view.menu.ActionMenuItemView",
                              "bounds": [
                                1300,
                                112,
                                336,
                                182
                              ]
                            },
                            {
                              "class": "android.support.v7.widget.ActionMenuPresenter$OverflowMenuButton",
                              "bounds": [
                                1636,
                                112,
                                476,
                                182
                              ]
                            }
                          ]
                        }
                      ]
                    }
                  ]
                }
              ]
            }
          ]
        }
      ]
    },
    {
      "class": "android.view.View",
      "bounds": [
        0,
        4784,
        1440,
        2560
      ]
    },
    {
      "class": "android.view.View",
      "bounds": [
        0,
        0,
        1440,
        84
      ]
    }
  ]
}