{
  "class": "com.android.internal.policy.PhoneWindow$DecorView",
  "bounds": [
    0,
    0,
    1440,
    2560
  ],
  "children": [
    {
      "class": "android.widget.LinearLayout",
      "bounds": [
        0,
        0,
        1440,
        2392
      ],
      "children": [
        {
          "class": "android.widget.FrameLayout",
          "bounds": [
            0,
            168,
            1440,
            2392
          ],
          "children": [
            {
              "class": "android.support.v7.widget.FitWindowsLinearLayout",
              "bounds": [
                0,
                84,
                1440,
                2308
              ],
              "children": [
                {
                  "class": "android.support.v7.widget.ContentFrameLayout",
                  "bounds": [
                    0,
                    84,
                    1440,
                    2308
                  ],
                  "children": [
                    {
                      "class": "android.widget.LinearLayout",
                      "bounds": [
                        0,
                        84,
                        1440,
                        2308
                      ],
                      "children": [
                        {
                          "class": "android.support.v7.widget.Toolbar",
                          "bounds": [
                            0,
                            84,
                            1440,
                            196
                          ],
                          "children": [
                            {
                              "class": "android.support.v7.widget.AppCompatTextView",
                              "bounds": [
                                504,
                                196,
                                508,
                                139
                              ]
                            },
                            {
                              "class": "android.support.v7.widget.AppCompatImageButton",
                              "bounds": [
                                0,
                                84,
                                196,
                                196
                              ]
                            },
                            {
                              "class": "android.support.v7.widget.ActionMenuView",
                              "bounds": [
                                2880,
                                84,
                                1440,
                                196
                              ]
                            }
                          ]
                        },
                        {
                          "class": "android.widget.ScrollView",
                          "bounds": [
                            0,
                            476,
                            1440,
                            2308
                          ],
                          "children": [
                            {
                              "class": "android.widget.LinearLayout",
                              "bounds": [
                                0,
                                280,
                                1440,
                                2112
                              ],
                              "children": [
                                {
                                  "class": "android.support.v7.widget.AppCompatTextView",
                                  "bounds": [
                                    140,
                                    420,
                                    1370,
                                    293
                                  ]
                                },
                                {
                                  "class": "android.view.View",
                                  "bounds": [
                                    140,
                                    866,
                                    1370,
                                    300
                                  ]
                                },
                                {
                                  "class": "android.support.v7.widget.AppCompatTextView",
                                  "bounds": [
                                    140,
                                    880,
                                    1370,
                                    523
                                  ]
                                },
                                {
                                  "class": "android.view.View",
                                  "bounds": [
                                    140,
                                    1326,
                                    1370,
                                    530
                                  ]
                                },
                                {
                                  "class": "android.support.v7.widget.AppCompatTextView",
                                  "bounds": [
                                    140,
                                    1340,
                                    1370,
                                    753
                                  ]
                                },
                                {
                                  "class": "android.view.View",
                                  "bounds": [
                                    140,
                                    1786,
                                    1370,
                                    760
                                  ]
                                },
                                {
                                  "class": "android.support.v7.widget.AppCompatTextView",
                                  "bounds": [
                                    140,
                                    1800,
                                    1370,
                                    983
                                  ]
                                },
                                {
                                  "class": "android.view.View",
                                  "bounds": [
                                    140,
                                    2246,
                                    1370,
                                    990
                                  ]
                                },
                                {
                                  "class": "android.support.v7.widget.AppCompatTextView",
                                  "bounds": [
                                    140,
                                    2260,
                                    1370,
                                    1213
                                  ]
                                },
                                {
                                  "class": "android.view.View",
                                  "bounds": [
                                    140,
                                    2706,
                                    1370,
                                    1220
                                  ]
                                },
                                {
                                  "class": "android.support.v7.widget.AppCompatTextView",
                                  "bounds": [
                                    140,
                                    2720,
                                    1370,
                                    1443
                                  ]
                                },
                                {
                                  "class": "android.view.View",
                                  "bounds": [
                                    140,
                                    3166,
                                    1370,
                                    1450
                                  ]
                                },
                                {
                                  "class": "android.support.v7.widget.AppCompatTextView",
                                  "bounds": [
                                    140,
                                    3180,
                                    1370,
                                    1673
                                  ]
                                },
                                {
                                  "class": "android.view.View",
                                  "bounds": [
                                    140,
                                    3626,
                                    1370,
                                    1680
                                  ]
                                }
                              ]
                            }
                          ]
                        }
                      ]
                    }
                  ]
                }
              ]
            }
          ]
        }
      ]
    },
    {
      "class": "android.view.View",
      "bounds": [
        0,
        4784,
        1440,
        2560
      ]
    }
  ]
}