{
  "class": "com.android.internal.policy.PhoneWindow$DecorView",
  "bounds": [
    0,
    0,
    1440,
    2392
  ],
  "children": [
    {
      "class": "android.widget.FrameLayout",
      "bounds": [
        0,
        0,
        1440,
        2392
      ],
      "children": [
        {
          "class": "android.widget.FrameLayout",
          "bounds": [
            0,
            168,
            1440,
            2392
          ],
          "children": [
            {
              "class": "com.android.browser.view.CustomScreenLinearLayout",
              "bounds": [
                0,
                84,
                1440,
                2308
              ],
              "children": [
                {
                  "class": "android.widget.LinearLayout",
                  "bounds": [
                    0,
                    84,
                    1440,
                    0
                  ]
                },
                {
                  "class": "android.widget.FrameLayout",
                  "bounds": [
                    0,
                    84,
                    1440,
                    214
                  ],
                  "children": [
                    {
                      "class": "com.android.browser.TitleBar",
                      "bounds": [
                        0,
                        84,
                        1440,
                        214
                      ],
                      "children": [
                        {
                          "class": "android.widget.RelativeLayout",
                          "bounds": [
                            0,
                            84,
                            1440,
                            214
                          ],
                          "children": [
                            {
                              "class": "com.android.browser.NavigationBarPhone",
                              "bounds": [
                                0,
                                84,
                                1440,
                                182
                              ],
                              "children": [
                                {
                                  "class": "android.widget.LinearLayout",
                                  "bounds": [
                                    56,
                                    84,
                                    1076,
                                    182
                                  ],
                                  "children": [
                                    {
                                      "class": "android.widget.ImageView",
                                      "bounds": [
                                        38,
                                        154,
                                        159,
                                        147
                                      ]
                                    },
                                    {
                                      "class": "com.android.browser.UrlInputView",
                                      "bounds": [
                                        346,
                                        84,
                                        1044,
                                        182
                                      ]
                                    }
                                  ]
                                },
                                {
                                  "class": "android.widget.ImageButton",
                                  "bounds": [
                                    2208,
                                    84,
                                    1272,
                                    182
                                  ]
                                },
                                {
                                  "class": "android.widget.ImageButton",
                                  "bounds": [
                                    2544,
                                    84,
                                    1440,
                                    182
                                  ]
                                }
                              ]
                            },
                            {
                              "class": "com.android.browser.PageProgressView",
                              "bounds": [
                                0,
                                372,
                                1440,
                                214
                              ]
                            }
                          ]
                        }
                      ]
                    }
                  ]
                },
                {
                  "class": "android.widget.FrameLayout",
                  "bounds": [
                    0,
                    448,
                    1440,
                    2308
                  ],
                  "children": [
                    {
                      "class": "android.widget.LinearLayout",
                      "bounds": [
                        0,
                        266,
                        1440,
                        2126
                      ],
                      "children": [
                        {
                          "class": "android.widget.FrameLayout",
                          "bounds": [
                            0,
                            266,
                            1440,
                            2126
                          ],
                          "children": [
                            {
                              "class": "com.android.browser.BrowserWebView",
                              "bounds": [
                                0,
                                266,
                                1440,
                                2126
                              ]
                            }
                          ]
                        }
                      ]
                    }
                  ]
                }
              ]
            }
          ]
        }
      ]
    }
  ]
}