{
  "class": "com.android.internal.policy.PhoneWindow$DecorView",
  "bounds": [
    0,
    0,
    1440,
    2560
  ],
  "children": [
    {
      "class": "android.widget.LinearLayout",
      "bounds": [
        0,
        0,
        1440,
        2392
      ],
      "children": [
        {
          "class": "android.widget.FrameLayout",
          "bounds": [
            0,
            168,
            1440,
            2392
          ],
          "children": [
            {
              "class": "android.support.v7.widget.FitWindowsLinearLayout",
              "bounds": [
                0,
                84,
                1440,
                2308
              ],
              "children": [
                {
                  "class": "android.support.v7.widget.ContentFrameLayout",
                  "bounds": [
                    0,
                    84,
                    1440,
                    2308
                  ],
                  "children": [
                    {
                      "class": "android.widget.RelativeLayout",
                      "bounds": [
                        0,
                        84,
                        1440,
                        2308
                      ],
                      "children": [
                        {
                          "class": "android.widget.FrameLayout",
                          "bounds": [
                            0,
                            84,
                            1440,
                            2308
                          ],
                          "children": [
                            {
                              "class": "com.wsi.android.framework.app.ui.PhoneApplicationRootViewCarousel",
                              "bounds": [
                                0,
                                84,
                                1440,
                                2308
                              ],
                              "children": [
                                {
                                  "class": "android.widget.RelativeLayout",
                                  "bounds": [
                                    0,
                                    84,
                                    1440,
                                    2308
                                  ],
                                  "children": [
                                    {
                                      "class": "android.widget.FrameLayout",
                                      "bounds": [
                                        0,
                                        84,
                                        1440,
                                        2308
                                      ],
                                      "children": [
                                        {
                                          "class": "android.support.v7.widget.AppCompatImageView",
                                          "bounds": [
                                            0,
                                            84,
                                            1440,
                                            2308
                                          ]
                                        }
                                      ]
                                    },
                                    {
                                      "class": "android.widget.FrameLayout",
                                      "bounds": [
                                        0,
                                        84,
                                        1440,
                                        175
                                      ],
                                      "children": [
                                        {
                                          "class": "android.widget.FrameLayout",
                                          "bounds": [
                                            0,
                                            84,
                                            1440,
                                            175
                                          ]
                                        }
                                      ]
                                    },
                                    {
                                      "class": "android.widget.FrameLayout",
                                      "bounds": [
                                        0,
                                        434,
                                        1440,
                                        2308
                                      ],
                                      "children": [
                                        {
                                          "class": "android.support.v4.widget.DrawerLayout",
                                          "bounds": [
                                            0,
                                            259,
                                            1440,
                                            2133
                                          ],
                                          "children": [
                                            {
                                              "class": "android.widget.RelativeLayout",
                                              "bounds": [
                                                0,
                                                259,
                                                1440,
                                                2133
                                              ],
                                              "children": [
                                                {
                                                  "class": "android.widget.FrameLayout",
                                                  "bounds": [
                                                    0,
                                                    259,
                                                    1440,
                                                    126
                                                  ],
                                                  "children": [
                                                    {
                                                      "class": "android.widget.LinearLayout",
                                                      "bounds": [
                                                        0,
                                                        259,
                                                        1440,
                                                        126
                                                      ],
                                                      "children": [
                                                        {
                                                          "class": "android.widget.LinearLayout",
                                                          "bounds": [
                                                            0,
                                                            259,
                                                            1440,
                                                            123
                                                          ],
                                                          "children": [
                                                            {
                                                              "class": "android.support.v7.widget.AppCompatImageView",
                                                              "bounds": [
                                                                0,
                                                                259,
                                                                350,
                                                                123
                                                              ]
                                                            },
                                                            {
                                                              "class": "com.wsi.android.framework.app.ui.widget.MenuButton",
                                                              "bounds": [
                                                                2598,
                                                                259,
                                                                1440,
                                                                123
                                                              ],
                                                              "children": [
                                                                {
                                                                  "class": "android.support.v7.widget.AppCompatImageView",
                                                                  "bounds": [
                                                                    1299,
                                                                    293,
                                                                    123,
                                                                    105
                                                                  ]
                                                                },
                                                                {
                                                                  "class": "android.widget.FrameLayout",
                                                                  "bounds": [
                                                                    1425,
                                                                    267,
                                                                    137,
                                                                    123
                                                                  ],
                                                                  "children": [
                                                                    {
                                                                      "class": "com.wsi.android.framework.app.ui.widget.HeadlineBadge",
                                                                      "bounds": [
                                                                        1362,
                                                                        271,
                                                                        70,
                                                                        74
                                                                      ]
                                                                    }
                                                                  ]
                                                                }
                                                              ]
                                                            }
                                                          ]
                                                        },
                                                        {
                                                          "class": "android.view.View",
                                                          "bounds": [
                                                            0,
                                                            505,
                                                            1440,
                                                            127
                                                          ]
                                                        }
                                                      ]
                                                    }
                                                  ]
                                                },
                                                {
                                                  "class": "android.widget.FrameLayout",
                                                  "bounds": [
                                                    0,
                                                    511,
                                                    1440,
                                                    2133
                                                  ]
                                                }
                                              ]
                                            }
                                          ]
                                        }
                                      ]
                                    },
                                    {
                                      "class": "android.widget.LinearLayout",
                                      "bounds": [
                                        0,
                                        84,
                                        1440,
                                        2308
                                      ],
                                      "children": [
                                        {
                                          "class": "android.support.v7.widget.AppCompatTextView",
                                          "bounds": [
                                            0,
                                            84,
                                            1440,
                                            196
                                          ]
                                        },
                                        {
                                          "class": "android.view.View",
                                          "bounds": [
                                            0,
                                            476,
                                            1440,
                                            200
                                          ]
                                        },
                                        {
                                          "class": "android.widget.ScrollView",
                                          "bounds": [
                                            0,
                                            484,
                                            1440,
                                            542
                                          ],
                                          "children": [
                                            {
                                              "class": "android.widget.LinearLayout",
                                              "bounds": [
                                                0,
                                                284,
                                                1440,
                                                342
                                              ],
                                              "children": [
                                                {
                                                  "class": "android.widget.LinearLayout",
                                                  "bounds": [
                                                    0,
                                                    284,
                                                    1440,
                                                    340
                                                  ],
                                                  "children": [
                                                    {
                                                      "class": "android.widget.LinearLayout",
                                                      "bounds": [
                                                        0,
                                                        284,
                                                        1440,
                                                        169
                                                      ],
                                                      "children": [
                                                        {
                                                          "class": "android.widget.RelativeLayout",
                                                          "bounds": [
                                                            112,
                                                            284,
                                                            1440,
                                                            169
                                                          ],
                                                          "children": [
                                                            {
                                                              "class": "android.support.v7.widget.AppCompatImageView",
                                                              "bounds": [
                                                                126,
                                                                390,
                                                                105,
                                                                123
                                                              ]
                                                            },
                                                            {
                                                              "class": "android.widget.LinearLayout",
                                                              "bounds": [
                                                                302,
                                                                284,
                                                                1226,
                                                                169
                                                              ],
                                                              "children": [
                                                                {
                                                                  "class": "android.support.v7.widget.AppCompatTextView",
                                                                  "bounds": [
                                                                    179,
                                                                    348,
                                                                    1103,
                                                                    137
                                                                  ]
                                                                }
                                                              ]
                                                            }
                                                          ]
                                                        }
                                                      ]
                                                    },
                                                    {
                                                      "class": "android.widget.LinearLayout",
                                                      "bounds": [
                                                        0,
                                                        622,
                                                        1440,
                                                        340
                                                      ],
                                                      "children": [
                                                        {
                                                          "class": "android.view.View",
                                                          "bounds": [
                                                            112,
                                                            453,
                                                            1440,
                                                            2
                                                          ]
                                                        },
                                                        {
                                                          "class": "android.widget.RelativeLayout",
                                                          "bounds": [
                                                            112,
                                                            457,
                                                            1440,
                                                            171
                                                          ],
                                                          "children": [
                                                            {
                                                              "class": "android.widget.LinearLayout",
                                                              "bounds": [
                                                                126,
                                                                455,
                                                                1226,
                                                                169
                                                              ],
                                                              "children": [
                                                                {
                                                                  "class": "android.support.v7.widget.AppCompatTextView",
                                                                  "bounds": [
                                                                    91,
                                                                    519,
                                                                    1191,
                                                                    137
                                                                  ]
                                                                }
                                                              ]
                                                            }
                                                          ]
                                                        }
                                                      ]
                                                    }
                                                  ]
                                                },
                                                {
                                                  "class": "android.view.View",
                                                  "bounds": [
                                                    0,
                                                    964,
                                                    1440,
                                                    342
                                                  ]
                                                }
                                              ]
                                            }
                                          ]
                                        },
                                        {
                                          "class": "android.view.View",
                                          "bounds": [
                                            0,
                                            1162,
                                            1440,
                                            541
                                          ]
                                        },
                                        {
                                          "class": "com.wsi.android.weather.ui.widget.BoundedLinearLayout",
                                          "bounds": [
                                            0,
                                            1166,
                                            1440,
                                            611
                                          ],
                                          "children": [
                                            {
                                              "class": "android.view.View",
                                              "bounds": [
                                                0,
                                                625,
                                                1440,
                                                70
                                              ]
                                            }
                                          ]
                                        },
                                        {
                                          "class": "android.view.View",
                                          "bounds": [
                                            0,
                                            1306,
                                            1440,
                                            613
                                          ]
                                        },
                                        {
                                          "class": "android.widget.FrameLayout",
                                          "bounds": [
                                            0,
                                            1310,
                                            1440,
                                            802
                                          ],
                                          "children": [
                                            {
                                              "class": "android.support.v7.widget.AppCompatButton",
                                              "bounds": [
                                                0,
                                                697,
                                                1440,
                                                189
                                              ]
                                            }
                                          ]
                                        },
                                        {
                                          "class": "android.view.View",
                                          "bounds": [
                                            0,
                                            1688,
                                            1440,
                                            804
                                          ]
                                        }
                                      ]
                                    }
                                  ]
                                }
                              ]
                            }
                          ]
                        }
                      ]
                    }
                  ]
                }
              ]
            }
          ]
        }
      ]
    },
    {
      "class": "android.view.View",
      "bounds": [
        0,
        4784,
        1440,
        2560
      ]
    },
    {
      "class": "android.view.View",
      "bounds": [
        0,
        0,
        1440,
        84
      ]
    }
  ]
}