{
  "class": "com.android.internal.policy.PhoneWindow$DecorView",
  "bounds": [
    0,
    0,
    1440,
    2560
  ],
  "children": [
    {
      "class": "android.widget.LinearLayout",
      "bounds": [
        0,
        0,
        1440,
        2392
      ],
      "children": [
        {
          "class": "android.widget.FrameLayout",
          "bounds": [
            0,
            168,
            1440,
            2392
          ],
          "children": [
            {
              "class": "android.widget.RelativeLayout",
              "bounds": [
                0,
                84,
                1440,
                2308
              ],
              "children": [
                {
                  "class": "android.widget.TextView",
                  "bounds": [
                    0,
                    84,
                    1440,
                    18
                  ]
                },
                {
                  "class": "android.widget.RelativeLayout",
                  "bounds": [
                    512,
                    1448,
                    1184,
                    1626
                  ],
                  "children": [
                    {
                      "class": "android.widget.TimePicker",
                      "bounds": [
                        256,
                        766,
                        928,
                        776
                      ],
                      "children": [
                        {
                          "class": "android.widget.LinearLayout",
                          "bounds": [
                            290,
                            800,
                            911,
                            759
                          ],
                          "children": [
                            {
                              "class": "android.widget.LinearLayout",
                              "bounds": [
                                329,
                                783,
                                586,
                                742
                              ],
                              "children": [
                                {
                                  "class": "android.widget.NumberPicker",
                                  "bounds": [
                                    357,
                                    895,
                                    252,
                                    686
                                  ],
                                  "children": [
                                    {
                                      "class": "android.widget.NumberPicker$CustomEditText",
                                      "bounds": [
                                        329,
                                        1411,
                                        224,
                                        343
                                      ]
                                    }
                                  ]
                                },
                                {
                                  "class": "android.widget.TextView",
                                  "bounds": [
                                    847,
                                    1459,
                                    285,
                                    404
                                  ]
                                },
                                {
                                  "class": "android.widget.NumberPicker",
                                  "bounds": [
                                    913,
                                    895,
                                    530,
                                    686
                                  ],
                                  "children": [
                                    {
                                      "class": "android.widget.NumberPicker$CustomEditText",
                                      "bounds": [
                                        607,
                                        1411,
                                        224,
                                        343
                                      ]
                                    }
                                  ]
                                }
                              ]
                            },
                            {
                              "class": "android.widget.NumberPicker",
                              "bounds": [
                                1501,
                                895,
                                838,
                                686
                              ],
                              "children": [
                                {
                                  "class": "android.widget.NumberPicker$CustomEditText",
                                  "bounds": [
                                    887,
                                    1411,
                                    224,
                                    343
                                  ]
                                }
                              ]
                            }
                          ]
                        }
                      ]
                    },
                    {
                      "class": "android.widget.ToggleButton",
                      "bounds": [
                        876,
                        2318,
                        618,
                        944
                      ]
                    }
                  ]
                },
                {
                  "class": "android.widget.LinearLayout",
                  "bounds": [
                    70,
                    4294,
                    1405,
                    2273
                  ],
                  "children": [
                    {
                      "class": "android.widget.Button",
                      "bounds": [
                        35,
                        2189,
                        678,
                        168
                      ]
                    },
                    {
                      "class": "android.widget.Button",
                      "bounds": [
                        1419,
                        2189,
                        1370,
                        168
                      ]
                    }
                  ]
                }
              ]
            }
          ]
        }
      ]
    },
    {
      "class": "android.view.View",
      "bounds": [
        0,
        4784,
        1440,
        2560
      ]
    },
    {
      "class": "android.view.View",
      "bounds": [
        0,
        0,
        1440,
        84
      ]
    }
  ]
}