{
  "class": "com.android.internal.policy.PhoneWindow$DecorView",
  "bounds": [
    0,
    0,
    1440,
    2560
  ],
  "children": [
    {
      "class": "android.widget.LinearLayout",
      "bounds": [
        0,
        0,
        1440,
        2392
      ],
      "children": [
        {
          "class": "android.widget.FrameLayout",
          "bounds": [
            0,
            168,
            1440,
            2392
          ],
          "children": [
            {
              "class": "android.support.v7.widget.ActionBarOverlayLayout",
              "bounds": [
                0,
                84,
                1440,
                2308
              ],
              "children": [
                {
                  "class": "android.support.v7.widget.ContentFrameLayout",
                  "bounds": [
                    0,
                    84,
                    1440,
                    2308
                  ],
                  "children": [
                    {
                      "class": "android.widget.RelativeLayout",
                      "bounds": [
                        0,
                        84,
                        1440,
                        2308
                      ],
                      "children": [
                        {
                          "class": "android.widget.RelativeLayout",
                          "bounds": [
                            0,
                            434,
                            1440,
                            175
                          ],
                          "children": []
                        },
                        {
                          "class": "android.widget.RelativeLayout",
                          "bounds": [
                            0,
                            434,
                            1440,
                            175
                          ],
                          "children": []
                        },
                        {
                          "class": "android.widget.RelativeLayout",
                          "bounds": [
                            0,
                            84,
                            1440,
                            2308
                          ],
                          "children": [
                            {
                              "class": "android.widget.FrameLayout",
                              "bounds": [
                                0,
                                84,
                                1440,
                                2108
                              ],
                              "children": [
                                {
                                  "class": "android.support.v4.widget.SwipeRefreshLayout",
                                  "bounds": [
                                    0,
                                    84,
                                    1440,
                                    2108
                                  ],
                                  "children": [
                                    {
                                      "class": "com.marshalchen.ultimaterecyclerview.UltimateRecyclerView",
                                      "bounds": [
                                        0,
                                        84,
                                        1440,
                                        2108
                                      ],
                                      "children": [
                                        {
                                          "class": "android.widget.RelativeLayout",
                                          "bounds": [
                                            0,
                                            84,
                                            1440,
                                            2108
                                          ],
                                          "children": [
                                            {
                                              "class": "com.marshalchen.ultimaterecyclerview.ui.VerticalSwipeRefreshLayout",
                                              "bounds": [
                                                0,
                                                84,
                                                1440,
                                                2108
                                              ],
                                              "children": [
                                                {
                                                  "class": "android.support.v7.widget.RecyclerView",
                                                  "bounds": [
                                                    0,
                                                    84,
                                                    1440,
                                                    2108
                                                  ],
                                                  "children": [
                                                    {
                                                      "class": "com.whitescape.ride_allinone.view.WscRelativeLayout",
                                                      "bounds": [
                                                        -1,
                                                        912,
                                                        1441,
                                                        2336
                                                      ],
                                                      "children": [
                                                        {
                                                          "class": "android.widget.RelativeLayout",
                                                          "bounds": [
                                                            0,
                                                            498,
                                                            1442,
                                                            1440
                                                          ],
                                                          "children": [
                                                            {
                                                              "class": "com.whitescape.ride_allinone.view.WscDoubleClickVideoView",
                                                              "bounds": [
                                                                0,
                                                                498,
                                                                1440,
                                                                1440
                                                              ]
                                                            }
                                                          ]
                                                        },
                                                        {
                                                          "class": "android.view.View",
                                                          "bounds": [
                                                            0,
                                                            3378,
                                                            1442,
                                                            1503
                                                          ]
                                                        },
                                                        {
                                                          "class": "android.view.View",
                                                          "bounds": [
                                                            0,
                                                            498,
                                                            1442,
                                                            0
                                                          ]
                                                        },
                                                        {
                                                          "class": "android.widget.RelativeLayout",
                                                          "bounds": [
                                                            0,
                                                            3504,
                                                            1442,
                                                            1626
                                                          ],
                                                          "children": [
                                                            {
                                                              "class": "android.support.v7.widget.AppCompatImageView",
                                                              "bounds": [
                                                                139,
                                                                2001,
                                                                119,
                                                                123
                                                              ]
                                                            },
                                                            {
                                                              "class": "com.whitescape.ride_allinone.view.ProximaNovaTextViewBold",
                                                              "bounds": [
                                                                237,
                                                                2005,
                                                                549,
                                                                121
                                                              ]
                                                            }
                                                          ]
                                                        },
                                                        {
                                                          "class": "com.whitescape.ride_allinone.view.ProximaNovaTextView",
                                                          "bounds": [
                                                            0,
                                                            3750,
                                                            1442,
                                                            1760
                                                          ]
                                                        },
                                                        {
                                                          "class": "android.widget.RelativeLayout",
                                                          "bounds": [
                                                            0,
                                                            4018,
                                                            1442,
                                                            1859
                                                          ],
                                                          "children": [
                                                            {
                                                              "class": "android.support.v7.widget.AppCompatImageView",
                                                              "bounds": [
                                                                0,
                                                                2258,
                                                                170,
                                                                99
                                                              ]
                                                            },
                                                            {
                                                              "class": "com.whitescape.ride_allinone.view.ProximaNovaTextViewBold",
                                                              "bounds": [
                                                                339,
                                                                2284,
                                                                299,
                                                                99
                                                              ]
                                                            },
                                                            {
                                                              "class": "android.support.v7.widget.AppCompatImageView",
                                                              "bounds": [
                                                                597,
                                                                2288,
                                                                486,
                                                                99
                                                              ]
                                                            },
                                                            {
                                                              "class": "com.whitescape.ride_allinone.view.ProximaNovaTextViewBold",
                                                              "bounds": [
                                                                971,
                                                                2284,
                                                                588,
                                                                99
                                                              ]
                                                            },
                                                            {
                                                              "class": "android.support.v7.widget.AppCompatImageView",
                                                              "bounds": [
                                                                2445,
                                                                2332,
                                                                1442,
                                                                99
                                                              ]
                                                            }
                                                          ]
                                                        }
                                                      ]
                                                    }
                                                  ]
                                                }
                                              ]
                                            }
                                          ]
                                        }
                                      ]
                                    }
                                  ]
                                }
                              ]
                            },
                            {
                              "class": "android.widget.RadioGroup",
                              "bounds": [
                                0,
                                4300,
                                1440,
                                2308
                              ],
                              "children": [
                                {
                                  "class": "com.whitescape.ride_allinone.view.WscCenterRadioButton",
                                  "bounds": [
                                    28,
                                    2220,
                                    297,
                                    186
                                  ]
                                },
                                {
                                  "class": "com.whitescape.ride_allinone.view.WscCenterRadioButton",
                                  "bounds": [
                                    594,
                                    2220,
                                    581,
                                    186
                                  ]
                                },
                                {
                                  "class": "android.support.v7.widget.AppCompatRadioButton",
                                  "bounds": [
                                    1162,
                                    2220,
                                    857,
                                    186
                                  ]
                                },
                                {
                                  "class": "com.whitescape.ride_allinone.view.WscCenterRadioButton",
                                  "bounds": [
                                    1714,
                                    2220,
                                    1141,
                                    186
                                  ]
                                },
                                {
                                  "class": "com.whitescape.ride_allinone.view.WscCenterRadioButton",
                                  "bounds": [
                                    2282,
                                    2220,
                                    1425,
                                    186
                                  ]
                                }
                              ]
                            },
                            {
                              "class": "android.widget.LinearLayout",
                              "bounds": [
                                0,
                                4300,
                                1440,
                                2308
                              ],
                              "children": [
                                {
                                  "class": "com.whitescape.ride_allinone.view.WscTextViewMedium",
                                  "bounds": [
                                    28,
                                    2220,
                                    1030,
                                    76
                                  ]
                                },
                                {
                                  "class": "android.widget.RelativeLayout",
                                  "bounds": [
                                    2060,
                                    2220,
                                    1426,
                                    14
                                  ],
                                  "children": []
                                }
                              ]
                            },
                            {
                              "class": "android.widget.LinearLayout",
                              "bounds": [
                                0,
                                4300,
                                1440,
                                2308
                              ],
                              "children": [
                                {
                                  "class": "com.whitescape.ride_allinone.view.WscTextViewMedium",
                                  "bounds": [
                                    0,
                                    2192,
                                    576,
                                    200
                                  ]
                                },
                                {
                                  "class": "android.widget.RelativeLayout",
                                  "bounds": [
                                    1152,
                                    2192,
                                    864,
                                    200
                                  ],
                                  "children": [
                                    {
                                      "class": "android.support.v7.widget.AppCompatImageView",
                                      "bounds": [
                                        790,
                                        2192,
                                        181,
                                        200
                                      ]
                                    }
                                  ]
                                },
                                {
                                  "class": "com.whitescape.ride_allinone.view.WscTextViewMedium",
                                  "bounds": [
                                    1728,
                                    2192,
                                    1440,
                                    200
                                  ]
                                }
                              ]
                            },
                            {
                              "class": "android.widget.RelativeLayout",
                              "bounds": [
                                0,
                                4300,
                                1440,
                                2108
                              ],
                              "children": []
                            }
                          ]
                        },
                        {
                          "class": "android.widget.LinearLayout",
                          "bounds": [
                            0,
                            84,
                            1440,
                            175
                          ],
                          "children": [
                            {
                              "class": "android.widget.RelativeLayout",
                              "bounds": [
                                0,
                                84,
                                1440,
                                175
                              ],
                              "children": [
                                {
                                  "class": "android.widget.LinearLayout",
                                  "bounds": [
                                    0,
                                    84,
                                    288,
                                    175
                                  ],
                                  "children": [
                                    {
                                      "class": "com.whitescape.ride_allinone.view.ProximaNovaTextViewBold",
                                      "bounds": [
                                        268,
                                        84,
                                        288,
                                        175
                                      ]
                                    }
                                  ]
                                },
                                {
                                  "class": "android.widget.LinearLayout",
                                  "bounds": [
                                    0,
                                    102,
                                    1405,
                                    165
                                  ],
                                  "children": [
                                    {
                                      "class": "android.widget.RelativeLayout",
                                      "bounds": [
                                        0,
                                        93,
                                        1405,
                                        156
                                      ],
                                      "children": [
                                        {
                                          "class": "com.whitescape.ride_allinone.view.ProximaNovaTextViewBlack",
                                          "bounds": [
                                            1158,
                                            93,
                                            826,
                                            156
                                          ]
                                        },
                                        {
                                          "class": "android.support.v7.widget.AppCompatImageView",
                                          "bounds": [
                                            1652,
                                            157,
                                            959,
                                            123
                                          ]
                                        },
                                        {
                                          "class": "android.support.v7.widget.AppCompatImageView",
                                          "bounds": [
                                            2528,
                                            107,
                                            1405,
                                            148
                                          ]
                                        }
                                      ]
                                    }
                                  ]
                                }
                              ]
                            }
                          ]
                        },
                        {
                          "class": "android.widget.ScrollView",
                          "bounds": [
                            0,
                            84,
                            1440,
                            2308
                          ],
                          "children": [
                            {
                              "class": "android.widget.RelativeLayout",
                              "bounds": [
                                0,
                                84,
                                1440,
                                3207
                              ],
                              "children": [
                                {
                                  "class": "android.widget.LinearLayout",
                                  "bounds": [
                                    0,
                                    84,
                                    836,
                                    3207
                                  ],
                                  "children": [
                                    {
                                      "class": "android.support.v7.widget.AppCompatTextView",
                                      "bounds": [
                                        210,
                                        238,
                                        836,
                                        197
                                      ]
                                    },
                                    {
                                      "class": "android.support.v7.widget.AppCompatTextView",
                                      "bounds": [
                                        210,
                                        478,
                                        836,
                                        317
                                      ]
                                    },
                                    {
                                      "class": "android.support.v7.widget.AppCompatTextView",
                                      "bounds": [
                                        210,
                                        718,
                                        836,
                                        437
                                      ]
                                    },
                                    {
                                      "class": "android.support.v7.widget.AppCompatTextView",
                                      "bounds": [
                                        210,
                                        958,
                                        836,
                                        557
                                      ]
                                    },
                                    {
                                      "class": "android.support.v7.widget.AppCompatTextView",
                                      "bounds": [
                                        210,
                                        1198,
                                        836,
                                        736
                                      ]
                                    },
                                    {
                                      "class": "android.support.v7.widget.AppCompatTextView",
                                      "bounds": [
                                        210,
                                        1556,
                                        836,
                                        853
                                      ]
                                    },
                                    {
                                      "class": "android.support.v7.widget.AppCompatTextView",
                                      "bounds": [
                                        210,
                                        1790,
                                        836,
                                        970
                                      ]
                                    },
                                    {
                                      "class": "android.support.v7.widget.AppCompatTextView",
                                      "bounds": [
                                        210,
                                        2024,
                                        836,
                                        1087
                                      ]
                                    },
                                    {
                                      "class": "android.support.v7.widget.AppCompatTextView",
                                      "bounds": [
                                        210,
                                        2258,
                                        836,
                                        1204
                                      ]
                                    },
                                    {
                                      "class": "android.support.v7.widget.AppCompatTextView",
                                      "bounds": [
                                        210,
                                        2492,
                                        836,
                                        1321
                                      ]
                                    },
                                    {
                                      "class": "android.support.v7.widget.AppCompatTextView",
                                      "bounds": [
                                        210,
                                        2726,
                                        836,
                                        1438
                                      ]
                                    },
                                    {
                                      "class": "android.support.v7.widget.AppCompatTextView",
                                      "bounds": [
                                        210,
                                        2960,
                                        836,
                                        1555
                                      ]
                                    },
                                    {
                                      "class": "android.support.v7.widget.AppCompatTextView",
                                      "bounds": [
                                        210,
                                        3194,
                                        836,
                                        1672
                                      ]
                                    },
                                    {
                                      "class": "android.support.v7.widget.AppCompatTextView",
                                      "bounds": [
                                        210,
                                        3428,
                                        836,
                                        1789
                                      ]
                                    },
                                    {
                                      "class": "android.support.v7.widget.AppCompatTextView",
                                      "bounds": [
                                        210,
                                        3662,
                                        836,
                                        1906
                                      ]
                                    },
                                    {
                                      "class": "android.support.v7.widget.AppCompatTextView",
                                      "bounds": [
                                        210,
                                        3896,
                                        836,
                                        2023
                                      ]
                                    },
                                    {
                                      "class": "android.support.v7.widget.AppCompatTextView",
                                      "bounds": [
                                        210,
                                        4130,
                                        836,
                                        2140
                                      ]
                                    },
                                    {
                                      "class": "android.support.v7.widget.AppCompatTextView",
                                      "bounds": [
                                        210,
                                        4364,
                                        836,
                                        2257
                                      ]
                                    },
                                    {
                                      "class": "android.support.v7.widget.AppCompatTextView",
                                      "bounds": [
                                        210,
                                        4598,
                                        836,
                                        2374
                                      ]
                                    },
                                    {
                                      "class": "android.support.v7.widget.AppCompatTextView",
                                      "bounds": [
                                        210,
                                        4832,
                                        836,
                                        2491
                                      ]
                                    },
                                    {
                                      "class": "android.support.v7.widget.AppCompatTextView",
                                      "bounds": [
                                        210,
                                        5066,
                                        836,
                                        2608
                                      ]
                                    },
                                    {
                                      "class": "android.support.v7.widget.AppCompatTextView",
                                      "bounds": [
                                        210,
                                        5300,
                                        836,
                                        2725
                                      ]
                                    },
                                    {
                                      "class": "android.support.v7.widget.AppCompatTextView",
                                      "bounds": [
                                        210,
                                        5534,
                                        836,
                                        2842
                                      ]
                                    },
                                    {
                                      "class": "android.support.v7.widget.AppCompatTextView",
                                      "bounds": [
                                        210,
                                        5768,
                                        836,
                                        2959
                                      ]
                                    },
                                    {
                                      "class": "android.support.v7.widget.AppCompatTextView",
                                      "bounds": [
                                        210,
                                        6002,
                                        836,
                                        3076
                                      ]
                                    },
                                    {
                                      "class": "android.support.v7.widget.AppCompatTextView",
                                      "bounds": [
                                        210,
                                        6236,
                                        836,
                                        3193
                                      ]
                                    }
                                  ]
                                },
                                {
                                  "class": "android.support.v7.widget.AppCompatImageButton",
                                  "bounds": [
                                    2540,
                                    84,
                                    1440,
                                    170
                                  ]
                                }
                              ]
                            }
                          ]
                        }
                      ]
                    }
                  ]
                }
              ]
            }
          ]
        }
      ]
    },
    {
      "class": "android.view.View",
      "bounds": [
        0,
        4784,
        1440,
        2560
      ]
    },
    {
      "class": "android.view.View",
      "bounds": [
        0,
        0,
        1440,
        84
      ]
    }
  ]
}