{
  "class": "android.widget.PopupWindow$PopupDecorView",
  "bounds": [
    740,
    98,
    686,
    1344
  ],
  "children": [
    {
      "class": "android.widget.PopupWindow$PopupBackgroundView",
      "bounds": [
        740,
        98,
        686,
        1344
      ],
      "children": [
        {
          "class": "android.support.v7.widget.ao$a",
          "bounds": [
            740,
            98,
            686,
            1344
          ],
          "children": [
            {
              "class": "android.support.v7.view.menu.ListMenuItemView",
              "bounds": [
                740,
                98,
                686,
                168
              ],
              "children": [
                {
                  "class": "android.widget.RelativeLayout",
                  "bounds": [
                    852,
                    190,
                    630,
                    122
                  ],
                  "children": [
                    {
                      "class": "android.support.v7.widget.AppCompatTextView",
                      "bounds": [
                        796,
                        144,
                        574,
                        76
                      ]
                    }
                  ]
                }
              ]
            },
            {
              "class": "android.support.v7.view.menu.ListMenuItemView",
              "bounds": [
                740,
                434,
                686,
                336
              ],
              "children": [
                {
                  "class": "android.widget.RelativeLayout",
                  "bounds": [
                    852,
                    358,
                    630,
                    122
                  ],
                  "children": [
                    {
                      "class": "android.support.v7.widget.AppCompatTextView",
                      "bounds": [
                        796,
                        312,
                        574,
                        76
                      ]
                    }
                  ]
                }
              ]
            },
            {
              "class": "android.support.v7.view.menu.ListMenuItemView",
              "bounds": [
                740,
                770,
                686,
                504
              ],
              "children": [
                {
                  "class": "android.widget.RelativeLayout",
                  "bounds": [
                    852,
                    526,
                    630,
                    122
                  ],
                  "children": [
                    {
                      "class": "android.support.v7.widget.AppCompatTextView",
                      "bounds": [
                        796,
                        480,
                        574,
                        76
                      ]
                    }
                  ]
                }
              ]
            },
            {
              "class": "android.support.v7.view.menu.ListMenuItemView",
              "bounds": [
                740,
                1106,
                686,
                672
              ],
              "children": [
                {
                  "class": "android.widget.RelativeLayout",
                  "bounds": [
                    852,
                    694,
                    630,
                    122
                  ],
                  "children": [
                    {
                      "class": "android.support.v7.widget.AppCompatTextView",
                      "bounds": [
                        796,
                        648,
                        574,
                        76
                      ]
                    }
                  ]
                }
              ]
            },
            {
              "class": "android.support.v7.view.menu.ListMenuItemView",
              "bounds": [
                740,
                1442,
                686,
                840
              ],
              "children": [
                {
                  "class": "android.widget.RelativeLayout",
                  "bounds": [
                    852,
                    862,
                    630,
                    122
                  ],
                  "children": [
                    {
                      "class": "android.support.v7.widget.AppCompatTextView",
                      "bounds": [
                        796,
                        816,
                        574,
                        76
                      ]
                    }
                  ]
                }
              ]
            },
            {
              "class": "android.support.v7.view.menu.ListMenuItemView",
              "bounds": [
                740,
                1778,
                686,
                1008
              ],
              "children": [
                {
                  "class": "android.widget.RelativeLayout",
                  "bounds": [
                    852,
                    1030,
                    630,
                    122
                  ],
                  "children": [
                    {
                      "class": "android.support.v7.widget.AppCompatTextView",
                      "bounds": [
                        796,
                        984,
                        574,
                        76
                      ]
                    }
                  ]
                }
              ]
            },
            {
              "class": "android.support.v7.view.menu.ListMenuItemView",
              "bounds": [
                740,
                2114,
                686,
                1176
              ],
              "children": [
                {
                  "class": "android.widget.RelativeLayout",
                  "bounds": [
                    852,
                    1198,
                    518,
                    122
                  ],
                  "children": [
                    {
                      "class": "android.support.v7.widget.AppCompatTextView",
                      "bounds": [
                        796,
                        1152,
                        462,
                        76
                      ]
                    }
                  ]
                },
                {
                  "class": "android.support.v7.widget.AppCompatImageView",
                  "bounds": [
                    1832,
                    1190,
                    630,
                    126
                  ]
                }
              ]
            },
            {
              "class": "android.support.v7.view.menu.ListMenuItemView",
              "bounds": [
                740,
                2450,
                686,
                1344
              ],
              "children": [
                {
                  "class": "android.widget.RelativeLayout",
                  "bounds": [
                    852,
                    1366,
                    630,
                    122
                  ],
                  "children": [
                    {
                      "class": "android.support.v7.widget.AppCompatTextView",
                      "bounds": [
                        796,
                        1320,
                        574,
                        76
                      ]
                    }
                  ]
                }
              ]
            }
          ]
        }
      ]
    }
  ]
}