{
  "class": "com.android.internal.policy.PhoneWindow$DecorView",
  "bounds": [
    0,
    0,
    1440,
    2560
  ],
  "children": [
    {
      "class": "android.widget.LinearLayout",
      "bounds": [
        0,
        0,
        1440,
        2392
      ],
      "children": [
        {
          "class": "android.widget.FrameLayout",
          "bounds": [
            0,
            168,
            1440,
            2392
          ],
          "children": [
            {
              "class": "android.support.v7.internal.widget.FitWindowsLinearLayout",
              "bounds": [
                0,
                84,
                1440,
                2308
              ],
              "children": [
                {
                  "class": "android.support.v7.internal.widget.NativeActionModeAwareLayout",
                  "bounds": [
                    0,
                    84,
                    1440,
                    2308
                  ],
                  "children": [
                    {
                      "class": "com.facebook.resources.ui.FbFrameLayout",
                      "bounds": [
                        0,
                        84,
                        1440,
                        2308
                      ],
                      "children": [
                        {
                          "class": "com.facebook.resources.ui.FbFrameLayout",
                          "bounds": [
                            460,
                            1288,
                            1210,
                            1706
                          ],
                          "children": [
                            {
                              "class": "X.0yv",
                              "bounds": [
                                230,
                                686,
                                980,
                                1104
                              ],
                              "children": [
                                {
                                  "class": "android.support.v7.widget.CardView",
                                  "bounds": [
                                    230,
                                    686,
                                    980,
                                    1104
                                  ],
                                  "children": [
                                    {
                                      "class": "com.facebook.resources.ui.FbFrameLayout",
                                      "bounds": [
                                        278,
                                        754,
                                        956,
                                        1070
                                      ],
                                      "children": [
                                        {
                                          "class": "com.facebook.fbui.widget.glyph.GlyphView",
                                          "bounds": [
                                            366,
                                            832,
                                            140,
                                            140
                                          ]
                                        },
                                        {
                                          "class": "com.facebook.resources.ui.FbFrameLayout",
                                          "bounds": [
                                            254,
                                            720,
                                            932,
                                            1036
                                          ],
                                          "children": [
                                            {
                                              "class": "android.widget.LinearLayout",
                                              "bounds": [
                                                254,
                                                720,
                                                932,
                                                1036
                                              ],
                                              "children": [
                                                {
                                                  "class": "android.widget.LinearLayout",
                                                  "bounds": [
                                                    478,
                                                    944,
                                                    820,
                                                    742
                                                  ],
                                                  "children": [
                                                    {
                                                      "class": "com.facebook.drawee.fbpipeline.FbDraweeView",
                                                      "bounds": [
                                                        794,
                                                        832,
                                                        494,
                                                        280
                                                      ]
                                                    },
                                                    {
                                                      "class": "com.facebook.resources.ui.FbTextView",
                                                      "bounds": [
                                                        716,
                                                        1532,
                                                        532,
                                                        443
                                                      ]
                                                    },
                                                    {
                                                      "class": "com.facebook.resources.ui.FbTextView",
                                                      "bounds": [
                                                        366,
                                                        1802,
                                                        708,
                                                        630
                                                      ]
                                                    }
                                                  ]
                                                },
                                                {
                                                  "class": "com.facebook.resources.ui.FbButton",
                                                  "bounds": [
                                                    254,
                                                    2428,
                                                    932,
                                                    1036
                                                  ]
                                                }
                                              ]
                                            }
                                          ]
                                        }
                                      ]
                                    }
                                  ]
                                }
                              ]
                            }
                          ]
                        },
                        {
                          "class": "com.facebook.resources.ui.FbFrameLayout",
                          "bounds": [
                            0,
                            84,
                            1440,
                            2308
                          ]
                        }
                      ]
                    }
                  ]
                }
              ]
            }
          ]
        }
      ]
    },
    {
      "class": "android.view.View",
      "bounds": [
        0,
        4784,
        1440,
        2560
      ]
    }
  ]
}