{
  "class": "com.android.internal.policy.PhoneWindow$DecorView",
  "bounds": [
    0,
    0,
    1440,
    2392
  ],
  "children": [
    {
      "class": "android.widget.LinearLayout",
      "bounds": [
        0,
        0,
        1440,
        2392
      ],
      "children": [
        {
          "class": "android.widget.FrameLayout",
          "bounds": [
            0,
            0,
            1440,
            2392
          ],
          "children": [
            {
              "class": "android.widget.LinearLayout",
              "bounds": [
                0,
                0,
                1440,
                2392
              ],
              "children": [
                {
                  "class": "android.widget.FrameLayout",
                  "bounds": [
                    0,
                    0,
                    1440,
                    1709
                  ],
                  "children": [
                    {
                      "class": "android.widget.ImageView",
                      "bounds": [
                        0,
                        0,
                        1440,
                        1709
                      ]
                    },
                    {
                      "class": "android.widget.ImageView",
                      "bounds": [
                        0,
                        3278,
                        1440,
                        1709
                      ]
                    },
                    {
                      "class": "android.widget.LinearLayout",
                      "bounds": [
                        0,
                        0,
                        1440,
                        1709
                      ],
                      "children": [
                        {
                          "class": "android.widget.ImageView",
                          "bounds": [
                            0,
                            0,
                            1440,
                            1140
                          ]
                        },
                        {
                          "class": "android.widget.LinearLayout",
                          "bounds": [
                            0,
                            2280,
                            1440,
                            1632
                          ],
                          "children": [
                            {
                              "class": "android.widget.ImageView",
                              "bounds": [
                                0,
                                1140,
                                374,
                                492
                              ]
                            },
                            {
                              "class": "android.widget.LinearLayout",
                              "bounds": [
                                748,
                                1140,
                                1441,
                                492
                              ],
                              "children": [
                                {
                                  "class": "android.widget.ImageView",
                                  "bounds": [
                                    374,
                                    1140,
                                    1067,
                                    246
                                  ]
                                },
                                {
                                  "class": "android.widget.ImageView",
                                  "bounds": [
                                    374,
                                    1632,
                                    1067,
                                    492
                                  ]
                                }
                              ]
                            }
                          ]
                        }
                      ]
                    }
                  ]
                },
                {
                  "class": "android.widget.ScrollView",
                  "bounds": [
                    0,
                    3418,
                    1440,
                    2392
                  ],
                  "children": [
                    {
                      "class": "android.widget.LinearLayout",
                      "bounds": [
                        0,
                        1709,
                        1440,
                        1760
                      ],
                      "children": [
                        {
                          "class": "android.widget.LinearLayout",
                          "bounds": [
                            0,
                            1709,
                            1440,
                            189
                          ],
                          "children": [
                            {
                              "class": "com.google.android.gms.ads.AdView",
                              "bounds": [
                                0,
                                1723,
                                1440,
                                182
                              ],
                              "children": [
                                {
                                  "class": "com.google.android.gms.ads.internal.bi",
                                  "bounds": [
                                    320,
                                    1716,
                                    1280,
                                    175
                                  ],
                                  "children": [
                                    {
                                      "class": "com.google.android.gms.ads.internal.webview.l",
                                      "bounds": [
                                        160,
                                        1716,
                                        1120,
                                        175
                                      ],
                                      "children": [
                                        {
                                          "class": "com.google.android.gms.ads.internal.webview.m",
                                          "bounds": [
                                            160,
                                            1716,
                                            1120,
                                            175
                                          ]
                                        }
                                      ]
                                    }
                                  ]
                                }
                              ]
                            }
                          ]
                        },
                        {
                          "class": "android.webkit.WebView",
                          "bounds": [
                            0,
                            2087,
                            1440,
                            217
                          ]
                        },
                        {
                          "class": "android.webkit.WebView",
                          "bounds": [
                            0,
                            2143,
                            1440,
                            1760
                          ]
                        }
                      ]
                    }
                  ]
                }
              ]
            }
          ]
        }
      ]
    }
  ]
}