{
  "class": "com.android.internal.policy.PhoneWindow$DecorView",
  "bounds": [
    0,
    0,
    1440,
    2560
  ],
  "children": [
    {
      "class": "android.widget.LinearLayout",
      "bounds": [
        0,
        0,
        1440,
        2392
      ],
      "children": [
        {
          "class": "android.widget.FrameLayout",
          "bounds": [
            0,
            0,
            1440,
            2392
          ],
          "children": [
            {
              "class": "android.support.v7.widget.FitWindowsLinearLayout",
              "bounds": [
                0,
                0,
                1440,
                2392
              ],
              "children": [
                {
                  "class": "android.support.v7.widget.ContentFrameLayout",
                  "bounds": [
                    0,
                    0,
                    1440,
                    2392
                  ],
                  "children": [
                    {
                      "class": "android.support.v4.widget.DrawerLayout",
                      "bounds": [
                        0,
                        0,
                        1440,
                        2392
                      ],
                      "children": [
                        {
                          "class": "android.support.design.widget.CoordinatorLayout",
                          "bounds": [
                            0,
                            0,
                            1440,
                            2392
                          ],
                          "children": [
                            {
                              "class": "android.support.design.widget.AppBarLayout",
                              "bounds": [
                                0,
                                168,
                                1440,
                                609
                              ],
                              "children": [
                                {
                                  "class": "android.support.v7.widget.Toolbar",
                                  "bounds": [
                                    0,
                                    84,
                                    1440,
                                    196
                                  ],
                                  "children": [
                                    {
                                      "class": "android.widget.TextView",
                                      "bounds": [
                                        420,
                                        186,
                                        568,
                                        144
                                      ]
                                    },
                                    {
                                      "class": "android.widget.ImageButton",
                                      "bounds": [
                                        0,
                                        84,
                                        196,
                                        196
                                      ]
                                    },
                                    {
                                      "class": "android.support.v7.widget.ActionMenuView",
                                      "bounds": [
                                        2544,
                                        84,
                                        1440,
                                        196
                                      ],
                                      "children": [
                                        {
                                          "class": "android.support.v7.widget.SearchView",
                                          "bounds": [
                                            1272,
                                            112,
                                            168,
                                            182
                                          ],
                                          "children": [
                                            {
                                              "class": "android.widget.LinearLayout",
                                              "bounds": [
                                                1272,
                                                98,
                                                168,
                                                168
                                              ],
                                              "children": [
                                                {
                                                  "class": "android.support.v7.widget.AppCompatImageView",
                                                  "bounds": [
                                                    1272,
                                                    98,
                                                    168,
                                                    168
                                                  ]
                                                }
                                              ]
                                            }
                                          ]
                                        }
                                      ]
                                    }
                                  ]
                                },
                                {
                                  "class": "android.widget.LinearLayout",
                                  "bounds": [
                                    0,
                                    476,
                                    1440,
                                    525
                                  ],
                                  "children": [
                                    {
                                      "class": "android.support.v7.widget.AppCompatTextView",
                                      "bounds": [
                                        140,
                                        494,
                                        924,
                                        210
                                      ]
                                    },
                                    {
                                      "class": "android.support.v7.widget.AppCompatTextView",
                                      "bounds": [
                                        140,
                                        736,
                                        351,
                                        294
                                      ]
                                    }
                                  ]
                                }
                              ]
                            },
                            {
                              "class": "android.widget.LinearLayout",
                              "bounds": [
                                0,
                                1218,
                                1440,
                                2392
                              ],
                              "children": [
                                {
                                  "class": "android.widget.ListView",
                                  "bounds": [
                                    140,
                                    609,
                                    1370,
                                    1590
                                  ],
                                  "children": [
                                    {
                                      "class": "android.widget.LinearLayout",
                                      "bounds": [
                                        70,
                                        609,
                                        1300,
                                        245
                                      ],
                                      "children": [
                                        {
                                          "class": "android.support.v7.widget.AppCompatTextView",
                                          "bounds": [
                                            70,
                                            679,
                                            175,
                                            210
                                          ]
                                        },
                                        {
                                          "class": "android.widget.LinearLayout",
                                          "bounds": [
                                            560,
                                            679,
                                            1300,
                                            210
                                          ],
                                          "children": [
                                            {
                                              "class": "android.support.v7.widget.AppCompatTextView",
                                              "bounds": [
                                                315,
                                                658,
                                                1055,
                                                92
                                              ]
                                            },
                                            {
                                              "class": "android.support.v7.widget.AppCompatTextView",
                                              "bounds": [
                                                315,
                                                828,
                                                293,
                                                168
                                              ]
                                            }
                                          ]
                                        }
                                      ]
                                    },
                                    {
                                      "class": "android.widget.LinearLayout",
                                      "bounds": [
                                        70,
                                        1107,
                                        1300,
                                        494
                                      ],
                                      "children": [
                                        {
                                          "class": "android.support.v7.widget.AppCompatTextView",
                                          "bounds": [
                                            70,
                                            928,
                                            175,
                                            210
                                          ]
                                        },
                                        {
                                          "class": "android.widget.LinearLayout",
                                          "bounds": [
                                            560,
                                            928,
                                            1300,
                                            210
                                          ],
                                          "children": [
                                            {
                                              "class": "android.support.v7.widget.AppCompatTextView",
                                              "bounds": [
                                                315,
                                                907,
                                                1055,
                                                92
                                              ]
                                            },
                                            {
                                              "class": "android.support.v7.widget.AppCompatTextView",
                                              "bounds": [
                                                315,
                                                1077,
                                                293,
                                                168
                                              ]
                                            }
                                          ]
                                        }
                                      ]
                                    },
                                    {
                                      "class": "android.widget.LinearLayout",
                                      "bounds": [
                                        70,
                                        1605,
                                        1300,
                                        743
                                      ],
                                      "children": [
                                        {
                                          "class": "android.support.v7.widget.AppCompatTextView",
                                          "bounds": [
                                            70,
                                            1177,
                                            175,
                                            210
                                          ]
                                        },
                                        {
                                          "class": "android.widget.LinearLayout",
                                          "bounds": [
                                            560,
                                            1177,
                                            1300,
                                            210
                                          ],
                                          "children": [
                                            {
                                              "class": "android.support.v7.widget.AppCompatTextView",
                                              "bounds": [
                                                315,
                                                1156,
                                                1055,
                                                92
                                              ]
                                            },
                                            {
                                              "class": "android.support.v7.widget.AppCompatTextView",
                                              "bounds": [
                                                315,
                                                1326,
                                                293,
                                                168
                                              ]
                                            }
                                          ]
                                        }
                                      ]
                                    },
                                    {
                                      "class": "android.widget.LinearLayout",
                                      "bounds": [
                                        70,
                                        2103,
                                        1300,
                                        992
                                      ],
                                      "children": [
                                        {
                                          "class": "android.support.v7.widget.AppCompatTextView",
                                          "bounds": [
                                            70,
                                            1426,
                                            175,
                                            210
                                          ]
                                        },
                                        {
                                          "class": "android.widget.LinearLayout",
                                          "bounds": [
                                            560,
                                            1426,
                                            1300,
                                            210
                                          ],
                                          "children": [
                                            {
                                              "class": "android.support.v7.widget.AppCompatTextView",
                                              "bounds": [
                                                315,
                                                1405,
                                                1055,
                                                92
                                              ]
                                            },
                                            {
                                              "class": "android.support.v7.widget.AppCompatTextView",
                                              "bounds": [
                                                315,
                                                1575,
                                                293,
                                                168
                                              ]
                                            }
                                          ]
                                        }
                                      ]
                                    },
                                    {
                                      "class": "android.widget.LinearLayout",
                                      "bounds": [
                                        70,
                                        2601,
                                        1300,
                                        1241
                                      ],
                                      "children": [
                                        {
                                          "class": "android.support.v7.widget.AppCompatTextView",
                                          "bounds": [
                                            70,
                                            1675,
                                            175,
                                            210
                                          ]
                                        },
                                        {
                                          "class": "android.widget.LinearLayout",
                                          "bounds": [
                                            560,
                                            1675,
                                            1300,
                                            210
                                          ],
                                          "children": [
                                            {
                                              "class": "android.support.v7.widget.AppCompatTextView",
                                              "bounds": [
                                                315,
                                                1654,
                                                1055,
                                                92
                                              ]
                                            },
                                            {
                                              "class": "android.support.v7.widget.AppCompatTextView",
                                              "bounds": [
                                                315,
                                                1824,
                                                293,
                                                168
                                              ]
                                            }
                                          ]
                                        }
                                      ]
                                    },
                                    {
                                      "class": "android.widget.LinearLayout",
                                      "bounds": [
                                        70,
                                        3099,
                                        1300,
                                        1490
                                      ],
                                      "children": [
                                        {
                                          "class": "android.support.v7.widget.AppCompatTextView",
                                          "bounds": [
                                            70,
                                            1924,
                                            175,
                                            210
                                          ]
                                        },
                                        {
                                          "class": "android.widget.LinearLayout",
                                          "bounds": [
                                            560,
                                            1924,
                                            1300,
                                            210
                                          ],
                                          "children": [
                                            {
                                              "class": "android.support.v7.widget.AppCompatTextView",
                                              "bounds": [
                                                315,
                                                1903,
                                                1055,
                                                92
                                              ]
                                            },
                                            {
                                              "class": "android.support.v7.widget.AppCompatTextView",
                                              "bounds": [
                                                315,
                                                2073,
                                                293,
                                                168
                                              ]
                                            }
                                          ]
                                        }
                                      ]
                                    },
                                    {
                                      "class": "android.widget.LinearLayout",
                                      "bounds": [
                                        70,
                                        3597,
                                        1300,
                                        1739
                                      ],
                                      "children": [
                                        {
                                          "class": "android.support.v7.widget.AppCompatTextView",
                                          "bounds": [
                                            70,
                                            2173,
                                            175,
                                            210
                                          ]
                                        },
                                        {
                                          "class": "android.widget.LinearLayout",
                                          "bounds": [
                                            560,
                                            2173,
                                            1300,
                                            210
                                          ],
                                          "children": [
                                            {
                                              "class": "android.support.v7.widget.AppCompatTextView",
                                              "bounds": [
                                                315,
                                                2152,
                                                1055,
                                                92
                                              ]
                                            },
                                            {
                                              "class": "android.support.v7.widget.AppCompatTextView",
                                              "bounds": [
                                                315,
                                                2322,
                                                293,
                                                168
                                              ]
                                            }
                                          ]
                                        }
                                      ]
                                    }
                                  ]
                                },
                                {
                                  "class": "com.google.android.gms.ads.AdView",
                                  "bounds": [
                                    320,
                                    3825,
                                    1280,
                                    1783
                                  ],
                                  "children": []
                                }
                              ]
                            }
                          ]
                        }
                      ]
                    }
                  ]
                }
              ]
            }
          ]
        }
      ]
    },
    {
      "class": "android.view.View",
      "bounds": [
        0,
        4784,
        1440,
        2560
      ]
    }
  ]
}