{
  "class": "com.android.internal.policy.PhoneWindow$DecorView",
  "bounds": [
    0,
    0,
    1440,
    2560
  ],
  "children": [
    {
      "class": "android.widget.LinearLayout",
      "bounds": [
        0,
        0,
        1440,
        2392
      ],
      "children": [
        {
          "class": "android.widget.FrameLayout",
          "bounds": [
            0,
            168,
            1440,
            2392
          ],
          "children": [
            {
              "class": "android.support.v7.widget.FitWindowsLinearLayout",
              "bounds": [
                0,
                84,
                1440,
                2308
              ],
              "children": [
                {
                  "class": "android.support.v7.widget.ContentFrameLayout",
                  "bounds": [
                    0,
                    84,
                    1440,
                    2308
                  ],
                  "children": [
                    {
                      "class": "com.bluelinelabs.conductor.ChangeHandlerFrameLayout",
                      "bounds": [
                        0,
                        84,
                        1440,
                        2308
                      ],
                      "children": [
                        {
                          "class": "android.support.v4.widget.DrawerLayout",
                          "bounds": [
                            0,
                            84,
                            1440,
                            2308
                          ],
                          "children": [
                            {
                              "class": "android.widget.RelativeLayout",
                              "bounds": [
                                0,
                                84,
                                1440,
                                2308
                              ],
                              "children": [
                                {
                                  "class": "com.sothree.slidinguppanel.SlidingUpPanelLayout",
                                  "bounds": [
                                    0,
                                    84,
                                    1440,
                                    2308
                                  ],
                                  "children": [
                                    {
                                      "class": "android.widget.RelativeLayout",
                                      "bounds": [
                                        0,
                                        84,
                                        1440,
                                        2308
                                      ],
                                      "children": [
                                        {
                                          "class": "net.adventureprojects.android.widget.MapView",
                                          "bounds": [
                                            0,
                                            84,
                                            1440,
                                            2308
                                          ],
                                          "children": [
                                            {
                                              "class": "android.widget.FrameLayout",
                                              "bounds": [
                                                0,
                                                84,
                                                1440,
                                                2308
                                              ],
                                              "children": [
                                                {
                                                  "class": "com.google.maps.api.android.lib6.gmm6.api.z",
                                                  "bounds": [
                                                    0,
                                                    84,
                                                    1440,
                                                    2308
                                                  ]
                                                },
                                                {
                                                  "class": "com.google.maps.api.android.lib6.impl.fr",
                                                  "bounds": [
                                                    0,
                                                    84,
                                                    1440,
                                                    2308
                                                  ],
                                                  "children": [
                                                    {
                                                      "class": "android.widget.ImageView",
                                                      "bounds": [
                                                        36,
                                                        4510,
                                                        228,
                                                        2290
                                                      ]
                                                    }
                                                  ]
                                                },
                                                {
                                                  "class": "android.widget.RelativeLayout",
                                                  "bounds": [
                                                    0,
                                                    84,
                                                    1440,
                                                    2308
                                                  ],
                                                  "children": [
                                                    {
                                                      "class": "android.widget.RelativeLayout",
                                                      "bounds": [
                                                        2810,
                                                        490,
                                                        1405,
                                                        2273
                                                      ],
                                                      "children": []
                                                    }
                                                  ]
                                                }
                                              ]
                                            }
                                          ]
                                        },
                                        {
                                          "class": "android.widget.LinearLayout",
                                          "bounds": [
                                            2530,
                                            420,
                                            1426,
                                            504
                                          ],
                                          "children": [
                                            {
                                              "class": "net.adventureprojects.android.widget.MapFollowButton",
                                              "bounds": [
                                                1265,
                                                252,
                                                161,
                                                161
                                              ],
                                              "children": [
                                                {
                                                  "class": "android.widget.ImageView",
                                                  "bounds": [
                                                    1265,
                                                    252,
                                                    161,
                                                    161
                                                  ]
                                                }
                                              ]
                                            },
                                            {
                                              "class": "net.adventureprojects.android.widget.TwoStateButton",
                                              "bounds": [
                                                1265,
                                                602,
                                                161,
                                                336
                                              ]
                                            }
                                          ]
                                        },
                                        {
                                          "class": "android.widget.LinearLayout",
                                          "bounds": [
                                            0,
                                            4350,
                                            1440,
                                            2308
                                          ],
                                          "children": [
                                            {
                                              "class": "net.adventureprojects.apcore.ui.view.MapScaleView",
                                              "bounds": [
                                                2068,
                                                2217,
                                                1384,
                                                175
                                              ]
                                            }
                                          ]
                                        },
                                        {
                                          "class": "android.widget.FrameLayout",
                                          "bounds": [
                                            1036,
                                            4434,
                                            921,
                                            2280
                                          ],
                                          "children": [
                                            {
                                              "class": "android.support.v7.widget.AppCompatButton",
                                              "bounds": [
                                                518,
                                                2259,
                                                403,
                                                105
                                              ]
                                            }
                                          ]
                                        },
                                        {
                                          "class": "android.widget.FrameLayout",
                                          "bounds": [
                                            0,
                                            352,
                                            1440,
                                            2308
                                          ]
                                        },
                                        {
                                          "class": "net.adventureprojects.android.widget.MapToolbar",
                                          "bounds": [
                                            0,
                                            84,
                                            1440,
                                            168
                                          ],
                                          "children": [
                                            {
                                              "class": "android.widget.RelativeLayout",
                                              "bounds": [
                                                0,
                                                84,
                                                1440,
                                                140
                                              ],
                                              "children": [
                                                {
                                                  "class": "android.widget.LinearLayout",
                                                  "bounds": [
                                                    0,
                                                    84,
                                                    175,
                                                    140
                                                  ],
                                                  "children": [
                                                    {
                                                      "class": "net.adventureprojects.android.widget.ApImageButton",
                                                      "bounds": [
                                                        0,
                                                        84,
                                                        175,
                                                        140
                                                      ]
                                                    }
                                                  ]
                                                },
                                                {
                                                  "class": "android.widget.LinearLayout",
                                                  "bounds": [
                                                    2650,
                                                    84,
                                                    1440,
                                                    140
                                                  ],
                                                  "children": [
                                                    {
                                                      "class": "net.adventureprojects.android.widget.ApImageButton",
                                                      "bounds": [
                                                        1325,
                                                        136,
                                                        87,
                                                        113
                                                      ]
                                                    }
                                                  ]
                                                }
                                              ]
                                            },
                                            {
                                              "class": "android.widget.ImageView",
                                              "bounds": [
                                                1300,
                                                84,
                                                790,
                                                168
                                              ]
                                            }
                                          ]
                                        }
                                      ]
                                    },
                                    {
                                      "class": "android.widget.FrameLayout",
                                      "bounds": [
                                        0,
                                        4700,
                                        1440,
                                        4616
                                      ]
                                    }
                                  ]
                                },
                                {
                                  "class": "net.adventureprojects.android.widget.PinBackButton",
                                  "bounds": [
                                    0,
                                    4700,
                                    1440,
                                    2308
                                  ],
                                  "children": [
                                    {
                                      "class": "android.widget.RelativeLayout",
                                      "bounds": [
                                        56,
                                        2392,
                                        1426,
                                        0
                                      ],
                                      "children": [
                                        {
                                          "class": "android.support.v7.widget.AppCompatImageView",
                                          "bounds": [
                                            28,
                                            2392,
                                            37,
                                            0
                                          ]
                                        },
                                        {
                                          "class": "android.support.v7.widget.AppCompatImageView",
                                          "bounds": [
                                            2684,
                                            2392,
                                            1398,
                                            0
                                          ]
                                        },
                                        {
                                          "class": "android.support.v7.widget.AppCompatTextView",
                                          "bounds": [
                                            130,
                                            2392,
                                            1314,
                                            0
                                          ]
                                        }
                                      ]
                                    }
                                  ]
                                },
                                {
                                  "class": "android.widget.FrameLayout",
                                  "bounds": [
                                    0,
                                    84,
                                    1440,
                                    2308
                                  ]
                                }
                              ]
                            }
                          ]
                        }
                      ]
                    }
                  ]
                }
              ]
            }
          ]
        }
      ]
    },
    {
      "class": "android.view.View",
      "bounds": [
        0,
        4784,
        1440,
        2560
      ]
    },
    {
      "class": "android.view.View",
      "bounds": [
        0,
        0,
        1440,
        84
      ]
    }
  ]
}