{
  "class": "com.android.internal.policy.PhoneWindow$DecorView",
  "bounds": [
    0,
    0,
    1440,
    2560
  ],
  "children": [
    {
      "class": "android.widget.LinearLayout",
      "bounds": [
        0,
        0,
        1440,
        2392
      ],
      "children": [
        {
          "class": "android.widget.FrameLayout",
          "bounds": [
            0,
            0,
            1440,
            2392
          ],
          "children": [
            {
              "class": "android.support.v7.widget.FitWindowsLinearLayout",
              "bounds": [
                0,
                0,
                1440,
                2392
              ],
              "children": [
                {
                  "class": "android.support.v7.widget.ContentFrameLayout",
                  "bounds": [
                    0,
                    0,
                    1440,
                    2392
                  ],
                  "children": [
                    {
                      "class": "android.support.v4.widget.DrawerLayout",
                      "bounds": [
                        0,
                        0,
                        1440,
                        2392
                      ],
                      "children": [
                        {
                          "class": "android.widget.LinearLayout",
                          "bounds": [
                            0,
                            0,
                            1440,
                            2392
                          ],
                          "children": [
                            {
                              "class": "android.widget.FrameLayout",
                              "bounds": [
                                0,
                                0,
                                1440,
                                2392
                              ],
                              "children": [
                                {
                                  "class": "android.widget.FrameLayout",
                                  "bounds": [
                                    0,
                                    0,
                                    1440,
                                    2392
                                  ],
                                  "children": [
                                    {
                                      "class": "android.widget.RelativeLayout",
                                      "bounds": [
                                        0,
                                        0,
                                        1440,
                                        2392
                                      ],
                                      "children": [
                                        {
                                          "class": "android.widget.FrameLayout",
                                          "bounds": [
                                            0,
                                            0,
                                            1440,
                                            2392
                                          ],
                                          "children": [
                                            {
                                              "class": "com.tblabs.presentation.components.custom.maps.TouchableWrapper",
                                              "bounds": [
                                                0,
                                                0,
                                                1440,
                                                2392
                                              ],
                                              "children": [
                                                {
                                                  "class": "android.widget.FrameLayout",
                                                  "bounds": [
                                                    0,
                                                    0,
                                                    1440,
                                                    2392
                                                  ],
                                                  "children": [
                                                    {
                                                      "class": "android.widget.FrameLayout",
                                                      "bounds": [
                                                        0,
                                                        0,
                                                        1440,
                                                        2392
                                                      ],
                                                      "children": [
                                                        {
                                                          "class": "maps.D.p",
                                                          "bounds": [
                                                            0,
                                                            0,
                                                            1440,
                                                            2392
                                                          ]
                                                        },
                                                        {
                                                          "class": "maps.ad.ay$a",
                                                          "bounds": [
                                                            0,
                                                            0,
                                                            1440,
                                                            2392
                                                          ],
                                                          "children": [
                                                            {
                                                              "class": "android.widget.ImageView",
                                                              "bounds": [
                                                                36,
                                                                4594,
                                                                228,
                                                                2374
                                                              ]
                                                            }
                                                          ]
                                                        },
                                                        {
                                                          "class": "android.widget.RelativeLayout",
                                                          "bounds": [
                                                            0,
                                                            0,
                                                            1440,
                                                            2392
                                                          ],
                                                          "children": [
                                                            {
                                                              "class": "android.widget.RelativeLayout",
                                                              "bounds": [
                                                                2810,
                                                                70,
                                                                1405,
                                                                2357
                                                              ],
                                                              "children": []
                                                            }
                                                          ]
                                                        }
                                                      ]
                                                    }
                                                  ]
                                                }
                                              ]
                                            },
                                            {
                                              "class": "android.view.View",
                                              "bounds": [
                                                0,
                                                0,
                                                1440,
                                                2392
                                              ]
                                            }
                                          ]
                                        }
                                      ]
                                    }
                                  ]
                                },
                                {
                                  "class": "android.widget.FrameLayout",
                                  "bounds": [
                                    0,
                                    0,
                                    1440,
                                    2392
                                  ],
                                  "children": [
                                    {
                                      "class": "android.widget.LinearLayout",
                                      "bounds": [
                                        0,
                                        0,
                                        1440,
                                        2392
                                      ],
                                      "children": [
                                        {
                                          "class": "android.widget.LinearLayout",
                                          "bounds": [
                                            0,
                                            0,
                                            1440,
                                            280
                                          ],
                                          "children": []
                                        },
                                        {
                                          "class": "android.widget.FrameLayout",
                                          "bounds": [
                                            0,
                                            560,
                                            1440,
                                            2392
                                          ]
                                        }
                                      ]
                                    }
                                  ]
                                },
                                {
                                  "class": "android.widget.RelativeLayout",
                                  "bounds": [
                                    0,
                                    0,
                                    1440,
                                    2392
                                  ],
                                  "children": []
                                },
                                {
                                  "class": "android.widget.LinearLayout",
                                  "bounds": [
                                    0,
                                    0,
                                    1440,
                                    2392
                                  ],
                                  "children": [
                                    {
                                      "class": "android.widget.LinearLayout",
                                      "bounds": [
                                        0,
                                        4784,
                                        1440,
                                        2392
                                      ],
                                      "children": []
                                    }
                                  ]
                                },
                                {
                                  "class": "android.widget.RelativeLayout",
                                  "bounds": [
                                    0,
                                    0,
                                    1440,
                                    2392
                                  ],
                                  "children": [
                                    {
                                      "class": "android.widget.FrameLayout",
                                      "bounds": [
                                        0,
                                        0,
                                        56,
                                        2392
                                      ]
                                    },
                                    {
                                      "class": "android.view.View",
                                      "bounds": [
                                        0,
                                        0,
                                        1440,
                                        84
                                      ]
                                    },
                                    {
                                      "class": "android.support.v7.widget.AppCompatImageView",
                                      "bounds": [
                                        0,
                                        0,
                                        1440,
                                        2392
                                      ]
                                    },
                                    {
                                      "class": "android.support.v7.widget.AppCompatImageView",
                                      "bounds": [
                                        1398,
                                        2342,
                                        741,
                                        1220
                                      ]
                                    },
                                    {
                                      "class": "android.support.v7.widget.AppCompatImageView",
                                      "bounds": [
                                        1334,
                                        2132,
                                        772,
                                        1171
                                      ]
                                    },
                                    {
                                      "class": "android.widget.LinearLayout",
                                      "bounds": [
                                        0,
                                        2046,
                                        1440,
                                        1171
                                      ],
                                      "children": [
                                        {
                                          "class": "android.widget.FrameLayout",
                                          "bounds": [
                                            0,
                                            1023,
                                            72,
                                            148
                                          ]
                                        },
                                        {
                                          "class": "android.widget.FrameLayout",
                                          "bounds": [
                                            144,
                                            1023,
                                            1368,
                                            148
                                          ],
                                          "children": [
                                            {
                                              "class": "android.widget.LinearLayout",
                                              "bounds": [
                                                750,
                                                1023,
                                                957,
                                                148
                                              ],
                                              "children": [
                                                {
                                                  "class": "android.widget.LinearLayout",
                                                  "bounds": [
                                                    433,
                                                    1045,
                                                    607,
                                                    137
                                                  ],
                                                  "children": [
                                                    {
                                                      "class": "android.widget.LinearLayout",
                                                      "bounds": [
                                                        422,
                                                        1034,
                                                        596,
                                                        126
                                                      ],
                                                      "children": [
                                                        {
                                                          "class": "com.tblabs.presentation.components.custom.textview.TaxibeatTextView",
                                                          "bounds": [
                                                            506,
                                                            1034,
                                                            428,
                                                            126
                                                          ]
                                                        },
                                                        {
                                                          "class": "com.tblabs.views.RotateLoading",
                                                          "bounds": [
                                                            1389,
                                                            1089,
                                                            554,
                                                            98
                                                          ]
                                                        }
                                                      ]
                                                    }
                                                  ]
                                                }
                                              ]
                                            }
                                          ]
                                        },
                                        {
                                          "class": "android.widget.FrameLayout",
                                          "bounds": [
                                            2736,
                                            1023,
                                            1440,
                                            148
                                          ]
                                        }
                                      ]
                                    }
                                  ]
                                },
                                {
                                  "class": "android.widget.RelativeLayout",
                                  "bounds": [
                                    0,
                                    0,
                                    1440,
                                    2392
                                  ],
                                  "children": [
                                    {
                                      "class": "android.widget.LinearLayout",
                                      "bounds": [
                                        0,
                                        2090,
                                        1440,
                                        1171
                                      ],
                                      "children": [
                                        {
                                          "class": "android.widget.FrameLayout",
                                          "bounds": [
                                            144,
                                            1045,
                                            1368,
                                            126
                                          ],
                                          "children": [
                                            {
                                              "class": "android.widget.FrameLayout",
                                              "bounds": [
                                                752,
                                                1045,
                                                956,
                                                126
                                              ],
                                              "children": [
                                                {
                                                  "class": "android.support.v7.widget.AppCompatImageView",
                                                  "bounds": [
                                                    412,
                                                    1045,
                                                    616,
                                                    126
                                                  ]
                                                }
                                              ]
                                            }
                                          ]
                                        }
                                      ]
                                    }
                                  ]
                                },
                                {
                                  "class": "android.widget.FrameLayout",
                                  "bounds": [
                                    0,
                                    0,
                                    1440,
                                    2392
                                  ],
                                  "children": [
                                    {
                                      "class": "android.support.v7.widget.AppCompatImageView",
                                      "bounds": [
                                        0,
                                        0,
                                        1440,
                                        2392
                                      ]
                                    },
                                    {
                                      "class": "android.widget.FrameLayout",
                                      "bounds": [
                                        0,
                                        0,
                                        1440,
                                        2392
                                      ],
                                      "children": [
                                        {
                                          "class": "android.widget.LinearLayout",
                                          "bounds": [
                                            0,
                                            1066,
                                            1440,
                                            1858
                                          ],
                                          "children": [
                                            {
                                              "class": "android.view.View",
                                              "bounds": [
                                                0,
                                                533,
                                                1440,
                                                84
                                              ]
                                            },
                                            {
                                              "class": "com.tblabs.presentation.components.custom.textview.TaxibeatTextView",
                                              "bounds": [
                                                1222,
                                                701,
                                                828,
                                                303
                                              ]
                                            },
                                            {
                                              "class": "com.tblabs.presentation.components.custom.textview.TaxibeatTextView",
                                              "bounds": [
                                                330,
                                                1335,
                                                1275,
                                                602
                                              ]
                                            },
                                            {
                                              "class": "com.tblabs.presentation.components.custom.textview.TaxibeatTextView",
                                              "bounds": [
                                                252,
                                                1839,
                                                1314,
                                                807
                                              ]
                                            },
                                            {
                                              "class": "android.widget.FrameLayout",
                                              "bounds": [
                                                0,
                                                2847,
                                                1440,
                                                1325
                                              ],
                                              "children": [
                                                {
                                                  "class": "android.support.v7.widget.AppCompatSpinner",
                                                  "bounds": [
                                                    120,
                                                    1690,
                                                    1380,
                                                    168
                                                  ],
                                                  "children": [
                                                    {
                                                      "class": "com.tblabs.presentation.components.custom.textview.TaxibeatTextView",
                                                      "bounds": [
                                                        60,
                                                        1722,
                                                        1271,
                                                        144
                                                      ]
                                                    }
                                                  ]
                                                }
                                              ]
                                            }
                                          ]
                                        }
                                      ]
                                    }
                                  ]
                                }
                              ]
                            }
                          ]
                        }
                      ]
                    }
                  ]
                }
              ]
            }
          ]
        }
      ]
    },
    {
      "class": "android.view.View",
      "bounds": [
        0,
        4784,
        1440,
        2560
      ]
    }
  ]
}