{
  "class": "com.android.internal.policy.PhoneWindow$DecorView",
  "bounds": [
    0,
    0,
    1440,
    2560
  ],
  "children": [
    {
      "class": "android.widget.RelativeLayout",
      "bounds": [
        0,
        0,
        1440,
        2560
      ],
      "children": [
        {
          "class": "android.widget.LinearLayout",
          "bounds": [
            0,
            0,
            1440,
            2392
          ],
          "children": [
            {
              "class": "android.widget.FrameLayout",
              "bounds": [
                0,
                168,
                1440,
                2392
              ],
              "children": [
                {
                  "class": "android.support.v7.internal.widget.ActionBarOverlayLayout",
                  "bounds": [
                    0,
                    84,
                    1440,
                    2308
                  ],
                  "children": [
                    {
                      "class": "android.support.v7.internal.widget.ContentFrameLayout",
                      "bounds": [
                        0,
                        476,
                        1440,
                        2308
                      ],
                      "children": [
                        {
                          "class": "android.widget.FrameLayout",
                          "bounds": [
                            0,
                            280,
                            1440,
                            2112
                          ],
                          "children": [
                            {
                              "class": "com.qbiki.widget.SoftKeyboardDetectingLinearLayout",
                              "bounds": [
                                0,
                                280,
                                1440,
                                2112
                              ],
                              "children": [
                                {
                                  "class": "com.google.android.gms.ads.AdView",
                                  "bounds": [
                                    0,
                                    364,
                                    1440,
                                    175
                                  ],
                                  "children": [
                                    {
                                      "class": "com.google.android.gms.ads.internal.bp",
                                      "bounds": [
                                        320,
                                        280,
                                        1280,
                                        175
                                      ],
                                      "children": [
                                        {
                                          "class": "com.google.android.gms.ads.internal.webview.n",
                                          "bounds": [
                                            160,
                                            280,
                                            1120,
                                            175
                                          ],
                                          "children": [
                                            {
                                              "class": "com.google.android.gms.ads.internal.webview.o",
                                              "bounds": [
                                                160,
                                                280,
                                                1120,
                                                175
                                              ]
                                            }
                                          ]
                                        }
                                      ]
                                    }
                                  ]
                                },
                                {
                                  "class": "android.widget.FrameLayout",
                                  "bounds": [
                                    0,
                                    630,
                                    1440,
                                    2112
                                  ],
                                  "children": [
                                    {
                                      "class": "android.webkit.WebView",
                                      "bounds": [
                                        0,
                                        455,
                                        1440,
                                        1937
                                      ]
                                    }
                                  ]
                                }
                              ]
                            }
                          ]
                        }
                      ]
                    },
                    {
                      "class": "android.support.v7.internal.widget.ActionBarContainer",
                      "bounds": [
                        0,
                        84,
                        1440,
                        196
                      ],
                      "children": [
                        {
                          "class": "android.support.v7.widget.Toolbar",
                          "bounds": [
                            0,
                            84,
                            1440,
                            196
                          ],
                          "children": [
                            {
                              "class": "android.widget.TextView",
                              "bounds": [
                                112,
                                186,
                                802,
                                144
                              ]
                            },
                            {
                              "class": "android.support.v7.widget.ActionMenuView",
                              "bounds": [
                                2880,
                                84,
                                1440,
                                196
                              ]
                            }
                          ]
                        }
                      ]
                    }
                  ]
                }
              ]
            }
          ]
        },
        {
          "class": "com.pollfish.d.a",
          "bounds": [
            0,
            0,
            1440,
            2560
          ]
        }
      ]
    },
    {
      "class": "android.view.View",
      "bounds": [
        0,
        4784,
        1440,
        2560
      ]
    },
    {
      "class": "android.view.View",
      "bounds": [
        0,
        0,
        1440,
        84
      ]
    }
  ]
}