{
  "class": "com.android.internal.policy.PhoneWindow$DecorView",
  "bounds": [
    0,
    0,
    1440,
    2392
  ],
  "children": [
    {
      "class": "android.widget.LinearLayout",
      "bounds": [
        0,
        0,
        1440,
        2392
      ],
      "children": [
        {
          "class": "android.widget.FrameLayout",
          "bounds": [
            0,
            168,
            1440,
            2392
          ],
          "children": [
            {
              "class": "android.widget.FrameLayout",
              "bounds": [
                0,
                84,
                1440,
                2308
              ],
              "children": [
                {
                  "class": "android.widget.FrameLayout",
                  "bounds": [
                    0,
                    84,
                    1152,
                    2308
                  ],
                  "children": [
                    {
                      "class": "android.widget.LinearLayout",
                      "bounds": [
                        0,
                        84,
                        1152,
                        2308
                      ],
                      "children": [
                        {
                          "class": "android.widget.RelativeLayout",
                          "bounds": [
                            0,
                            84,
                            1152,
                            214
                          ],
                          "children": [
                            {
                              "class": "android.widget.FrameLayout",
                              "bounds": [
                                1806,
                                144,
                                1134,
                                184
                              ],
                              "children": []
                            },
                            {
                              "class": "android.widget.TextView",
                              "bounds": [
                                36,
                                222,
                                867,
                                145
                              ]
                            }
                          ]
                        },
                        {
                          "class": "android.widget.ListView",
                          "bounds": [
                            0,
                            512,
                            1152,
                            2308
                          ],
                          "children": [
                            {
                              "class": "android.widget.FrameLayout",
                              "bounds": [
                                0,
                                298,
                                1152,
                                119
                              ],
                              "children": [
                                {
                                  "class": "android.widget.RelativeLayout",
                                  "bounds": [
                                    0,
                                    298,
                                    1152,
                                    119
                                  ],
                                  "children": [
                                    {
                                      "class": "android.widget.TextView",
                                      "bounds": [
                                        0,
                                        370,
                                        175,
                                        83
                                      ]
                                    }
                                  ]
                                }
                              ]
                            },
                            {
                              "class": "android.widget.FrameLayout",
                              "bounds": [
                                0,
                                540,
                                1152,
                                322
                              ],
                              "children": [
                                {
                                  "class": "android.widget.RelativeLayout",
                                  "bounds": [
                                    0,
                                    419,
                                    1152,
                                    201
                                  ],
                                  "children": [
                                    {
                                      "class": "android.widget.ImageView",
                                      "bounds": [
                                        0,
                                        419,
                                        201,
                                        201
                                      ]
                                    },
                                    {
                                      "class": "android.widget.TextView",
                                      "bounds": [
                                        402,
                                        563,
                                        421,
                                        129
                                      ]
                                    }
                                  ]
                                }
                              ]
                            },
                            {
                              "class": "android.widget.FrameLayout",
                              "bounds": [
                                0,
                                946,
                                1152,
                                525
                              ],
                              "children": [
                                {
                                  "class": "android.widget.RelativeLayout",
                                  "bounds": [
                                    0,
                                    622,
                                    1152,
                                    201
                                  ],
                                  "children": [
                                    {
                                      "class": "android.widget.ImageView",
                                      "bounds": [
                                        0,
                                        622,
                                        201,
                                        201
                                      ]
                                    },
                                    {
                                      "class": "android.widget.TextView",
                                      "bounds": [
                                        402,
                                        766,
                                        492,
                                        129
                                      ]
                                    }
                                  ]
                                }
                              ]
                            },
                            {
                              "class": "android.widget.FrameLayout",
                              "bounds": [
                                0,
                                1352,
                                1152,
                                728
                              ],
                              "children": [
                                {
                                  "class": "android.widget.RelativeLayout",
                                  "bounds": [
                                    0,
                                    825,
                                    1152,
                                    201
                                  ],
                                  "children": [
                                    {
                                      "class": "android.widget.ImageView",
                                      "bounds": [
                                        0,
                                        825,
                                        201,
                                        201
                                      ]
                                    },
                                    {
                                      "class": "android.widget.TextView",
                                      "bounds": [
                                        402,
                                        969,
                                        377,
                                        129
                                      ]
                                    }
                                  ]
                                }
                              ]
                            },
                            {
                              "class": "android.widget.FrameLayout",
                              "bounds": [
                                0,
                                1758,
                                1152,
                                849
                              ],
                              "children": [
                                {
                                  "class": "android.widget.RelativeLayout",
                                  "bounds": [
                                    0,
                                    1028,
                                    1152,
                                    119
                                  ],
                                  "children": [
                                    {
                                      "class": "android.widget.TextView",
                                      "bounds": [
                                        0,
                                        1100,
                                        234,
                                        83
                                      ]
                                    }
                                  ]
                                }
                              ]
                            },
                            {
                              "class": "android.widget.FrameLayout",
                              "bounds": [
                                0,
                                2000,
                                1152,
                                1052
                              ],
                              "children": [
                                {
                                  "class": "android.widget.RelativeLayout",
                                  "bounds": [
                                    0,
                                    1149,
                                    1152,
                                    201
                                  ],
                                  "children": [
                                    {
                                      "class": "android.widget.ImageView",
                                      "bounds": [
                                        0,
                                        1149,
                                        201,
                                        201
                                      ]
                                    },
                                    {
                                      "class": "android.widget.TextView",
                                      "bounds": [
                                        402,
                                        1293,
                                        467,
                                        129
                                      ]
                                    }
                                  ]
                                }
                              ]
                            },
                            {
                              "class": "android.widget.FrameLayout",
                              "bounds": [
                                0,
                                2406,
                                1152,
                                1173
                              ],
                              "children": [
                                {
                                  "class": "android.widget.RelativeLayout",
                                  "bounds": [
                                    0,
                                    1352,
                                    1152,
                                    119
                                  ],
                                  "children": [
                                    {
                                      "class": "android.widget.TextView",
                                      "bounds": [
                                        0,
                                        1424,
                                        137,
                                        83
                                      ]
                                    }
                                  ]
                                }
                              ]
                            },
                            {
                              "class": "android.widget.FrameLayout",
                              "bounds": [
                                0,
                                2648,
                                1152,
                                1376
                              ],
                              "children": [
                                {
                                  "class": "android.widget.RelativeLayout",
                                  "bounds": [
                                    0,
                                    1473,
                                    1152,
                                    201
                                  ],
                                  "children": [
                                    {
                                      "class": "android.widget.ImageView",
                                      "bounds": [
                                        0,
                                        1473,
                                        201,
                                        201
                                      ]
                                    },
                                    {
                                      "class": "android.widget.TextView",
                                      "bounds": [
                                        402,
                                        1617,
                                        355,
                                        129
                                      ]
                                    }
                                  ]
                                }
                              ]
                            },
                            {
                              "class": "android.widget.FrameLayout",
                              "bounds": [
                                0,
                                3054,
                                1152,
                                1579
                              ],
                              "children": [
                                {
                                  "class": "android.widget.RelativeLayout",
                                  "bounds": [
                                    0,
                                    1676,
                                    1152,
                                    201
                                  ],
                                  "children": [
                                    {
                                      "class": "android.widget.ImageView",
                                      "bounds": [
                                        0,
                                        1676,
                                        201,
                                        201
                                      ]
                                    },
                                    {
                                      "class": "android.widget.TextView",
                                      "bounds": [
                                        402,
                                        1820,
                                        507,
                                        129
                                      ]
                                    }
                                  ]
                                }
                              ]
                            }
                          ]
                        }
                      ]
                    },
                    {
                      "class": "com.panasonic.pavc.viera.vieraremote2.view.TipsBalloonView",
                      "bounds": [
                        1152,
                        84,
                        576,
                        0
                      ],
                      "children": []
                    }
                  ]
                },
                {
                  "class": "com.panasonic.pavc.viera.vieraremote2.view.TrackingView",
                  "bounds": [
                    0,
                    84,
                    1440,
                    2308
                  ],
                  "children": [
                    {
                      "class": "com.panasonic.pavc.viera.vieraremote2.view.FunctionAreaLayout",
                      "bounds": [
                        0,
                        84,
                        1440,
                        2308
                      ],
                      "children": [
                        {
                          "class": "android.widget.FrameLayout",
                          "bounds": [
                            0,
                            84,
                            1440,
                            175
                          ],
                          "children": [
                            {
                              "class": "android.widget.LinearLayout",
                              "bounds": [
                                0,
                                84,
                                1440,
                                175
                              ],
                              "children": [
                                {
                                  "class": "android.widget.FrameLayout",
                                  "bounds": [
                                    36,
                                    120,
                                    249,
                                    193
                                  ],
                                  "children": [
                                    {
                                      "class": "android.widget.ImageButton",
                                      "bounds": [
                                        18,
                                        102,
                                        231,
                                        154
                                      ]
                                    }
                                  ]
                                }
                              ]
                            },
                            {
                              "class": "android.widget.LinearLayout",
                              "bounds": [
                                1494,
                                154,
                                992,
                                140
                              ],
                              "children": [
                                {
                                  "class": "android.widget.ImageView",
                                  "bounds": [
                                    747,
                                    119,
                                    105,
                                    105
                                  ]
                                },
                                {
                                  "class": "android.widget.ImageView",
                                  "bounds": [
                                    1027,
                                    119,
                                    245,
                                    105
                                  ]
                                }
                              ]
                            }
                          ]
                        },
                        {
                          "class": "android.widget.FrameLayout",
                          "bounds": [
                            0,
                            434,
                            1440,
                            350
                          ],
                          "children": [
                            {
                              "class": "com.panasonic.pavc.viera.vieraremote2.view.SwipeShareNaviBarView",
                              "bounds": [
                                0,
                                259,
                                1440,
                                175
                              ],
                              "children": [
                                {
                                  "class": "android.widget.ImageView",
                                  "bounds": [
                                    0,
                                    591,
                                    1440,
                                    175
                                  ]
                                },
                                {
                                  "class": "android.widget.FrameLayout",
                                  "bounds": [
                                    36,
                                    295,
                                    249,
                                    157
                                  ],
                                  "children": [
                                    {
                                      "class": "android.widget.ImageButton",
                                      "bounds": [
                                        18,
                                        277,
                                        231,
                                        154
                                      ]
                                    }
                                  ]
                                }
                              ]
                            }
                          ]
                        },
                        {
                          "class": "com.panasonic.pavc.viera.vieraremote2.view.FunctionFragmentRootLayout",
                          "bounds": [
                            0,
                            784,
                            1440,
                            2308
                          ],
                          "children": [
                            {
                              "class": "android.widget.LinearLayout",
                              "bounds": [
                                0,
                                434,
                                1440,
                                1958
                              ],
                              "children": [
                                {
                                  "class": "android.widget.GridView",
                                  "bounds": [
                                    0,
                                    434,
                                    1440,
                                    1958
                                  ],
                                  "children": [
                                    {
                                      "class": "com.panasonic.pavc.viera.vieraremote2.activity.swipeshare.SwipeShareGridItem",
                                      "bounds": [
                                        0,
                                        434,
                                        480,
                                        525
                                      ],
                                      "children": [
                                        {
                                          "class": "android.widget.ImageView",
                                          "bounds": [
                                            0,
                                            434,
                                            480,
                                            525
                                          ]
                                        }
                                      ]
                                    },
                                    {
                                      "class": "com.panasonic.pavc.viera.vieraremote2.activity.swipeshare.SwipeShareGridItem",
                                      "bounds": [
                                        960,
                                        434,
                                        960,
                                        525
                                      ],
                                      "children": [
                                        {
                                          "class": "android.widget.ImageView",
                                          "bounds": [
                                            480,
                                            434,
                                            480,
                                            525
                                          ]
                                        }
                                      ]
                                    },
                                    {
                                      "class": "com.panasonic.pavc.viera.vieraremote2.activity.swipeshare.SwipeShareGridItem",
                                      "bounds": [
                                        1920,
                                        434,
                                        1440,
                                        525
                                      ],
                                      "children": [
                                        {
                                          "class": "android.widget.ImageView",
                                          "bounds": [
                                            960,
                                            434,
                                            480,
                                            525
                                          ]
                                        }
                                      ]
                                    },
                                    {
                                      "class": "com.panasonic.pavc.viera.vieraremote2.activity.swipeshare.SwipeShareGridItem",
                                      "bounds": [
                                        0,
                                        1554,
                                        480,
                                        1085
                                      ],
                                      "children": [
                                        {
                                          "class": "android.widget.ImageView",
                                          "bounds": [
                                            0,
                                            994,
                                            480,
                                            525
                                          ]
                                        }
                                      ]
                                    },
                                    {
                                      "class": "com.panasonic.pavc.viera.vieraremote2.activity.swipeshare.SwipeShareGridItem",
                                      "bounds": [
                                        960,
                                        1554,
                                        960,
                                        1085
                                      ],
                                      "children": [
                                        {
                                          "class": "android.widget.ImageView",
                                          "bounds": [
                                            480,
                                            994,
                                            480,
                                            525
                                          ]
                                        }
                                      ]
                                    },
                                    {
                                      "class": "com.panasonic.pavc.viera.vieraremote2.activity.swipeshare.SwipeShareGridItem",
                                      "bounds": [
                                        1920,
                                        1554,
                                        1440,
                                        1085
                                      ],
                                      "children": [
                                        {
                                          "class": "android.widget.ImageView",
                                          "bounds": [
                                            960,
                                            994,
                                            480,
                                            525
                                          ]
                                        }
                                      ]
                                    },
                                    {
                                      "class": "com.panasonic.pavc.viera.vieraremote2.activity.swipeshare.SwipeShareGridItem",
                                      "bounds": [
                                        0,
                                        2674,
                                        480,
                                        1645
                                      ],
                                      "children": [
                                        {
                                          "class": "android.widget.ImageView",
                                          "bounds": [
                                            0,
                                            1554,
                                            480,
                                            525
                                          ]
                                        }
                                      ]
                                    },
                                    {
                                      "class": "com.panasonic.pavc.viera.vieraremote2.activity.swipeshare.SwipeShareGridItem",
                                      "bounds": [
                                        960,
                                        2674,
                                        960,
                                        1645
                                      ],
                                      "children": [
                                        {
                                          "class": "android.widget.ImageView",
                                          "bounds": [
                                            480,
                                            1554,
                                            480,
                                            525
                                          ]
                                        }
                                      ]
                                    },
                                    {
                                      "class": "com.panasonic.pavc.viera.vieraremote2.activity.swipeshare.SwipeShareGridItem",
                                      "bounds": [
                                        1920,
                                        2674,
                                        1440,
                                        1645
                                      ],
                                      "children": [
                                        {
                                          "class": "android.widget.ImageView",
                                          "bounds": [
                                            960,
                                            1554,
                                            480,
                                            525
                                          ]
                                        }
                                      ]
                                    }
                                  ]
                                },
                                {
                                  "class": "android.widget.TextView",
                                  "bounds": [
                                    1238,
                                    4350,
                                    820,
                                    1958
                                  ]
                                }
                              ]
                            }
                          ]
                        },
                        {
                          "class": "android.widget.RelativeLayout",
                          "bounds": [
                            1984,
                            434,
                            1440,
                            350
                          ],
                          "children": []
                        },
                        {
                          "class": "com.panasonic.pavc.viera.vieraremote2.view.TipsBalloonView",
                          "bounds": [
                            0,
                            784,
                            1300,
                            967
                          ],
                          "children": []
                        },
                        {
                          "class": "android.widget.ImageView",
                          "bounds": [
                            1984,
                            84,
                            1440,
                            371
                          ]
                        },
                        {
                          "class": "com.panasonic.pavc.viera.vieraremote2.view.SwipeShareIconView",
                          "bounds": [
                            0,
                            84,
                            1440,
                            2308
                          ],
                          "children": [
                            {
                              "class": "android.widget.FrameLayout",
                              "bounds": [
                                0,
                                84,
                                1440,
                                2308
                              ],
                              "children": [
                                {
                                  "class": "android.widget.RelativeLayout",
                                  "bounds": [
                                    2880,
                                    84,
                                    1440,
                                    0
                                  ],
                                  "children": []
                                }
                              ]
                            }
                          ]
                        }
                      ]
                    }
                  ]
                },
                {
                  "class": "com.panasonic.pavc.viera.vieraremote2.view.TipHelpView",
                  "bounds": [
                    0,
                    84,
                    1440,
                    2308
                  ],
                  "children": []
                },
                {
                  "class": "com.panasonic.pavc.viera.vieraremote2.view.SwipeShareTipMovieView",
                  "bounds": [
                    0,
                    84,
                    1440,
                    2308
                  ],
                  "children": []
                }
              ]
            }
          ]
        }
      ]
    }
  ]
}