{
  "class": "com.android.internal.policy.PhoneWindow$DecorView",
  "bounds": [
    0,
    0,
    1440,
    2560
  ],
  "children": [
    {
      "class": "android.widget.LinearLayout",
      "bounds": [
        0,
        0,
        1440,
        2392
      ],
      "children": [
        {
          "class": "android.widget.FrameLayout",
          "bounds": [
            0,
            168,
            1440,
            2392
          ],
          "children": [
            {
              "class": "android.support.v7.internal.widget.FitWindowsLinearLayout",
              "bounds": [
                0,
                84,
                1440,
                2308
              ],
              "children": [
                {
                  "class": "android.support.v7.internal.widget.ContentFrameLayout",
                  "bounds": [
                    0,
                    84,
                    1440,
                    2308
                  ],
                  "children": [
                    {
                      "class": "android.support.v4.widget.DrawerLayout",
                      "bounds": [
                        0,
                        84,
                        1440,
                        2308
                      ],
                      "children": [
                        {
                          "class": "android.widget.LinearLayout",
                          "bounds": [
                            0,
                            84,
                            1440,
                            2308
                          ],
                          "children": [
                            {
                              "class": "android.widget.LinearLayout",
                              "bounds": [
                                0,
                                84,
                                1440,
                                196
                              ],
                              "children": [
                                {
                                  "class": "android.support.v7.widget.Toolbar",
                                  "bounds": [
                                    0,
                                    84,
                                    1440,
                                    196
                                  ],
                                  "children": [
                                    {
                                      "class": "android.widget.TextView",
                                      "bounds": [
                                        420,
                                        186,
                                        670,
                                        144
                                      ]
                                    },
                                    {
                                      "class": "android.support.v7.widget.ActionMenuView",
                                      "bounds": [
                                        2880,
                                        84,
                                        1440,
                                        196
                                      ]
                                    },
                                    {
                                      "class": "android.widget.ImageButton",
                                      "bounds": [
                                        0,
                                        84,
                                        196,
                                        196
                                      ]
                                    }
                                  ]
                                }
                              ]
                            },
                            {
                              "class": "android.widget.FrameLayout",
                              "bounds": [
                                0,
                                476,
                                1440,
                                2308
                              ],
                              "children": [
                                {
                                  "class": "android.widget.LinearLayout",
                                  "bounds": [
                                    0,
                                    280,
                                    1440,
                                    2112
                                  ],
                                  "children": [
                                    {
                                      "class": "android.support.v7.widget.AppCompatEditText",
                                      "bounds": [
                                        0,
                                        280,
                                        1440,
                                        158
                                      ]
                                    },
                                    {
                                      "class": "android.widget.ListView",
                                      "bounds": [
                                        0,
                                        596,
                                        1440,
                                        2112
                                      ],
                                      "children": [
                                        {
                                          "class": "android.support.v7.widget.AppCompatTextView",
                                          "bounds": [
                                            0,
                                            356,
                                            431,
                                            86
                                          ]
                                        },
                                        {
                                          "class": "android.support.v7.widget.AppCompatTextView",
                                          "bounds": [
                                            0,
                                            618,
                                            375,
                                            258
                                          ]
                                        },
                                        {
                                          "class": "android.support.v7.widget.AppCompatTextView",
                                          "bounds": [
                                            0,
                                            962,
                                            278,
                                            430
                                          ]
                                        },
                                        {
                                          "class": "android.support.v7.widget.AppCompatTextView",
                                          "bounds": [
                                            0,
                                            1306,
                                            450,
                                            602
                                          ]
                                        },
                                        {
                                          "class": "android.support.v7.widget.AppCompatTextView",
                                          "bounds": [
                                            0,
                                            1650,
                                            222,
                                            774
                                          ]
                                        },
                                        {
                                          "class": "android.support.v7.widget.AppCompatTextView",
                                          "bounds": [
                                            0,
                                            1994,
                                            240,
                                            946
                                          ]
                                        },
                                        {
                                          "class": "android.support.v7.widget.AppCompatTextView",
                                          "bounds": [
                                            0,
                                            2338,
                                            424,
                                            1118
                                          ]
                                        },
                                        {
                                          "class": "android.support.v7.widget.AppCompatTextView",
                                          "bounds": [
                                            0,
                                            2682,
                                            303,
                                            1290
                                          ]
                                        },
                                        {
                                          "class": "android.support.v7.widget.AppCompatTextView",
                                          "bounds": [
                                            0,
                                            3026,
                                            469,
                                            1462
                                          ]
                                        },
                                        {
                                          "class": "android.support.v7.widget.AppCompatTextView",
                                          "bounds": [
                                            0,
                                            3370,
                                            413,
                                            1634
                                          ]
                                        },
                                        {
                                          "class": "android.support.v7.widget.AppCompatTextView",
                                          "bounds": [
                                            0,
                                            3714,
                                            380,
                                            1806
                                          ]
                                        },
                                        {
                                          "class": "android.support.v7.widget.AppCompatTextView",
                                          "bounds": [
                                            0,
                                            4058,
                                            434,
                                            1978
                                          ]
                                        }
                                      ]
                                    }
                                  ]
                                }
                              ]
                            }
                          ]
                        },
                        {
                          "class": "android.widget.RelativeLayout",
                          "bounds": [
                            0,
                            84,
                            910,
                            2308
                          ],
                          "children": [
                            {
                              "class": "android.widget.RelativeLayout",
                              "bounds": [
                                0,
                                84,
                                910,
                                490
                              ]
                            },
                            {
                              "class": "android.support.v7.widget.RecyclerView",
                              "bounds": [
                                0,
                                1170,
                                910,
                                2308
                              ],
                              "children": [
                                {
                                  "class": "android.widget.RelativeLayout",
                                  "bounds": [
                                    0,
                                    627,
                                    910,
                                    141
                                  ],
                                  "children": [
                                    {
                                      "class": "android.support.v7.widget.AppCompatTextView",
                                      "bounds": [
                                        0,
                                        627,
                                        910,
                                        141
                                      ]
                                    }
                                  ]
                                },
                                {
                                  "class": "android.widget.RelativeLayout",
                                  "bounds": [
                                    0,
                                    909,
                                    910,
                                    282
                                  ],
                                  "children": [
                                    {
                                      "class": "android.support.v7.widget.AppCompatTextView",
                                      "bounds": [
                                        0,
                                        768,
                                        910,
                                        141
                                      ]
                                    }
                                  ]
                                },
                                {
                                  "class": "android.widget.RelativeLayout",
                                  "bounds": [
                                    0,
                                    1191,
                                    910,
                                    423
                                  ],
                                  "children": [
                                    {
                                      "class": "android.support.v7.widget.AppCompatTextView",
                                      "bounds": [
                                        0,
                                        909,
                                        910,
                                        141
                                      ]
                                    }
                                  ]
                                },
                                {
                                  "class": "android.widget.RelativeLayout",
                                  "bounds": [
                                    0,
                                    1473,
                                    910,
                                    564
                                  ],
                                  "children": [
                                    {
                                      "class": "android.support.v7.widget.AppCompatTextView",
                                      "bounds": [
                                        0,
                                        1050,
                                        910,
                                        141
                                      ]
                                    }
                                  ]
                                }
                              ]
                            }
                          ]
                        }
                      ]
                    }
                  ]
                }
              ]
            }
          ]
        }
      ]
    },
    {
      "class": "android.view.View",
      "bounds": [
        0,
        4784,
        1440,
        2560
      ]
    },
    {
      "class": "android.view.View",
      "bounds": [
        0,
        0,
        1440,
        84
      ]
    }
  ]
}