{
  "class": "com.android.internal.policy.PhoneWindow$DecorView",
  "bounds": [
    36,
    84,
    1368,
    2308
  ],
  "children": [
    {
      "class": "android.widget.LinearLayout",
      "bounds": [
        92,
        140,
        1340,
        2280
      ],
      "children": [
        {
          "class": "android.widget.TextView",
          "bounds": [
            64,
            112,
            1312,
            224
          ]
        },
        {
          "class": "android.view.View",
          "bounds": [
            64,
            560,
            1312,
            231
          ]
        },
        {
          "class": "android.widget.FrameLayout",
          "bounds": [
            64,
            574,
            1312,
            2252
          ],
          "children": [
            {
              "class": "android.widget.FrameLayout",
              "bounds": [
                64,
                343,
                1312,
                2021
              ],
              "children": [
                {
                  "class": "android.widget.ScrollView",
                  "bounds": [
                    64,
                    343,
                    1312,
                    2021
                  ],
                  "children": [
                    {
                      "class": "android.widget.RelativeLayout",
                      "bounds": [
                        64,
                        343,
                        1312,
                        2176
                      ],
                      "children": [
                        {
                          "class": "android.widget.TextView",
                          "bounds": [
                            64,
                            343,
                            1312,
                            1698
                          ]
                        },
                        {
                          "class": "android.widget.TextView",
                          "bounds": [
                            1218,
                            3584,
                            1312,
                            1834
                          ]
                        },
                        {
                          "class": "com.google.android.gms.plus.PlusOneButton",
                          "bounds": [
                            100,
                            3892,
                            886,
                            1936
                          ],
                          "children": [
                            {
                              "class": "ztu",
                              "bounds": [
                                82,
                                2040,
                                868,
                                84
                              ],
                              "children": [
                                {
                                  "class": "android.widget.LinearLayout",
                                  "bounds": [
                                    82,
                                    2040,
                                    868,
                                    84
                                  ],
                                  "children": [
                                    {
                                      "class": "android.widget.FrameLayout",
                                      "bounds": [
                                        82,
                                        2040,
                                        133,
                                        84
                                      ],
                                      "children": [
                                        {
                                          "class": "ztt",
                                          "bounds": [
                                            82,
                                            2040,
                                            133,
                                            84
                                          ]
                                        }
                                      ]
                                    },
                                    {
                                      "class": "zpc",
                                      "bounds": [
                                        350,
                                        2040,
                                        868,
                                        84
                                      ],
                                      "children": [
                                        {
                                          "class": "android.widget.ImageView",
                                          "bounds": [
                                            966,
                                            2124,
                                            375,
                                            42
                                          ]
                                        },
                                        {
                                          "class": "android.widget.TextView",
                                          "bounds": [
                                            250,
                                            2062,
                                            734,
                                            73
                                          ]
                                        }
                                      ]
                                    }
                                  ]
                                }
                              ]
                            }
                          ]
                        },
                        {
                          "class": "android.widget.Button",
                          "bounds": [
                            1802,
                            4132,
                            1294,
                            2140
                          ]
                        },
                        {
                          "class": "android.view.View",
                          "bounds": [
                            64,
                            4504,
                            1312,
                            2176
                          ]
                        },
                        {
                          "class": "android.view.View",
                          "bounds": [
                            64,
                            3856,
                            1312,
                            1852
                          ]
                        }
                      ]
                    }
                  ]
                }
              ]
            }
          ]
        }
      ]
    }
  ]
}