{
  "class": "com.android.internal.policy.PhoneWindow$DecorView",
  "bounds": [
    0,
    0,
    1440,
    2560
  ],
  "children": [
    {
      "class": "android.widget.LinearLayout",
      "bounds": [
        0,
        0,
        1440,
        2392
      ],
      "children": [
        {
          "class": "android.widget.FrameLayout",
          "bounds": [
            0,
            168,
            1440,
            2392
          ],
          "children": [
            {
              "class": "android.support.v7.widget.FitWindowsLinearLayout",
              "bounds": [
                0,
                84,
                1440,
                2308
              ],
              "children": [
                {
                  "class": "android.support.v7.widget.ContentFrameLayout",
                  "bounds": [
                    0,
                    84,
                    1440,
                    2308
                  ],
                  "children": [
                    {
                      "class": "android.widget.RelativeLayout",
                      "bounds": [
                        0,
                        84,
                        1440,
                        2308
                      ],
                      "children": [
                        {
                          "class": "android.support.design.widget.AppBarLayout",
                          "bounds": [
                            0,
                            84,
                            1440,
                            196
                          ],
                          "children": [
                            {
                              "class": "android.support.v7.widget.Toolbar",
                              "bounds": [
                                0,
                                84,
                                1440,
                                196
                              ],
                              "children": [
                                {
                                  "class": "android.support.v7.widget.ap",
                                  "bounds": [
                                    784,
                                    112,
                                    728,
                                    107
                                  ]
                                },
                                {
                                  "class": "android.support.v7.widget.z",
                                  "bounds": [
                                    504,
                                    140,
                                    392,
                                    168
                                  ]
                                },
                                {
                                  "class": "android.support.v7.widget.x",
                                  "bounds": [
                                    0,
                                    84,
                                    196,
                                    196
                                  ]
                                },
                                {
                                  "class": "android.support.v7.widget.ActionMenuView",
                                  "bounds": [
                                    2600,
                                    84,
                                    1440,
                                    196
                                  ],
                                  "children": [
                                    {
                                      "class": "android.support.v7.widget.ActionMenuPresenter$d",
                                      "bounds": [
                                        1300,
                                        112,
                                        140,
                                        182
                                      ]
                                    }
                                  ]
                                },
                                {
                                  "class": "android.support.v7.widget.ap",
                                  "bounds": [
                                    784,
                                    298,
                                    1139,
                                    183
                                  ]
                                }
                              ]
                            }
                          ]
                        },
                        {
                          "class": "com.google.android.gms.ads.AdView",
                          "bounds": [
                            320,
                            490,
                            1280,
                            378
                          ],
                          "children": []
                        },
                        {
                          "class": "android.widget.LinearLayout",
                          "bounds": [
                            0,
                            4308,
                            1440,
                            2308
                          ],
                          "children": [
                            {
                              "class": "android.support.v7.widget.z",
                              "bounds": [
                                0,
                                2280,
                                112,
                                154
                              ]
                            },
                            {
                              "class": "com.rockerhieu.emojicon.EmojiconEditText",
                              "bounds": [
                                224,
                                2220,
                                1244,
                                170
                              ]
                            },
                            {
                              "class": "android.support.design.widget.FloatingActionButton",
                              "bounds": [
                                2516,
                                2224,
                                1426,
                                182
                              ]
                            }
                          ]
                        },
                        {
                          "class": "android.widget.ListView",
                          "bounds": [
                            0,
                            854,
                            1440,
                            2112
                          ]
                        },
                        {
                          "class": "android.widget.RelativeLayout",
                          "bounds": [
                            0,
                            4700,
                            1440,
                            2308
                          ],
                          "children": [
                            {
                              "class": "android.widget.LinearLayout",
                              "bounds": [
                                0,
                                2392,
                                1440,
                                0
                              ],
                              "children": [
                                {
                                  "class": "android.support.v7.widget.x",
                                  "bounds": [
                                    0,
                                    2392,
                                    204,
                                    0
                                  ]
                                },
                                {
                                  "class": "android.view.View",
                                  "bounds": [
                                    408,
                                    2392,
                                    205,
                                    0
                                  ]
                                },
                                {
                                  "class": "android.support.v7.widget.x",
                                  "bounds": [
                                    410,
                                    2392,
                                    410,
                                    0
                                  ]
                                },
                                {
                                  "class": "android.view.View",
                                  "bounds": [
                                    820,
                                    2392,
                                    411,
                                    0
                                  ]
                                },
                                {
                                  "class": "android.support.v7.widget.x",
                                  "bounds": [
                                    822,
                                    2392,
                                    616,
                                    0
                                  ]
                                },
                                {
                                  "class": "android.view.View",
                                  "bounds": [
                                    1232,
                                    2392,
                                    617,
                                    0
                                  ]
                                },
                                {
                                  "class": "android.support.v7.widget.x",
                                  "bounds": [
                                    1234,
                                    2392,
                                    822,
                                    0
                                  ]
                                },
                                {
                                  "class": "android.view.View",
                                  "bounds": [
                                    1644,
                                    2392,
                                    823,
                                    0
                                  ]
                                },
                                {
                                  "class": "android.support.v7.widget.x",
                                  "bounds": [
                                    1646,
                                    2392,
                                    1028,
                                    0
                                  ]
                                },
                                {
                                  "class": "android.view.View",
                                  "bounds": [
                                    2056,
                                    2392,
                                    1029,
                                    0
                                  ]
                                },
                                {
                                  "class": "android.support.v7.widget.x",
                                  "bounds": [
                                    2058,
                                    2392,
                                    1234,
                                    0
                                  ]
                                },
                                {
                                  "class": "android.view.View",
                                  "bounds": [
                                    2468,
                                    2392,
                                    1235,
                                    0
                                  ]
                                },
                                {
                                  "class": "android.support.v7.widget.x",
                                  "bounds": [
                                    2470,
                                    2392,
                                    1440,
                                    0
                                  ]
                                }
                              ]
                            },
                            {
                              "class": "android.support.v4.view.ViewPager",
                              "bounds": [
                                0,
                                2392,
                                1440,
                                0
                              ],
                              "children": [
                                {
                                  "class": "android.widget.GridView",
                                  "bounds": [
                                    0,
                                    2392,
                                    1440,
                                    0
                                  ]
                                },
                                {
                                  "class": "android.widget.GridView",
                                  "bounds": [
                                    -1440,
                                    2392,
                                    0,
                                    0
                                  ]
                                },
                                {
                                  "class": "android.widget.GridView",
                                  "bounds": [
                                    2880,
                                    2392,
                                    2880,
                                    0
                                  ]
                                }
                              ]
                            },
                            {
                              "class": "android.view.View",
                              "bounds": [
                                0,
                                2392,
                                1440,
                                0
                              ]
                            }
                          ]
                        }
                      ]
                    }
                  ]
                }
              ]
            }
          ]
        }
      ]
    },
    {
      "class": "android.view.View",
      "bounds": [
        0,
        4784,
        1440,
        2560
      ]
    },
    {
      "class": "android.view.View",
      "bounds": [
        0,
        0,
        1440,
        84
      ]
    }
  ]
}