{
  "class": "com.android.internal.policy.PhoneWindow$DecorView",
  "bounds": [
    0,
    0,
    1440,
    2392
  ],
  "children": [
    {
      "class": "android.widget.LinearLayout",
      "bounds": [
        0,
        0,
        1440,
        2392
      ],
      "children": [
        {
          "class": "android.widget.FrameLayout",
          "bounds": [
            0,
            0,
            1440,
            2392
          ],
          "children": [
            {
              "class": "android.widget.LinearLayout",
              "bounds": [
                0,
                0,
                1440,
                2392
              ],
              "children": [
                {
                  "class": "android.widget.ImageView",
                  "bounds": [
                    0,
                    0,
                    1440,
                    1595
                  ]
                },
                {
                  "class": "android.widget.ScrollView",
                  "bounds": [
                    0,
                    3190,
                    1440,
                    2392
                  ],
                  "children": [
                    {
                      "class": "android.widget.LinearLayout",
                      "bounds": [
                        0,
                        1595,
                        1440,
                        2058
                      ],
                      "children": [
                        {
                          "class": "android.widget.LinearLayout",
                          "bounds": [
                            0,
                            1595,
                            1440,
                            189
                          ],
                          "children": [
                            {
                              "class": "com.google.android.gms.ads.AdView",
                              "bounds": [
                                0,
                                1609,
                                1440,
                                182
                              ],
                              "children": [
                                {
                                  "class": "com.google.android.gms.ads.internal.bp",
                                  "bounds": [
                                    320,
                                    1602,
                                    1280,
                                    175
                                  ],
                                  "children": [
                                    {
                                      "class": "com.google.android.gms.ads.internal.webview.n",
                                      "bounds": [
                                        160,
                                        1602,
                                        1120,
                                        175
                                      ],
                                      "children": [
                                        {
                                          "class": "com.google.android.gms.ads.internal.webview.o",
                                          "bounds": [
                                            160,
                                            1602,
                                            1120,
                                            175
                                          ]
                                        }
                                      ]
                                    }
                                  ]
                                }
                              ]
                            }
                          ]
                        },
                        {
                          "class": "android.webkit.WebView",
                          "bounds": [
                            0,
                            1973,
                            1440,
                            217
                          ]
                        },
                        {
                          "class": "android.webkit.WebView",
                          "bounds": [
                            0,
                            2029,
                            1440,
                            2058
                          ]
                        }
                      ]
                    }
                  ]
                }
              ]
            }
          ]
        }
      ]
    }
  ]
}