{
  "class": "com.android.internal.policy.PhoneWindow$DecorView",
  "bounds": [
    160,
    613,
    1120,
    1249
  ],
  "children": [
    {
      "class": "android.widget.LinearLayout",
      "bounds": [
        160,
        613,
        1120,
        1249
      ],
      "children": [
        {
          "class": "android.widget.FrameLayout",
          "bounds": [
            160,
            613,
            1120,
            1249
          ],
          "children": [
            {
              "class": "android.widget.LinearLayout",
              "bounds": [
                160,
                613,
                1120,
                1249
              ],
              "children": [
                {
                  "class": "android.widget.LinearLayout",
                  "bounds": [
                    160,
                    613,
                    1120,
                    1249
                  ],
                  "children": [
                    {
                      "class": "android.widget.LinearLayout",
                      "bounds": [
                        230,
                        613,
                        1085,
                        1249
                      ],
                      "children": [
                        {
                          "class": "android.widget.LinearLayout",
                          "bounds": [
                            195,
                            613,
                            1050,
                            175
                          ],
                          "children": [
                            {
                              "class": "android.support.v7.widget.AppCompatTextView",
                              "bounds": [
                                195,
                                613,
                                225,
                                175
                              ]
                            }
                          ]
                        },
                        {
                          "class": "android.support.v7.widget.AppCompatImageView",
                          "bounds": [
                            195,
                            963,
                            1050,
                            179
                          ]
                        },
                        {
                          "class": "android.widget.RelativeLayout",
                          "bounds": [
                            195,
                            971,
                            1050,
                            354
                          ],
                          "children": [
                            {
                              "class": "android.support.v7.widget.AppCompatImageView",
                              "bounds": [
                                231,
                                862,
                                123,
                                140
                              ]
                            },
                            {
                              "class": "android.support.v7.widget.AppCompatImageView",
                              "bounds": [
                                1993,
                                834,
                                1032,
                                154
                              ]
                            },
                            {
                              "class": "android.widget.LinearLayout",
                              "bounds": [
                                511,
                                828,
                                899,
                                156
                              ],
                              "children": [
                                {
                                  "class": "android.support.v7.widget.AppCompatTextView",
                                  "bounds": [
                                    353,
                                    810,
                                    426,
                                    81
                                  ]
                                },
                                {
                                  "class": "android.support.v7.widget.AppCompatTextView",
                                  "bounds": [
                                    353,
                                    972,
                                    741,
                                    138
                                  ]
                                }
                              ]
                            }
                          ]
                        },
                        {
                          "class": "android.support.v7.widget.AppCompatImageView",
                          "bounds": [
                            195,
                            1321,
                            1050,
                            358
                          ]
                        },
                        {
                          "class": "android.widget.RelativeLayout",
                          "bounds": [
                            195,
                            1329,
                            1050,
                            533
                          ],
                          "children": [
                            {
                              "class": "android.support.v7.widget.AppCompatImageView",
                              "bounds": [
                                231,
                                1041,
                                123,
                                140
                              ]
                            },
                            {
                              "class": "android.support.v7.widget.AppCompatTextView",
                              "bounds": [
                                511,
                                1065,
                                520,
                                128
                              ]
                            }
                          ]
                        },
                        {
                          "class": "android.support.v7.widget.AppCompatImageView",
                          "bounds": [
                            195,
                            1679,
                            1050,
                            537
                          ]
                        },
                        {
                          "class": "android.widget.RelativeLayout",
                          "bounds": [
                            195,
                            1687,
                            1050,
                            712
                          ],
                          "children": [
                            {
                              "class": "android.support.v7.widget.AppCompatImageView",
                              "bounds": [
                                231,
                                1220,
                                123,
                                140
                              ]
                            },
                            {
                              "class": "android.widget.LinearLayout",
                              "bounds": [
                                1993,
                                1192,
                                1032,
                                154
                              ],
                              "children": [
                                {
                                  "class": "android.support.v7.widget.AppCompatImageView",
                                  "bounds": [
                                    1094,
                                    1171,
                                    133,
                                    133
                                  ]
                                }
                              ]
                            },
                            {
                              "class": "android.widget.LinearLayout",
                              "bounds": [
                                511,
                                1244,
                                899,
                                128
                              ],
                              "children": [
                                {
                                  "class": "android.support.v7.widget.AppCompatTextView",
                                  "bounds": [
                                    353,
                                    1197,
                                    223,
                                    81
                                  ]
                                }
                              ]
                            }
                          ]
                        },
                        {
                          "class": "android.support.v7.widget.AppCompatImageView",
                          "bounds": [
                            195,
                            2037,
                            1050,
                            716
                          ]
                        },
                        {
                          "class": "android.widget.RelativeLayout",
                          "bounds": [
                            195,
                            2045,
                            1050,
                            891
                          ],
                          "children": [
                            {
                              "class": "android.support.v7.widget.AppCompatImageView",
                              "bounds": [
                                231,
                                1399,
                                123,
                                140
                              ]
                            },
                            {
                              "class": "android.support.v7.widget.AppCompatTextView",
                              "bounds": [
                                511,
                                1423,
                                308,
                                128
                              ]
                            }
                          ]
                        },
                        {
                          "class": "android.support.v7.widget.AppCompatImageView",
                          "bounds": [
                            195,
                            2395,
                            1050,
                            895
                          ]
                        },
                        {
                          "class": "android.widget.RelativeLayout",
                          "bounds": [
                            195,
                            2403,
                            1050,
                            1070
                          ],
                          "children": [
                            {
                              "class": "android.support.v7.widget.AppCompatImageView",
                              "bounds": [
                                231,
                                1578,
                                123,
                                140
                              ]
                            },
                            {
                              "class": "android.support.v7.widget.AppCompatTextView",
                              "bounds": [
                                511,
                                1602,
                                530,
                                128
                              ]
                            }
                          ]
                        },
                        {
                          "class": "android.support.v7.widget.AppCompatImageView",
                          "bounds": [
                            195,
                            2753,
                            1050,
                            1074
                          ]
                        },
                        {
                          "class": "android.widget.RelativeLayout",
                          "bounds": [
                            195,
                            2761,
                            1050,
                            1249
                          ],
                          "children": [
                            {
                              "class": "android.support.v7.widget.AppCompatImageView",
                              "bounds": [
                                231,
                                1757,
                                123,
                                140
                              ]
                            },
                            {
                              "class": "android.support.v7.widget.AppCompatTextView",
                              "bounds": [
                                511,
                                1781,
                                282,
                                128
                              ]
                            }
                          ]
                        }
                      ]
                    }
                  ]
                }
              ]
            }
          ]
        }
      ]
    }
  ]
}