{
  "class": "com.android.internal.policy.PhoneWindow$DecorView",
  "bounds": [
    0,
    0,
    1440,
    2392
  ],
  "children": [
    {
      "class": "android.widget.LinearLayout",
      "bounds": [
        0,
        0,
        1440,
        2392
      ],
      "children": [
        {
          "class": "android.widget.FrameLayout",
          "bounds": [
            0,
            168,
            1440,
            2392
          ],
          "children": [
            {
              "class": "android.widget.RelativeLayout",
              "bounds": [
                0,
                84,
                1440,
                2308
              ],
              "children": [
                {
                  "class": "android.widget.TextView",
                  "bounds": [
                    112,
                    84,
                    281,
                    102
                  ]
                },
                {
                  "class": "android.view.View",
                  "bounds": [
                    112,
                    288,
                    1384,
                    109
                  ]
                },
                {
                  "class": "android.widget.ScrollView",
                  "bounds": [
                    112,
                    302,
                    1384,
                    2163
                  ],
                  "children": [
                    {
                      "class": "android.widget.RelativeLayout",
                      "bounds": [
                        56,
                        193,
                        1328,
                        884
                      ],
                      "children": [
                        {
                          "class": "android.widget.Button",
                          "bounds": [
                            684,
                            333,
                            1014,
                            359
                          ]
                        },
                        {
                          "class": "android.widget.RelativeLayout",
                          "bounds": [
                            56,
                            1051,
                            1328,
                            884
                          ],
                          "children": [
                            {
                              "class": "android.widget.ImageView",
                              "bounds": [
                                232,
                                762,
                                403,
                                385
                              ]
                            },
                            {
                              "class": "android.widget.LinearLayout",
                              "bounds": [
                                968,
                                786,
                                1240,
                                372
                              ],
                              "children": [
                                {
                                  "class": "android.widget.TextView",
                                  "bounds": [
                                    512,
                                    704,
                                    784,
                                    90
                                  ]
                                },
                                {
                                  "class": "android.widget.Button",
                                  "bounds": [
                                    512,
                                    954,
                                    784,
                                    290
                                  ]
                                }
                              ]
                            }
                          ]
                        }
                      ]
                    }
                  ]
                },
                {
                  "class": "android.widget.ImageView",
                  "bounds": [
                    2110,
                    4410,
                    1405,
                    2273
                  ]
                }
              ]
            }
          ]
        }
      ]
    }
  ]
}