{
  "class": "com.android.internal.policy.PhoneWindow$DecorView",
  "bounds": [
    0,
    0,
    1440,
    2392
  ],
  "children": [
    {
      "class": "android.widget.LinearLayout",
      "bounds": [
        0,
        0,
        1440,
        2392
      ],
      "children": [
        {
          "class": "android.widget.FrameLayout",
          "bounds": [
            0,
            168,
            1440,
            2392
          ],
          "children": [
            {
              "class": "android.widget.TabHost",
              "bounds": [
                0,
                84,
                1440,
                2308
              ],
              "children": [
                {
                  "class": "android.widget.RelativeLayout",
                  "bounds": [
                    0,
                    84,
                    1440,
                    2308
                  ],
                  "children": [
                    {
                      "class": "android.widget.FrameLayout",
                      "bounds": [
                        0,
                        84,
                        1440,
                        2084
                      ],
                      "children": [
                        {
                          "class": "com.android.internal.policy.PhoneWindow$DecorView",
                          "bounds": [
                            0,
                            84,
                            1440,
                            2084
                          ],
                          "children": [
                            {
                              "class": "android.widget.LinearLayout",
                              "bounds": [
                                0,
                                84,
                                1440,
                                2084
                              ],
                              "children": [
                                {
                                  "class": "android.widget.FrameLayout",
                                  "bounds": [
                                    0,
                                    84,
                                    1440,
                                    2084
                                  ],
                                  "children": [
                                    {
                                      "class": "android.widget.RelativeLayout",
                                      "bounds": [
                                        0,
                                        84,
                                        1440,
                                        2084
                                      ],
                                      "children": [
                                        {
                                          "class": "android.widget.LinearLayout",
                                          "bounds": [
                                            0,
                                            84,
                                            1440,
                                            353
                                          ],
                                          "children": [
                                            {
                                              "class": "android.widget.RelativeLayout",
                                              "bounds": [
                                                0,
                                                84,
                                                1440,
                                                173
                                              ],
                                              "children": [
                                                {
                                                  "class": "android.widget.Button",
                                                  "bounds": [
                                                    2458,
                                                    106,
                                                    1387,
                                                    162
                                                  ]
                                                },
                                                {
                                                  "class": "android.widget.EditText",
                                                  "bounds": [
                                                    70,
                                                    112,
                                                    1194,
                                                    172
                                                  ]
                                                }
                                              ]
                                            },
                                            {
                                              "class": "android.widget.RelativeLayout",
                                              "bounds": [
                                                0,
                                                430,
                                                1440,
                                                353
                                              ],
                                              "children": [
                                                {
                                                  "class": "android.widget.Button",
                                                  "bounds": [
                                                    2390,
                                                    279,
                                                    1405,
                                                    169
                                                  ]
                                                },
                                                {
                                                  "class": "android.widget.Button",
                                                  "bounds": [
                                                    1900,
                                                    279,
                                                    1160,
                                                    169
                                                  ]
                                                },
                                                {
                                                  "class": "android.widget.Button",
                                                  "bounds": [
                                                    70,
                                                    279,
                                                    915,
                                                    169
                                                  ]
                                                }
                                              ]
                                            }
                                          ]
                                        },
                                        {
                                          "class": "android.widget.ListView",
                                          "bounds": [
                                            0,
                                            790,
                                            1440,
                                            2084
                                          ],
                                          "children": [
                                            {
                                              "class": "android.widget.RelativeLayout",
                                              "bounds": [
                                                0,
                                                437,
                                                1440,
                                                163
                                              ],
                                              "children": [
                                                {
                                                  "class": "android.widget.TextView",
                                                  "bounds": [
                                                    2578,
                                                    521,
                                                    1412,
                                                    119
                                                  ]
                                                },
                                                {
                                                  "class": "android.widget.LinearLayout",
                                                  "bounds": [
                                                    0,
                                                    437,
                                                    1275,
                                                    155
                                                  ],
                                                  "children": [
                                                    {
                                                      "class": "android.widget.TextView",
                                                      "bounds": [
                                                        0,
                                                        437,
                                                        1240,
                                                        85
                                                      ]
                                                    },
                                                    {
                                                      "class": "android.widget.RelativeLayout",
                                                      "bounds": [
                                                        0,
                                                        607,
                                                        1240,
                                                        155
                                                      ],
                                                      "children": [
                                                        {
                                                          "class": "android.widget.TextView",
                                                          "bounds": [
                                                            0,
                                                            522,
                                                            1240,
                                                            70
                                                          ]
                                                        }
                                                      ]
                                                    }
                                                  ]
                                                }
                                              ]
                                            },
                                            {
                                              "class": "android.widget.RelativeLayout",
                                              "bounds": [
                                                0,
                                                767,
                                                1440,
                                                328
                                              ],
                                              "children": [
                                                {
                                                  "class": "android.widget.TextView",
                                                  "bounds": [
                                                    2578,
                                                    686,
                                                    1412,
                                                    119
                                                  ]
                                                },
                                                {
                                                  "class": "android.widget.LinearLayout",
                                                  "bounds": [
                                                    0,
                                                    602,
                                                    1275,
                                                    155
                                                  ],
                                                  "children": [
                                                    {
                                                      "class": "android.widget.TextView",
                                                      "bounds": [
                                                        0,
                                                        602,
                                                        1240,
                                                        85
                                                      ]
                                                    },
                                                    {
                                                      "class": "android.widget.RelativeLayout",
                                                      "bounds": [
                                                        0,
                                                        772,
                                                        1240,
                                                        155
                                                      ],
                                                      "children": [
                                                        {
                                                          "class": "android.widget.TextView",
                                                          "bounds": [
                                                            0,
                                                            687,
                                                            1240,
                                                            70
                                                          ]
                                                        }
                                                      ]
                                                    }
                                                  ]
                                                }
                                              ]
                                            },
                                            {
                                              "class": "android.widget.RelativeLayout",
                                              "bounds": [
                                                0,
                                                1097,
                                                1440,
                                                493
                                              ],
                                              "children": [
                                                {
                                                  "class": "android.widget.TextView",
                                                  "bounds": [
                                                    2578,
                                                    851,
                                                    1412,
                                                    119
                                                  ]
                                                },
                                                {
                                                  "class": "android.widget.LinearLayout",
                                                  "bounds": [
                                                    0,
                                                    767,
                                                    1275,
                                                    155
                                                  ],
                                                  "children": [
                                                    {
                                                      "class": "android.widget.TextView",
                                                      "bounds": [
                                                        0,
                                                        767,
                                                        1240,
                                                        85
                                                      ]
                                                    },
                                                    {
                                                      "class": "android.widget.RelativeLayout",
                                                      "bounds": [
                                                        0,
                                                        937,
                                                        1240,
                                                        155
                                                      ],
                                                      "children": [
                                                        {
                                                          "class": "android.widget.TextView",
                                                          "bounds": [
                                                            0,
                                                            852,
                                                            1240,
                                                            70
                                                          ]
                                                        }
                                                      ]
                                                    }
                                                  ]
                                                }
                                              ]
                                            },
                                            {
                                              "class": "android.widget.RelativeLayout",
                                              "bounds": [
                                                0,
                                                1427,
                                                1440,
                                                658
                                              ],
                                              "children": [
                                                {
                                                  "class": "android.widget.TextView",
                                                  "bounds": [
                                                    2578,
                                                    1016,
                                                    1412,
                                                    119
                                                  ]
                                                },
                                                {
                                                  "class": "android.widget.LinearLayout",
                                                  "bounds": [
                                                    0,
                                                    932,
                                                    1275,
                                                    155
                                                  ],
                                                  "children": [
                                                    {
                                                      "class": "android.widget.TextView",
                                                      "bounds": [
                                                        0,
                                                        932,
                                                        1240,
                                                        85
                                                      ]
                                                    },
                                                    {
                                                      "class": "android.widget.RelativeLayout",
                                                      "bounds": [
                                                        0,
                                                        1102,
                                                        1240,
                                                        155
                                                      ],
                                                      "children": [
                                                        {
                                                          "class": "android.widget.TextView",
                                                          "bounds": [
                                                            0,
                                                            1017,
                                                            1240,
                                                            70
                                                          ]
                                                        }
                                                      ]
                                                    }
                                                  ]
                                                }
                                              ]
                                            },
                                            {
                                              "class": "android.widget.RelativeLayout",
                                              "bounds": [
                                                0,
                                                1757,
                                                1440,
                                                823
                                              ],
                                              "children": [
                                                {
                                                  "class": "android.widget.TextView",
                                                  "bounds": [
                                                    2578,
                                                    1181,
                                                    1412,
                                                    119
                                                  ]
                                                },
                                                {
                                                  "class": "android.widget.LinearLayout",
                                                  "bounds": [
                                                    0,
                                                    1097,
                                                    1275,
                                                    155
                                                  ],
                                                  "children": [
                                                    {
                                                      "class": "android.widget.TextView",
                                                      "bounds": [
                                                        0,
                                                        1097,
                                                        1240,
                                                        85
                                                      ]
                                                    },
                                                    {
                                                      "class": "android.widget.RelativeLayout",
                                                      "bounds": [
                                                        0,
                                                        1267,
                                                        1240,
                                                        155
                                                      ],
                                                      "children": [
                                                        {
                                                          "class": "android.widget.TextView",
                                                          "bounds": [
                                                            0,
                                                            1182,
                                                            1240,
                                                            70
                                                          ]
                                                        }
                                                      ]
                                                    }
                                                  ]
                                                }
                                              ]
                                            },
                                            {
                                              "class": "android.widget.RelativeLayout",
                                              "bounds": [
                                                0,
                                                2087,
                                                1440,
                                                988
                                              ],
                                              "children": [
                                                {
                                                  "class": "android.widget.TextView",
                                                  "bounds": [
                                                    2578,
                                                    1346,
                                                    1412,
                                                    119
                                                  ]
                                                },
                                                {
                                                  "class": "android.widget.LinearLayout",
                                                  "bounds": [
                                                    0,
                                                    1262,
                                                    1275,
                                                    155
                                                  ],
                                                  "children": [
                                                    {
                                                      "class": "android.widget.TextView",
                                                      "bounds": [
                                                        0,
                                                        1262,
                                                        1240,
                                                        85
                                                      ]
                                                    },
                                                    {
                                                      "class": "android.widget.RelativeLayout",
                                                      "bounds": [
                                                        0,
                                                        1432,
                                                        1240,
                                                        155
                                                      ],
                                                      "children": [
                                                        {
                                                          "class": "android.widget.TextView",
                                                          "bounds": [
                                                            0,
                                                            1347,
                                                            1240,
                                                            70
                                                          ]
                                                        }
                                                      ]
                                                    }
                                                  ]
                                                }
                                              ]
                                            },
                                            {
                                              "class": "android.widget.RelativeLayout",
                                              "bounds": [
                                                0,
                                                2417,
                                                1440,
                                                1153
                                              ],
                                              "children": [
                                                {
                                                  "class": "android.widget.TextView",
                                                  "bounds": [
                                                    2578,
                                                    1511,
                                                    1412,
                                                    119
                                                  ]
                                                },
                                                {
                                                  "class": "android.widget.LinearLayout",
                                                  "bounds": [
                                                    0,
                                                    1427,
                                                    1275,
                                                    155
                                                  ],
                                                  "children": [
                                                    {
                                                      "class": "android.widget.TextView",
                                                      "bounds": [
                                                        0,
                                                        1427,
                                                        1240,
                                                        85
                                                      ]
                                                    },
                                                    {
                                                      "class": "android.widget.RelativeLayout",
                                                      "bounds": [
                                                        0,
                                                        1597,
                                                        1240,
                                                        155
                                                      ],
                                                      "children": [
                                                        {
                                                          "class": "android.widget.TextView",
                                                          "bounds": [
                                                            0,
                                                            1512,
                                                            1240,
                                                            70
                                                          ]
                                                        }
                                                      ]
                                                    }
                                                  ]
                                                }
                                              ]
                                            },
                                            {
                                              "class": "android.widget.RelativeLayout",
                                              "bounds": [
                                                0,
                                                2747,
                                                1440,
                                                1318
                                              ],
                                              "children": [
                                                {
                                                  "class": "android.widget.TextView",
                                                  "bounds": [
                                                    2578,
                                                    1676,
                                                    1412,
                                                    119
                                                  ]
                                                },
                                                {
                                                  "class": "android.widget.LinearLayout",
                                                  "bounds": [
                                                    0,
                                                    1592,
                                                    1275,
                                                    155
                                                  ],
                                                  "children": [
                                                    {
                                                      "class": "android.widget.TextView",
                                                      "bounds": [
                                                        0,
                                                        1592,
                                                        1240,
                                                        85
                                                      ]
                                                    },
                                                    {
                                                      "class": "android.widget.RelativeLayout",
                                                      "bounds": [
                                                        0,
                                                        1762,
                                                        1240,
                                                        155
                                                      ],
                                                      "children": [
                                                        {
                                                          "class": "android.widget.TextView",
                                                          "bounds": [
                                                            0,
                                                            1677,
                                                            1240,
                                                            70
                                                          ]
                                                        }
                                                      ]
                                                    }
                                                  ]
                                                }
                                              ]
                                            },
                                            {
                                              "class": "android.widget.RelativeLayout",
                                              "bounds": [
                                                0,
                                                3077,
                                                1440,
                                                1483
                                              ],
                                              "children": [
                                                {
                                                  "class": "android.widget.TextView",
                                                  "bounds": [
                                                    2578,
                                                    1841,
                                                    1412,
                                                    119
                                                  ]
                                                },
                                                {
                                                  "class": "android.widget.LinearLayout",
                                                  "bounds": [
                                                    0,
                                                    1757,
                                                    1275,
                                                    155
                                                  ],
                                                  "children": [
                                                    {
                                                      "class": "android.widget.TextView",
                                                      "bounds": [
                                                        0,
                                                        1757,
                                                        1240,
                                                        85
                                                      ]
                                                    },
                                                    {
                                                      "class": "android.widget.RelativeLayout",
                                                      "bounds": [
                                                        0,
                                                        1927,
                                                        1240,
                                                        155
                                                      ],
                                                      "children": [
                                                        {
                                                          "class": "android.widget.TextView",
                                                          "bounds": [
                                                            0,
                                                            1842,
                                                            1240,
                                                            70
                                                          ]
                                                        }
                                                      ]
                                                    }
                                                  ]
                                                }
                                              ]
                                            },
                                            {
                                              "class": "android.widget.RelativeLayout",
                                              "bounds": [
                                                0,
                                                3407,
                                                1440,
                                                1648
                                              ],
                                              "children": [
                                                {
                                                  "class": "android.widget.TextView",
                                                  "bounds": [
                                                    2578,
                                                    2006,
                                                    1412,
                                                    119
                                                  ]
                                                },
                                                {
                                                  "class": "android.widget.LinearLayout",
                                                  "bounds": [
                                                    0,
                                                    1922,
                                                    1275,
                                                    155
                                                  ],
                                                  "children": [
                                                    {
                                                      "class": "android.widget.TextView",
                                                      "bounds": [
                                                        0,
                                                        1922,
                                                        1240,
                                                        85
                                                      ]
                                                    },
                                                    {
                                                      "class": "android.widget.RelativeLayout",
                                                      "bounds": [
                                                        0,
                                                        2092,
                                                        1240,
                                                        155
                                                      ],
                                                      "children": [
                                                        {
                                                          "class": "android.widget.TextView",
                                                          "bounds": [
                                                            0,
                                                            2007,
                                                            1240,
                                                            70
                                                          ]
                                                        }
                                                      ]
                                                    }
                                                  ]
                                                }
                                              ]
                                            },
                                            {
                                              "class": "android.widget.RelativeLayout",
                                              "bounds": [
                                                0,
                                                3737,
                                                1440,
                                                1813
                                              ],
                                              "children": [
                                                {
                                                  "class": "android.widget.TextView",
                                                  "bounds": [
                                                    2578,
                                                    2171,
                                                    1412,
                                                    119
                                                  ]
                                                },
                                                {
                                                  "class": "android.widget.LinearLayout",
                                                  "bounds": [
                                                    0,
                                                    2087,
                                                    1275,
                                                    155
                                                  ],
                                                  "children": [
                                                    {
                                                      "class": "android.widget.TextView",
                                                      "bounds": [
                                                        0,
                                                        2087,
                                                        1240,
                                                        85
                                                      ]
                                                    },
                                                    {
                                                      "class": "android.widget.RelativeLayout",
                                                      "bounds": [
                                                        0,
                                                        2257,
                                                        1240,
                                                        155
                                                      ],
                                                      "children": [
                                                        {
                                                          "class": "android.widget.TextView",
                                                          "bounds": [
                                                            0,
                                                            2172,
                                                            1240,
                                                            70
                                                          ]
                                                        }
                                                      ]
                                                    }
                                                  ]
                                                }
                                              ]
                                            }
                                          ]
                                        }
                                      ]
                                    }
                                  ]
                                }
                              ]
                            }
                          ]
                        }
                      ]
                    },
                    {
                      "class": "android.widget.TabWidget",
                      "bounds": [
                        0,
                        4252,
                        1440,
                        2308
                      ],
                      "children": [
                        {
                          "class": "android.widget.RelativeLayout",
                          "bounds": [
                            -10,
                            2168,
                            370,
                            224
                          ],
                          "children": [
                            {
                              "class": "android.widget.ImageView",
                              "bounds": [
                                370,
                                2266,
                                190,
                                49
                              ]
                            },
                            {
                              "class": "android.widget.TextView",
                              "bounds": [
                                370,
                                2266,
                                190,
                                86
                              ]
                            }
                          ]
                        },
                        {
                          "class": "android.widget.RelativeLayout",
                          "bounds": [
                            700,
                            2168,
                            730,
                            224
                          ],
                          "children": [
                            {
                              "class": "android.widget.ImageView",
                              "bounds": [
                                730,
                                2264,
                                190,
                                48
                              ]
                            },
                            {
                              "class": "android.widget.TextView",
                              "bounds": [
                                730,
                                2264,
                                190,
                                85
                              ]
                            }
                          ]
                        },
                        {
                          "class": "android.widget.RelativeLayout",
                          "bounds": [
                            1420,
                            2168,
                            1090,
                            224
                          ],
                          "children": [
                            {
                              "class": "android.widget.ImageView",
                              "bounds": [
                                1090,
                                2284,
                                190,
                                58
                              ]
                            },
                            {
                              "class": "android.widget.TextView",
                              "bounds": [
                                1090,
                                2284,
                                190,
                                96
                              ]
                            }
                          ]
                        },
                        {
                          "class": "android.widget.RelativeLayout",
                          "bounds": [
                            2140,
                            2168,
                            1450,
                            224
                          ],
                          "children": [
                            {
                              "class": "android.widget.ImageView",
                              "bounds": [
                                1450,
                                2260,
                                190,
                                46
                              ]
                            },
                            {
                              "class": "android.widget.TextView",
                              "bounds": [
                                1450,
                                2260,
                                190,
                                83
                              ]
                            }
                          ]
                        }
                      ]
                    }
                  ]
                }
              ]
            }
          ]
        }
      ]
    }
  ]
}