{
  "class": "com.android.internal.policy.PhoneWindow$DecorView",
  "bounds": [
    0,
    0,
    1440,
    2560
  ],
  "children": [
    {
      "class": "android.widget.LinearLayout",
      "bounds": [
        0,
        0,
        1440,
        2392
      ],
      "children": [
        {
          "class": "android.widget.FrameLayout",
          "bounds": [
            0,
            0,
            1440,
            2392
          ],
          "children": [
            {
              "class": "android.widget.RelativeLayout",
              "bounds": [
                0,
                0,
                1440,
                2392
              ],
              "children": [
                {
                  "class": "android.support.v4.view.ViewPager",
                  "bounds": [
                    0,
                    0,
                    1440,
                    2392
                  ],
                  "children": [
                    {
                      "class": "android.widget.RelativeLayout",
                      "bounds": [
                        2880,
                        0,
                        2880,
                        2392
                      ],
                      "children": [
                        {
                          "class": "android.widget.ImageView",
                          "bounds": [
                            1440,
                            0,
                            1440,
                            2392
                          ]
                        },
                        {
                          "class": "com.goldvip.crownitviews.CrownitTextView",
                          "bounds": [
                            1440,
                            3498,
                            1440,
                            1820
                          ]
                        },
                        {
                          "class": "com.goldvip.crownitviews.CrownitTextView",
                          "bounds": [
                            1440,
                            3662,
                            1440,
                            1937
                          ]
                        }
                      ]
                    },
                    {
                      "class": "android.widget.RelativeLayout",
                      "bounds": [
                        0,
                        0,
                        1440,
                        2392
                      ],
                      "children": [
                        {
                          "class": "android.widget.ImageView",
                          "bounds": [
                            0,
                            0,
                            1440,
                            2392
                          ]
                        },
                        {
                          "class": "com.goldvip.crownitviews.CrownitTextView",
                          "bounds": [
                            0,
                            3498,
                            1440,
                            1820
                          ]
                        },
                        {
                          "class": "com.goldvip.crownitviews.CrownitTextView",
                          "bounds": [
                            0,
                            3662,
                            1440,
                            1937
                          ]
                        }
                      ]
                    }
                  ]
                },
                {
                  "class": "android.widget.RelativeLayout",
                  "bounds": [
                    0,
                    4038,
                    1440,
                    2392
                  ],
                  "children": [
                    {
                      "class": "android.widget.LinearLayout",
                      "bounds": [
                        0,
                        2019,
                        1440,
                        373
                      ],
                      "children": [
                        {
                          "class": "com.viewpagerindicator.CirclePageIndicator",
                          "bounds": [
                            0,
                            2033,
                            1440,
                            56
                          ]
                        },
                        {
                          "class": "android.widget.RelativeLayout",
                          "bounds": [
                            210,
                            2167,
                            1335,
                            232
                          ],
                          "children": [
                            {
                              "class": "com.facebook.login.widget.LoginButton",
                              "bounds": [
                                351,
                                2121,
                                1107,
                                143
                              ]
                            }
                          ]
                        },
                        {
                          "class": "com.goldvip.crownitviews.CrownitTextView",
                          "bounds": [
                            0,
                            2483,
                            1440,
                            373
                          ]
                        }
                      ]
                    }
                  ]
                }
              ]
            }
          ]
        }
      ]
    },
    {
      "class": "android.view.View",
      "bounds": [
        0,
        4784,
        1440,
        2560
      ]
    }
  ]
}