{
  "class": "com.android.internal.policy.PhoneWindow$DecorView",
  "bounds": [
    0,
    0,
    1440,
    2392
  ],
  "children": [
    {
      "class": "com.slidingmenu.lib.SlidingMenu",
      "bounds": [
        0,
        0,
        1440,
        2392
      ],
      "children": [
        {
          "class": "com.slidingmenu.lib.CustomViewAbove",
          "bounds": [
            0,
            168,
            1440,
            2392
          ],
          "children": [
            {
              "class": "android.widget.LinearLayout",
              "bounds": [
                0,
                84,
                1440,
                2308
              ],
              "children": [
                {
                  "class": "android.widget.FrameLayout",
                  "bounds": [
                    0,
                    84,
                    1440,
                    2308
                  ],
                  "children": [
                    {
                      "class": "android.widget.RelativeLayout",
                      "bounds": [
                        0,
                        84,
                        1440,
                        2308
                      ],
                      "children": [
                        {
                          "class": "android.widget.RelativeLayout",
                          "bounds": [
                            0,
                            84,
                            1440,
                            186
                          ],
                          "children": [
                            {
                              "class": "android.widget.LinearLayout",
                              "bounds": [
                                0,
                                84,
                                121,
                                179
                              ],
                              "children": [
                                {
                                  "class": "android.widget.ImageView",
                                  "bounds": [
                                    0,
                                    122,
                                    121,
                                    159
                                  ]
                                }
                              ]
                            },
                            {
                              "class": "android.widget.TextView",
                              "bounds": [
                                0,
                                84,
                                1440,
                                179
                              ]
                            },
                            {
                              "class": "android.view.View",
                              "bounds": [
                                0,
                                442,
                                1440,
                                186
                              ]
                            }
                          ]
                        },
                        {
                          "class": "android.widget.LinearLayout",
                          "bounds": [
                            0,
                            456,
                            1440,
                            1126
                          ],
                          "children": [
                            {
                              "class": "android.widget.TextView",
                              "bounds": [
                                112,
                                382,
                                643,
                                119
                              ]
                            },
                            {
                              "class": "android.widget.EditText",
                              "bounds": [
                                112,
                                620,
                                1384,
                                323
                              ]
                            },
                            {
                              "class": "android.widget.LinearLayout",
                              "bounds": [
                                112,
                                1028,
                                1384,
                                568
                              ],
                              "children": [
                                {
                                  "class": "android.widget.Button",
                                  "bounds": [
                                    56,
                                    649,
                                    1328,
                                    189
                                  ]
                                }
                              ]
                            },
                            {
                              "class": "android.widget.TextView",
                              "bounds": [
                                112,
                                1406,
                                1384,
                                828
                              ]
                            }
                          ]
                        }
                      ]
                    }
                  ]
                }
              ]
            }
          ]
        }
      ]
    }
  ]
}