{
  "class": "com.android.internal.policy.PhoneWindow$DecorView",
  "bounds": [
    0,
    0,
    1440,
    2560
  ],
  "children": [
    {
      "class": "android.widget.LinearLayout",
      "bounds": [
        0,
        0,
        1440,
        2392
      ],
      "children": [
        {
          "class": "android.widget.FrameLayout",
          "bounds": [
            0,
            0,
            1440,
            2392
          ],
          "children": [
            {
              "class": "android.support.v7.widget.FitWindowsLinearLayout",
              "bounds": [
                0,
                0,
                1440,
                2392
              ],
              "children": [
                {
                  "class": "android.support.v7.widget.ContentFrameLayout",
                  "bounds": [
                    0,
                    0,
                    1440,
                    2392
                  ],
                  "children": [
                    {
                      "class": "android.widget.RelativeLayout",
                      "bounds": [
                        0,
                        0,
                        1440,
                        2392
                      ],
                      "children": [
                        {
                          "class": "android.support.v7.widget.AppCompatImageView",
                          "bounds": [
                            0,
                            0,
                            1440,
                            2392
                          ]
                        },
                        {
                          "class": "android.widget.RelativeLayout",
                          "bounds": [
                            0,
                            0,
                            1440,
                            2392
                          ]
                        },
                        {
                          "class": "android.support.v7.widget.Toolbar",
                          "bounds": [
                            0,
                            0,
                            1440,
                            280
                          ],
                          "children": [
                            {
                              "class": "android.widget.TextView",
                              "bounds": [
                                420,
                                270,
                                548,
                                228
                              ]
                            },
                            {
                              "class": "android.widget.ImageButton",
                              "bounds": [
                                0,
                                168,
                                196,
                                280
                              ]
                            },
                            {
                              "class": "android.support.v7.widget.ActionMenuView",
                              "bounds": [
                                1704,
                                168,
                                1440,
                                280
                              ],
                              "children": [
                                {
                                  "class": "android.support.v7.view.menu.ActionMenuItemView",
                                  "bounds": [
                                    852,
                                    112,
                                    196,
                                    182
                                  ]
                                },
                                {
                                  "class": "android.support.v7.view.menu.ActionMenuItemView",
                                  "bounds": [
                                    1244,
                                    112,
                                    392,
                                    182
                                  ]
                                },
                                {
                                  "class": "android.support.v7.view.menu.ActionMenuItemView",
                                  "bounds": [
                                    1636,
                                    112,
                                    588,
                                    182
                                  ]
                                }
                              ]
                            }
                          ]
                        },
                        {
                          "class": "android.widget.RelativeLayout",
                          "bounds": [
                            112,
                            616,
                            1384,
                            770
                          ],
                          "children": [
                            {
                              "class": "android.support.v7.widget.AppCompatImageView",
                              "bounds": [
                                56,
                                308,
                                462,
                                462
                              ]
                            },
                            {
                              "class": "android.widget.LinearLayout",
                              "bounds": [
                                1036,
                                308,
                                1002,
                                207
                              ],
                              "children": [
                                {
                                  "class": "android.support.v7.widget.AppCompatTextView",
                                  "bounds": [
                                    546,
                                    308,
                                    496,
                                    71
                                  ]
                                },
                                {
                                  "class": "android.widget.LinearLayout",
                                  "bounds": [
                                    546,
                                    472,
                                    512,
                                    139
                                  ],
                                  "children": [
                                    {
                                      "class": "android.support.v7.widget.AppCompatTextView",
                                      "bounds": [
                                        546,
                                        390,
                                        173,
                                        57
                                      ]
                                    },
                                    {
                                      "class": "android.support.v7.widget.AppCompatTextView",
                                      "bounds": [
                                        892,
                                        390,
                                        205,
                                        57
                                      ]
                                    },
                                    {
                                      "class": "android.support.v7.widget.AppCompatTextView",
                                      "bounds": [
                                        956,
                                        390,
                                        512,
                                        57
                                      ]
                                    }
                                  ]
                                },
                                {
                                  "class": "android.widget.LinearLayout",
                                  "bounds": [
                                    546,
                                    608,
                                    494,
                                    207
                                  ],
                                  "children": [
                                    {
                                      "class": "android.widget.LinearLayout",
                                      "bounds": [
                                        546,
                                        458,
                                        271,
                                        57
                                      ],
                                      "children": [
                                        {
                                          "class": "com.robinhood.ticker.TickerView",
                                          "bounds": [
                                            546,
                                            458,
                                            192,
                                            55
                                          ]
                                        },
                                        {
                                          "class": "android.support.v7.widget.AppCompatTextView",
                                          "bounds": [
                                            930,
                                            458,
                                            271,
                                            57
                                          ]
                                        }
                                      ]
                                    },
                                    {
                                      "class": "android.support.v7.widget.AppCompatTextView",
                                      "bounds": [
                                        1088,
                                        458,
                                        303,
                                        57
                                      ]
                                    },
                                    {
                                      "class": "android.support.v7.widget.AppCompatTextView",
                                      "bounds": [
                                        1152,
                                        458,
                                        494,
                                        57
                                      ]
                                    }
                                  ]
                                }
                              ]
                            },
                            {
                              "class": "android.widget.RelativeLayout",
                              "bounds": [
                                980,
                                986,
                                1328,
                                462
                              ],
                              "children": [
                                {
                                  "class": "android.support.v7.widget.AppCompatButton",
                                  "bounds": [
                                    574,
                                    647,
                                    448,
                                    123
                                  ]
                                }
                              ]
                            }
                          ]
                        },
                        {
                          "class": "android.view.View",
                          "bounds": [
                            0,
                            1652,
                            1440,
                            830
                          ]
                        },
                        {
                          "class": "android.widget.RelativeLayout",
                          "bounds": [
                            0,
                            1660,
                            1440,
                            2168
                          ],
                          "children": [
                            {
                              "class": "android.widget.RelativeLayout",
                              "bounds": [
                                0,
                                830,
                                1440,
                                1338
                              ],
                              "children": []
                            },
                            {
                              "class": "android.widget.ScrollView",
                              "bounds": [
                                0,
                                830,
                                1440,
                                1338
                              ],
                              "children": [
                                {
                                  "class": "android.widget.RelativeLayout",
                                  "bounds": [
                                    0,
                                    830,
                                    1440,
                                    3290
                                  ],
                                  "children": [
                                    {
                                      "class": "android.support.v7.widget.RecyclerView",
                                      "bounds": [
                                        0,
                                        830,
                                        1440,
                                        2450
                                      ],
                                      "children": [
                                        {
                                          "class": "android.widget.RelativeLayout",
                                          "bounds": [
                                            0,
                                            830,
                                            1440,
                                            245
                                          ],
                                          "children": [
                                            {
                                              "class": "android.widget.LinearLayout",
                                              "bounds": [
                                                0,
                                                886,
                                                1106,
                                                217
                                              ],
                                              "children": [
                                                {
                                                  "class": "android.support.v7.widget.AppCompatTextView",
                                                  "bounds": [
                                                    112,
                                                    858,
                                                    1106,
                                                    123
                                                  ]
                                                },
                                                {
                                                  "class": "android.widget.LinearLayout",
                                                  "bounds": [
                                                    112,
                                                    1104,
                                                    784,
                                                    189
                                                  ],
                                                  "children": [
                                                    {
                                                      "class": "android.support.v7.widget.AppCompatTextView",
                                                      "bounds": [
                                                        56,
                                                        981,
                                                        728,
                                                        66
                                                      ]
                                                    }
                                                  ]
                                                }
                                              ]
                                            },
                                            {
                                              "class": "android.widget.LinearLayout",
                                              "bounds": [
                                                2212,
                                                934,
                                                1412,
                                                192
                                              ],
                                              "children": [
                                                {
                                                  "class": "android.support.v7.widget.AppCompatTextView",
                                                  "bounds": [
                                                    1106,
                                                    956,
                                                    166,
                                                    103
                                                  ]
                                                },
                                                {
                                                  "class": "android.support.v7.widget.AppCompatImageButton",
                                                  "bounds": [
                                                    1438,
                                                    882,
                                                    306,
                                                    140
                                                  ]
                                                }
                                              ]
                                            },
                                            {
                                              "class": "android.view.View",
                                              "bounds": [
                                                112,
                                                1312,
                                                1440,
                                                245
                                              ]
                                            }
                                          ]
                                        },
                                        {
                                          "class": "android.widget.RelativeLayout",
                                          "bounds": [
                                            0,
                                            1320,
                                            1440,
                                            490
                                          ],
                                          "children": [
                                            {
                                              "class": "android.widget.LinearLayout",
                                              "bounds": [
                                                0,
                                                1131,
                                                1106,
                                                217
                                              ],
                                              "children": [
                                                {
                                                  "class": "android.support.v7.widget.AppCompatTextView",
                                                  "bounds": [
                                                    112,
                                                    1103,
                                                    1106,
                                                    123
                                                  ]
                                                },
                                                {
                                                  "class": "android.widget.LinearLayout",
                                                  "bounds": [
                                                    112,
                                                    1349,
                                                    784,
                                                    189
                                                  ],
                                                  "children": [
                                                    {
                                                      "class": "android.support.v7.widget.AppCompatTextView",
                                                      "bounds": [
                                                        56,
                                                        1226,
                                                        728,
                                                        66
                                                      ]
                                                    }
                                                  ]
                                                }
                                              ]
                                            },
                                            {
                                              "class": "android.widget.LinearLayout",
                                              "bounds": [
                                                2212,
                                                1179,
                                                1412,
                                                192
                                              ],
                                              "children": [
                                                {
                                                  "class": "android.support.v7.widget.AppCompatTextView",
                                                  "bounds": [
                                                    1106,
                                                    1201,
                                                    166,
                                                    103
                                                  ]
                                                },
                                                {
                                                  "class": "android.support.v7.widget.AppCompatImageButton",
                                                  "bounds": [
                                                    1438,
                                                    1127,
                                                    306,
                                                    140
                                                  ]
                                                }
                                              ]
                                            },
                                            {
                                              "class": "android.view.View",
                                              "bounds": [
                                                112,
                                                1557,
                                                1440,
                                                245
                                              ]
                                            }
                                          ]
                                        },
                                        {
                                          "class": "android.widget.RelativeLayout",
                                          "bounds": [
                                            0,
                                            1810,
                                            1440,
                                            735
                                          ],
                                          "children": [
                                            {
                                              "class": "android.widget.LinearLayout",
                                              "bounds": [
                                                0,
                                                1432,
                                                1106,
                                                188
                                              ],
                                              "children": [
                                                {
                                                  "class": "android.support.v7.widget.AppCompatTextView",
                                                  "bounds": [
                                                    112,
                                                    1376,
                                                    1062,
                                                    66
                                                  ]
                                                },
                                                {
                                                  "class": "android.widget.LinearLayout",
                                                  "bounds": [
                                                    112,
                                                    1508,
                                                    805,
                                                    132
                                                  ],
                                                  "children": [
                                                    {
                                                      "class": "android.support.v7.widget.AppCompatTextView",
                                                      "bounds": [
                                                        56,
                                                        1442,
                                                        749,
                                                        66
                                                      ]
                                                    }
                                                  ]
                                                }
                                              ]
                                            },
                                            {
                                              "class": "android.widget.LinearLayout",
                                              "bounds": [
                                                2212,
                                                1424,
                                                1412,
                                                192
                                              ],
                                              "children": [
                                                {
                                                  "class": "android.support.v7.widget.AppCompatTextView",
                                                  "bounds": [
                                                    1106,
                                                    1446,
                                                    166,
                                                    103
                                                  ]
                                                },
                                                {
                                                  "class": "android.support.v7.widget.AppCompatImageButton",
                                                  "bounds": [
                                                    1438,
                                                    1372,
                                                    306,
                                                    140
                                                  ]
                                                }
                                              ]
                                            },
                                            {
                                              "class": "android.view.View",
                                              "bounds": [
                                                112,
                                                1802,
                                                1440,
                                                245
                                              ]
                                            }
                                          ]
                                        },
                                        {
                                          "class": "android.widget.RelativeLayout",
                                          "bounds": [
                                            0,
                                            2300,
                                            1440,
                                            980
                                          ],
                                          "children": [
                                            {
                                              "class": "android.widget.LinearLayout",
                                              "bounds": [
                                                0,
                                                1677,
                                                1106,
                                                188
                                              ],
                                              "children": [
                                                {
                                                  "class": "android.support.v7.widget.AppCompatTextView",
                                                  "bounds": [
                                                    112,
                                                    1621,
                                                    840,
                                                    66
                                                  ]
                                                },
                                                {
                                                  "class": "android.widget.LinearLayout",
                                                  "bounds": [
                                                    112,
                                                    1753,
                                                    784,
                                                    132
                                                  ],
                                                  "children": [
                                                    {
                                                      "class": "android.support.v7.widget.AppCompatTextView",
                                                      "bounds": [
                                                        56,
                                                        1687,
                                                        728,
                                                        66
                                                      ]
                                                    }
                                                  ]
                                                }
                                              ]
                                            },
                                            {
                                              "class": "android.widget.LinearLayout",
                                              "bounds": [
                                                2212,
                                                1669,
                                                1412,
                                                192
                                              ],
                                              "children": [
                                                {
                                                  "class": "android.support.v7.widget.AppCompatTextView",
                                                  "bounds": [
                                                    1106,
                                                    1691,
                                                    166,
                                                    103
                                                  ]
                                                },
                                                {
                                                  "class": "android.support.v7.widget.AppCompatImageButton",
                                                  "bounds": [
                                                    1438,
                                                    1617,
                                                    306,
                                                    140
                                                  ]
                                                }
                                              ]
                                            },
                                            {
                                              "class": "android.view.View",
                                              "bounds": [
                                                112,
                                                2047,
                                                1440,
                                                245
                                              ]
                                            }
                                          ]
                                        },
                                        {
                                          "class": "android.widget.RelativeLayout",
                                          "bounds": [
                                            0,
                                            2790,
                                            1440,
                                            1225
                                          ],
                                          "children": [
                                            {
                                              "class": "android.widget.LinearLayout",
                                              "bounds": [
                                                0,
                                                1866,
                                                1106,
                                                217
                                              ],
                                              "children": [
                                                {
                                                  "class": "android.support.v7.widget.AppCompatTextView",
                                                  "bounds": [
                                                    112,
                                                    1838,
                                                    1106,
                                                    123
                                                  ]
                                                },
                                                {
                                                  "class": "android.widget.LinearLayout",
                                                  "bounds": [
                                                    112,
                                                    2084,
                                                    784,
                                                    189
                                                  ],
                                                  "children": [
                                                    {
                                                      "class": "android.support.v7.widget.AppCompatTextView",
                                                      "bounds": [
                                                        56,
                                                        1961,
                                                        728,
                                                        66
                                                      ]
                                                    }
                                                  ]
                                                }
                                              ]
                                            },
                                            {
                                              "class": "android.widget.LinearLayout",
                                              "bounds": [
                                                2212,
                                                1914,
                                                1412,
                                                192
                                              ],
                                              "children": [
                                                {
                                                  "class": "android.support.v7.widget.AppCompatTextView",
                                                  "bounds": [
                                                    1106,
                                                    1936,
                                                    166,
                                                    103
                                                  ]
                                                },
                                                {
                                                  "class": "android.support.v7.widget.AppCompatImageButton",
                                                  "bounds": [
                                                    1438,
                                                    1862,
                                                    306,
                                                    140
                                                  ]
                                                }
                                              ]
                                            },
                                            {
                                              "class": "android.view.View",
                                              "bounds": [
                                                112,
                                                2292,
                                                1440,
                                                245
                                              ]
                                            }
                                          ]
                                        },
                                        {
                                          "class": "android.widget.RelativeLayout",
                                          "bounds": [
                                            0,
                                            3280,
                                            1440,
                                            1470
                                          ],
                                          "children": [
                                            {
                                              "class": "android.widget.LinearLayout",
                                              "bounds": [
                                                0,
                                                2167,
                                                1106,
                                                188
                                              ],
                                              "children": [
                                                {
                                                  "class": "android.support.v7.widget.AppCompatTextView",
                                                  "bounds": [
                                                    112,
                                                    2111,
                                                    952,
                                                    66
                                                  ]
                                                },
                                                {
                                                  "class": "android.widget.LinearLayout",
                                                  "bounds": [
                                                    112,
                                                    2243,
                                                    784,
                                                    132
                                                  ],
                                                  "children": [
                                                    {
                                                      "class": "android.support.v7.widget.AppCompatTextView",
                                                      "bounds": [
                                                        56,
                                                        2177,
                                                        728,
                                                        66
                                                      ]
                                                    }
                                                  ]
                                                }
                                              ]
                                            },
                                            {
                                              "class": "android.widget.LinearLayout",
                                              "bounds": [
                                                2212,
                                                2159,
                                                1412,
                                                192
                                              ],
                                              "children": [
                                                {
                                                  "class": "android.support.v7.widget.AppCompatTextView",
                                                  "bounds": [
                                                    1106,
                                                    2181,
                                                    166,
                                                    103
                                                  ]
                                                },
                                                {
                                                  "class": "android.support.v7.widget.AppCompatImageButton",
                                                  "bounds": [
                                                    1438,
                                                    2107,
                                                    306,
                                                    140
                                                  ]
                                                }
                                              ]
                                            },
                                            {
                                              "class": "android.view.View",
                                              "bounds": [
                                                112,
                                                2537,
                                                1440,
                                                245
                                              ]
                                            }
                                          ]
                                        },
                                        {
                                          "class": "android.widget.RelativeLayout",
                                          "bounds": [
                                            0,
                                            3770,
                                            1440,
                                            1715
                                          ],
                                          "children": [
                                            {
                                              "class": "android.widget.LinearLayout",
                                              "bounds": [
                                                0,
                                                2356,
                                                1106,
                                                217
                                              ],
                                              "children": [
                                                {
                                                  "class": "android.support.v7.widget.AppCompatTextView",
                                                  "bounds": [
                                                    112,
                                                    2328,
                                                    1106,
                                                    123
                                                  ]
                                                },
                                                {
                                                  "class": "android.widget.LinearLayout",
                                                  "bounds": [
                                                    112,
                                                    2574,
                                                    784,
                                                    189
                                                  ],
                                                  "children": [
                                                    {
                                                      "class": "android.support.v7.widget.AppCompatTextView",
                                                      "bounds": [
                                                        56,
                                                        2451,
                                                        728,
                                                        66
                                                      ]
                                                    }
                                                  ]
                                                }
                                              ]
                                            },
                                            {
                                              "class": "android.widget.LinearLayout",
                                              "bounds": [
                                                2212,
                                                2404,
                                                1412,
                                                192
                                              ],
                                              "children": [
                                                {
                                                  "class": "android.support.v7.widget.AppCompatTextView",
                                                  "bounds": [
                                                    1106,
                                                    2426,
                                                    166,
                                                    103
                                                  ]
                                                },
                                                {
                                                  "class": "android.support.v7.widget.AppCompatImageButton",
                                                  "bounds": [
                                                    1438,
                                                    2352,
                                                    306,
                                                    140
                                                  ]
                                                }
                                              ]
                                            },
                                            {
                                              "class": "android.view.View",
                                              "bounds": [
                                                112,
                                                2782,
                                                1440,
                                                245
                                              ]
                                            }
                                          ]
                                        },
                                        {
                                          "class": "android.widget.RelativeLayout",
                                          "bounds": [
                                            0,
                                            4260,
                                            1440,
                                            1960
                                          ],
                                          "children": [
                                            {
                                              "class": "android.widget.LinearLayout",
                                              "bounds": [
                                                0,
                                                2601,
                                                1106,
                                                217
                                              ],
                                              "children": [
                                                {
                                                  "class": "android.support.v7.widget.AppCompatTextView",
                                                  "bounds": [
                                                    112,
                                                    2573,
                                                    1106,
                                                    123
                                                  ]
                                                },
                                                {
                                                  "class": "android.widget.LinearLayout",
                                                  "bounds": [
                                                    112,
                                                    2819,
                                                    784,
                                                    189
                                                  ],
                                                  "children": [
                                                    {
                                                      "class": "android.support.v7.widget.AppCompatTextView",
                                                      "bounds": [
                                                        56,
                                                        2696,
                                                        728,
                                                        66
                                                      ]
                                                    }
                                                  ]
                                                }
                                              ]
                                            },
                                            {
                                              "class": "android.widget.LinearLayout",
                                              "bounds": [
                                                2212,
                                                2649,
                                                1412,
                                                192
                                              ],
                                              "children": [
                                                {
                                                  "class": "android.support.v7.widget.AppCompatTextView",
                                                  "bounds": [
                                                    1106,
                                                    2671,
                                                    166,
                                                    103
                                                  ]
                                                },
                                                {
                                                  "class": "android.support.v7.widget.AppCompatImageButton",
                                                  "bounds": [
                                                    1438,
                                                    2597,
                                                    306,
                                                    140
                                                  ]
                                                }
                                              ]
                                            },
                                            {
                                              "class": "android.view.View",
                                              "bounds": [
                                                112,
                                                3027,
                                                1440,
                                                245
                                              ]
                                            }
                                          ]
                                        },
                                        {
                                          "class": "android.widget.RelativeLayout",
                                          "bounds": [
                                            0,
                                            4750,
                                            1440,
                                            2205
                                          ],
                                          "children": [
                                            {
                                              "class": "android.widget.LinearLayout",
                                              "bounds": [
                                                0,
                                                2846,
                                                1106,
                                                217
                                              ],
                                              "children": [
                                                {
                                                  "class": "android.support.v7.widget.AppCompatTextView",
                                                  "bounds": [
                                                    112,
                                                    2818,
                                                    1106,
                                                    123
                                                  ]
                                                },
                                                {
                                                  "class": "android.widget.LinearLayout",
                                                  "bounds": [
                                                    112,
                                                    3064,
                                                    784,
                                                    189
                                                  ],
                                                  "children": [
                                                    {
                                                      "class": "android.support.v7.widget.AppCompatTextView",
                                                      "bounds": [
                                                        56,
                                                        2941,
                                                        728,
                                                        66
                                                      ]
                                                    }
                                                  ]
                                                }
                                              ]
                                            },
                                            {
                                              "class": "android.widget.LinearLayout",
                                              "bounds": [
                                                2212,
                                                2894,
                                                1412,
                                                192
                                              ],
                                              "children": [
                                                {
                                                  "class": "android.support.v7.widget.AppCompatTextView",
                                                  "bounds": [
                                                    1106,
                                                    2916,
                                                    166,
                                                    103
                                                  ]
                                                },
                                                {
                                                  "class": "android.support.v7.widget.AppCompatImageButton",
                                                  "bounds": [
                                                    1438,
                                                    2842,
                                                    306,
                                                    140
                                                  ]
                                                }
                                              ]
                                            },
                                            {
                                              "class": "android.view.View",
                                              "bounds": [
                                                112,
                                                3272,
                                                1440,
                                                245
                                              ]
                                            }
                                          ]
                                        },
                                        {
                                          "class": "android.widget.RelativeLayout",
                                          "bounds": [
                                            0,
                                            5240,
                                            1440,
                                            2450
                                          ],
                                          "children": [
                                            {
                                              "class": "android.widget.LinearLayout",
                                              "bounds": [
                                                0,
                                                3091,
                                                1106,
                                                217
                                              ],
                                              "children": [
                                                {
                                                  "class": "android.support.v7.widget.AppCompatTextView",
                                                  "bounds": [
                                                    112,
                                                    3063,
                                                    1106,
                                                    123
                                                  ]
                                                },
                                                {
                                                  "class": "android.widget.LinearLayout",
                                                  "bounds": [
                                                    112,
                                                    3309,
                                                    784,
                                                    189
                                                  ],
                                                  "children": [
                                                    {
                                                      "class": "android.support.v7.widget.AppCompatTextView",
                                                      "bounds": [
                                                        56,
                                                        3186,
                                                        728,
                                                        66
                                                      ]
                                                    }
                                                  ]
                                                }
                                              ]
                                            },
                                            {
                                              "class": "android.widget.LinearLayout",
                                              "bounds": [
                                                2212,
                                                3139,
                                                1412,
                                                192
                                              ],
                                              "children": [
                                                {
                                                  "class": "android.support.v7.widget.AppCompatTextView",
                                                  "bounds": [
                                                    1106,
                                                    3161,
                                                    166,
                                                    103
                                                  ]
                                                },
                                                {
                                                  "class": "android.support.v7.widget.AppCompatImageButton",
                                                  "bounds": [
                                                    1438,
                                                    3087,
                                                    306,
                                                    140
                                                  ]
                                                }
                                              ]
                                            },
                                            {
                                              "class": "android.view.View",
                                              "bounds": [
                                                112,
                                                3517,
                                                1440,
                                                245
                                              ]
                                            }
                                          ]
                                        }
                                      ]
                                    },
                                    {
                                      "class": "android.widget.FrameLayout",
                                      "bounds": [
                                        0,
                                        5812,
                                        1440,
                                        3290
                                      ],
                                      "children": [
                                        {
                                          "class": "android.widget.FrameLayout",
                                          "bounds": [
                                            0,
                                            3321,
                                            1440,
                                            799
                                          ],
                                          "children": [
                                            {
                                              "class": "android.widget.RelativeLayout",
                                              "bounds": [
                                                0,
                                                3377,
                                                1440,
                                                771
                                              ],
                                              "children": [
                                                {
                                                  "class": "android.support.v7.widget.AppCompatTextView",
                                                  "bounds": [
                                                    112,
                                                    3349,
                                                    636,
                                                    81
                                                  ]
                                                },
                                                {
                                                  "class": "android.support.v7.widget.AppCompatTextView",
                                                  "bounds": [
                                                    2304,
                                                    3349,
                                                    1384,
                                                    66
                                                  ]
                                                },
                                                {
                                                  "class": "android.widget.RelativeLayout",
                                                  "bounds": [
                                                    0,
                                                    3567,
                                                    1440,
                                                    743
                                                  ],
                                                  "children": [
                                                    {
                                                      "class": "android.support.v7.widget.RecyclerView",
                                                      "bounds": [
                                                        56,
                                                        3458,
                                                        1440,
                                                        634
                                                      ],
                                                      "children": [
                                                        {
                                                          "class": "android.widget.RelativeLayout",
                                                          "bounds": [
                                                            28,
                                                            3458,
                                                            477,
                                                            490
                                                          ],
                                                          "children": [
                                                            {
                                                              "class": "android.support.v7.widget.AppCompatImageView",
                                                              "bounds": [
                                                                28,
                                                                3486,
                                                                462,
                                                                476
                                                              ]
                                                            },
                                                            {
                                                              "class": "android.support.v7.widget.AppCompatImageView",
                                                              "bounds": [
                                                                28,
                                                                4046,
                                                                462,
                                                                476
                                                              ]
                                                            },
                                                            {
                                                              "class": "android.support.v7.widget.AppCompatTextView",
                                                              "bounds": [
                                                                64,
                                                                4270,
                                                                445,
                                                                463
                                                              ]
                                                            }
                                                          ]
                                                        },
                                                        {
                                                          "class": "android.widget.RelativeLayout",
                                                          "bounds": [
                                                            982,
                                                            3458,
                                                            954,
                                                            490
                                                          ],
                                                          "children": [
                                                            {
                                                              "class": "android.support.v7.widget.AppCompatImageView",
                                                              "bounds": [
                                                                505,
                                                                3486,
                                                                462,
                                                                476
                                                              ]
                                                            },
                                                            {
                                                              "class": "android.support.v7.widget.AppCompatImageView",
                                                              "bounds": [
                                                                505,
                                                                4046,
                                                                462,
                                                                476
                                                              ]
                                                            },
                                                            {
                                                              "class": "android.support.v7.widget.AppCompatTextView",
                                                              "bounds": [
                                                                541,
                                                                4270,
                                                                445,
                                                                463
                                                              ]
                                                            }
                                                          ]
                                                        },
                                                        {
                                                          "class": "android.widget.RelativeLayout",
                                                          "bounds": [
                                                            1936,
                                                            3458,
                                                            1431,
                                                            490
                                                          ],
                                                          "children": [
                                                            {
                                                              "class": "android.support.v7.widget.AppCompatImageView",
                                                              "bounds": [
                                                                982,
                                                                3486,
                                                                462,
                                                                476
                                                              ]
                                                            },
                                                            {
                                                              "class": "android.support.v7.widget.AppCompatImageView",
                                                              "bounds": [
                                                                982,
                                                                4046,
                                                                462,
                                                                476
                                                              ]
                                                            },
                                                            {
                                                              "class": "android.support.v7.widget.AppCompatTextView",
                                                              "bounds": [
                                                                1018,
                                                                4270,
                                                                445,
                                                                463
                                                              ]
                                                            }
                                                          ]
                                                        }
                                                      ]
                                                    }
                                                  ]
                                                }
                                              ]
                                            }
                                          ]
                                        }
                                      ]
                                    }
                                  ]
                                }
                              ]
                            }
                          ]
                        },
                        {
                          "class": "android.widget.RelativeLayout",
                          "bounds": [
                            0,
                            4336,
                            1440,
                            2392
                          ]
                        },
                        {
                          "class": "android.widget.LinearLayout",
                          "bounds": [
                            0,
                            4000,
                            1440,
                            2392
                          ],
                          "children": [
                            {
                              "class": "my.googlemusic.play.commons.widget.NowPlayingLayout",
                              "bounds": [
                                0,
                                2000,
                                1440,
                                210
                              ],
                              "children": [
                                {
                                  "class": "android.support.design.widget.CoordinatorLayout",
                                  "bounds": [
                                    0,
                                    2000,
                                    1440,
                                    210
                                  ],
                                  "children": [
                                    {
                                      "class": "android.widget.LinearLayout",
                                      "bounds": [
                                        0,
                                        2000,
                                        1440,
                                        210
                                      ],
                                      "children": [
                                        {
                                          "class": "android.widget.RelativeLayout",
                                          "bounds": [
                                            0,
                                            2000,
                                            1440,
                                            210
                                          ],
                                          "children": [
                                            {
                                              "class": "android.support.v7.widget.AppCompatImageView",
                                              "bounds": [
                                                0,
                                                2000,
                                                1440,
                                                210
                                              ]
                                            },
                                            {
                                              "class": "android.view.View",
                                              "bounds": [
                                                0,
                                                2000,
                                                1440,
                                                210
                                              ]
                                            },
                                            {
                                              "class": "android.support.v7.widget.AppCompatSeekBar",
                                              "bounds": [
                                                0,
                                                2000,
                                                1440,
                                                7
                                              ]
                                            },
                                            {
                                              "class": "android.support.v7.widget.AppCompatImageButton",
                                              "bounds": [
                                                0,
                                                2014,
                                                1440,
                                                210
                                              ]
                                            },
                                            {
                                              "class": "android.widget.RelativeLayout",
                                              "bounds": [
                                                0,
                                                2000,
                                                1440,
                                                210
                                              ],
                                              "children": [
                                                {
                                                  "class": "android.support.v7.widget.AppCompatImageView",
                                                  "bounds": [
                                                    0,
                                                    2000,
                                                    210,
                                                    210
                                                  ]
                                                },
                                                {
                                                  "class": "android.widget.RelativeLayout",
                                                  "bounds": [
                                                    2544,
                                                    2042,
                                                    1440,
                                                    189
                                                  ],
                                                  "children": [
                                                    {
                                                      "class": "android.support.v7.widget.AppCompatImageView",
                                                      "bounds": [
                                                        1272,
                                                        2021,
                                                        168,
                                                        168
                                                      ]
                                                    }
                                                  ]
                                                },
                                                {
                                                  "class": "android.widget.RelativeLayout",
                                                  "bounds": [
                                                    2208,
                                                    2042,
                                                    1272,
                                                    189
                                                  ],
                                                  "children": [
                                                    {
                                                      "class": "android.support.v7.widget.AppCompatImageView",
                                                      "bounds": [
                                                        1104,
                                                        2021,
                                                        168,
                                                        168
                                                      ]
                                                    }
                                                  ]
                                                },
                                                {
                                                  "class": "android.widget.LinearLayout",
                                                  "bounds": [
                                                    504,
                                                    2072,
                                                    1104,
                                                    173
                                                  ],
                                                  "children": [
                                                    {
                                                      "class": "android.support.v7.widget.AppCompatTextView",
                                                      "bounds": [
                                                        252,
                                                        2036,
                                                        852,
                                                        71
                                                      ]
                                                    },
                                                    {
                                                      "class": "android.support.v7.widget.AppCompatTextView",
                                                      "bounds": [
                                                        252,
                                                        2178,
                                                        232,
                                                        137
                                                      ]
                                                    }
                                                  ]
                                                }
                                              ]
                                            }
                                          ]
                                        }
                                      ]
                                    }
                                  ]
                                }
                              ]
                            },
                            {
                              "class": "android.widget.FrameLayout",
                              "bounds": [
                                0,
                                2420,
                                1440,
                                392
                              ],
                              "children": [
                                {
                                  "class": "android.widget.RelativeLayout",
                                  "bounds": [
                                    0,
                                    2210,
                                    1440,
                                    182
                                  ],
                                  "children": [
                                    {
                                      "class": "com.millennialmedia.internal.MMWebView",
                                      "bounds": [
                                        0,
                                        2210,
                                        1440,
                                        182
                                      ]
                                    }
                                  ]
                                }
                              ]
                            }
                          ]
                        },
                        {
                          "class": "android.widget.FrameLayout",
                          "bounds": [
                            0,
                            0,
                            1440,
                            2392
                          ],
                          "children": [
                            {
                              "class": "android.widget.RelativeLayout",
                              "bounds": [
                                0,
                                0,
                                1440,
                                2392
                              ],
                              "children": [
                                {
                                  "class": "android.widget.RelativeLayout",
                                  "bounds": [
                                    0,
                                    3104,
                                    1440,
                                    2392
                                  ],
                                  "children": []
                                }
                              ]
                            }
                          ]
                        }
                      ]
                    }
                  ]
                }
              ]
            }
          ]
        }
      ]
    },
    {
      "class": "android.view.View",
      "bounds": [
        0,
        4784,
        1440,
        2560
      ]
    }
  ]
}