{
  "class": "com.android.internal.policy.PhoneWindow$DecorView",
  "bounds": [
    0,
    0,
    1440,
    2560
  ],
  "children": [
    {
      "class": "com.android.internal.widget.ActionBarOverlayLayout",
      "bounds": [
        0,
        0,
        1440,
        2392
      ],
      "children": [
        {
          "class": "android.widget.FrameLayout",
          "bounds": [
            0,
            168,
            1440,
            2392
          ],
          "children": [
            {
              "class": "android.widget.FrameLayout",
              "bounds": [
                0,
                84,
                1440,
                2308
              ],
              "children": [
                {
                  "class": "android.widget.FrameLayout",
                  "bounds": [
                    0,
                    84,
                    1440,
                    2308
                  ],
                  "children": [
                    {
                      "class": "android.widget.FrameLayout",
                      "bounds": [
                        0,
                        84,
                        1440,
                        2308
                      ],
                      "children": [
                        {
                          "class": "android.widget.FrameLayout",
                          "bounds": [
                            0,
                            84,
                            1440,
                            2308
                          ],
                          "children": [
                            {
                              "class": "android.widget.LinearLayout",
                              "bounds": [
                                0,
                                84,
                                1440,
                                2308
                              ],
                              "children": [
                                {
                                  "class": "android.widget.FrameLayout",
                                  "bounds": [
                                    0,
                                    84,
                                    1440,
                                    224
                                  ]
                                },
                                {
                                  "class": "com.android.contacts.common.list.ViewPagerTabs",
                                  "bounds": [
                                    0,
                                    532,
                                    1440,
                                    375
                                  ],
                                  "children": [
                                    {
                                      "class": "com.android.contacts.common.list.ViewPagerTabStrip",
                                      "bounds": [
                                        0,
                                        308,
                                        1440,
                                        151
                                      ],
                                      "children": [
                                        {
                                          "class": "android.view.View",
                                          "bounds": [
                                            0,
                                            308,
                                            480,
                                            151
                                          ]
                                        },
                                        {
                                          "class": "android.view.View",
                                          "bounds": [
                                            960,
                                            308,
                                            960,
                                            151
                                          ]
                                        },
                                        {
                                          "class": "android.view.View",
                                          "bounds": [
                                            1920,
                                            308,
                                            1440,
                                            151
                                          ]
                                        }
                                      ]
                                    }
                                  ]
                                },
                                {
                                  "class": "android.support.v4.view.ViewPager",
                                  "bounds": [
                                    0,
                                    834,
                                    1440,
                                    2308
                                  ],
                                  "children": [
                                    {
                                      "class": "android.widget.FrameLayout",
                                      "bounds": [
                                        0,
                                        459,
                                        1440,
                                        1933
                                      ],
                                      "children": [
                                        {
                                          "class": "android.widget.FrameLayout",
                                          "bounds": [
                                            0,
                                            459,
                                            1440,
                                            1933
                                          ],
                                          "children": [
                                            {
                                              "class": "com.android.dialer.list.PhoneFavoriteListView",
                                              "bounds": [
                                                8,
                                                459,
                                                1440,
                                                1933
                                              ],
                                              "children": [
                                                {
                                                  "class": "com.android.dialer.list.PhoneFavoriteSquareTileView",
                                                  "bounds": [
                                                    4,
                                                    473,
                                                    718,
                                                    552
                                                  ],
                                                  "children": [
                                                    {
                                                      "class": "android.widget.RelativeLayout",
                                                      "bounds": [
                                                        4,
                                                        466,
                                                        718,
                                                        545
                                                      ],
                                                      "children": [
                                                        {
                                                          "class": "com.android.contacts.common.widget.LayoutSuppressingImageView",
                                                          "bounds": [
                                                            4,
                                                            466,
                                                            718,
                                                            545
                                                          ]
                                                        },
                                                        {
                                                          "class": "android.widget.LinearLayout",
                                                          "bounds": [
                                                            4,
                                                            466,
                                                            718,
                                                            545
                                                          ],
                                                          "children": [
                                                            {
                                                              "class": "android.view.View",
                                                              "bounds": [
                                                                4,
                                                                466,
                                                                718,
                                                                545
                                                              ]
                                                            }
                                                          ]
                                                        },
                                                        {
                                                          "class": "android.widget.LinearLayout",
                                                          "bounds": [
                                                            4,
                                                            1244,
                                                            718,
                                                            545
                                                          ],
                                                          "children": [
                                                            {
                                                              "class": "android.widget.LinearLayout",
                                                              "bounds": [
                                                                88,
                                                                855,
                                                                676,
                                                                71
                                                              ],
                                                              "children": [
                                                                {
                                                                  "class": "android.widget.TextView",
                                                                  "bounds": [
                                                                    46,
                                                                    855,
                                                                    634,
                                                                    71
                                                                  ]
                                                                }
                                                              ]
                                                            },
                                                            {
                                                              "class": "android.widget.TextView",
                                                              "bounds": [
                                                                88,
                                                                997,
                                                                676,
                                                                124
                                                              ]
                                                            }
                                                          ]
                                                        },
                                                        {
                                                          "class": "android.view.View",
                                                          "bounds": [
                                                            4,
                                                            466,
                                                            718,
                                                            545
                                                          ]
                                                        },
                                                        {
                                                          "class": "android.widget.ImageButton",
                                                          "bounds": [
                                                            1188,
                                                            466,
                                                            718,
                                                            126
                                                          ]
                                                        }
                                                      ]
                                                    }
                                                  ]
                                                }
                                              ]
                                            }
                                          ]
                                        }
                                      ]
                                    },
                                    {
                                      "class": "android.widget.FrameLayout",
                                      "bounds": [
                                        2880,
                                        459,
                                        2880,
                                        1933
                                      ],
                                      "children": [
                                        {
                                          "class": "android.support.v7.widget.RecyclerView",
                                          "bounds": [
                                            1440,
                                            459,
                                            1440,
                                            1933
                                          ],
                                          "children": [
                                            {
                                              "class": "android.widget.LinearLayout",
                                              "bounds": [
                                                1496,
                                                459,
                                                1412,
                                                403
                                              ],
                                              "children": [
                                                {
                                                  "class": "android.widget.TextView",
                                                  "bounds": [
                                                    1524,
                                                    459,
                                                    245,
                                                    151
                                                  ]
                                                },
                                                {
                                                  "class": "android.support.v7.widget.CardView",
                                                  "bounds": [
                                                    1496,
                                                    789,
                                                    1370,
                                                    389
                                                  ],
                                                  "children": [
                                                    {
                                                      "class": "android.widget.LinearLayout",
                                                      "bounds": [
                                                        1482,
                                                        624,
                                                        1356,
                                                        224
                                                      ],
                                                      "children": [
                                                        {
                                                          "class": "android.widget.LinearLayout",
                                                          "bounds": [
                                                            1482,
                                                            624,
                                                            1356,
                                                            224
                                                          ],
                                                          "children": [
                                                            {
                                                              "class": "android.widget.QuickContactBadge",
                                                              "bounds": [
                                                                1538,
                                                                708,
                                                                168,
                                                                182
                                                              ]
                                                            },
                                                            {
                                                              "class": "android.widget.LinearLayout",
                                                              "bounds": [
                                                                1930,
                                                                708,
                                                                1188,
                                                                181
                                                              ],
                                                              "children": [
                                                                {
                                                                  "class": "android.widget.TextView",
                                                                  "bounds": [
                                                                    1706,
                                                                    666,
                                                                    308,
                                                                    66
                                                                  ]
                                                                },
                                                                {
                                                                  "class": "android.widget.LinearLayout",
                                                                  "bounds": [
                                                                    1706,
                                                                    812,
                                                                    474,
                                                                    139
                                                                  ],
                                                                  "children": [
                                                                    {
                                                                      "class": "com.android.dialer.calllog.CallTypeIconsView",
                                                                      "bounds": [
                                                                        1706,
                                                                        775,
                                                                        88,
                                                                        48
                                                                      ]
                                                                    },
                                                                    {
                                                                      "class": "android.widget.TextView",
                                                                      "bounds": [
                                                                        1910,
                                                                        739,
                                                                        460,
                                                                        66
                                                                      ]
                                                                    }
                                                                  ]
                                                                }
                                                              ]
                                                            },
                                                            {
                                                              "class": "android.widget.ImageView",
                                                              "bounds": [
                                                                3858,
                                                                722,
                                                                1314,
                                                                175
                                                              ]
                                                            }
                                                          ]
                                                        }
                                                      ]
                                                    }
                                                  ]
                                                }
                                              ]
                                            },
                                            {
                                              "class": "android.support.v7.widget.CardView",
                                              "bounds": [
                                                1524,
                                                1293,
                                                1398,
                                                557
                                              ],
                                              "children": [
                                                {
                                                  "class": "android.widget.TextView",
                                                  "bounds": [
                                                    2402,
                                                    950,
                                                    895,
                                                    103
                                                  ]
                                                }
                                              ]
                                            }
                                          ]
                                        }
                                      ]
                                    },
                                    {
                                      "class": "android.widget.LinearLayout",
                                      "bounds": [
                                        5760,
                                        459,
                                        4320,
                                        1933
                                      ],
                                      "children": [
                                        {
                                          "class": "android.widget.FrameLayout",
                                          "bounds": [
                                            2880,
                                            459,
                                            1440,
                                            0
                                          ],
                                          "children": []
                                        },
                                        {
                                          "class": "android.widget.FrameLayout",
                                          "bounds": [
                                            2880,
                                            459,
                                            1440,
                                            1933
                                          ],
                                          "children": []
                                        }
                                      ]
                                    }
                                  ]
                                }
                              ]
                            },
                            {
                              "class": "com.android.dialer.list.RemoveView",
                              "bounds": [
                                0,
                                532,
                                1440,
                                375
                              ],
                              "children": []
                            }
                          ]
                        }
                      ]
                    }
                  ]
                },
                {
                  "class": "android.widget.FrameLayout",
                  "bounds": [
                    1244,
                    4196,
                    818,
                    2252
                  ],
                  "children": [
                    {
                      "class": "android.widget.ImageButton",
                      "bounds": [
                        622,
                        2140,
                        196,
                        196
                      ]
                    }
                  ]
                },
                {
                  "class": "android.widget.FrameLayout",
                  "bounds": [
                    0,
                    84,
                    1440,
                    2308
                  ],
                  "children": []
                }
              ]
            }
          ]
        },
        {
          "class": "com.android.internal.widget.ActionBarContainer",
          "bounds": [
            0,
            168,
            1440,
            308
          ],
          "children": [
            {
              "class": "android.widget.Toolbar",
              "bounds": [
                0,
                84,
                1440,
                224
              ],
              "children": [
                {
                  "class": "com.android.dialer.widget.SearchEditTextLayout",
                  "bounds": [
                    56,
                    140,
                    1412,
                    196
                  ],
                  "children": [
                    {
                      "class": "android.widget.LinearLayout",
                      "bounds": [
                        28,
                        112,
                        1384,
                        168
                      ],
                      "children": [
                        {
                          "class": "android.widget.ImageView",
                          "bounds": [
                            112,
                            182,
                            140,
                            133
                          ]
                        },
                        {
                          "class": "android.widget.TextView",
                          "bounds": [
                            490,
                            214,
                            1230,
                            117
                          ]
                        },
                        {
                          "class": "android.widget.ImageButton",
                          "bounds": [
                            2516,
                            182,
                            1342,
                            133
                          ]
                        }
                      ]
                    }
                  ]
                },
                {
                  "class": "android.widget.ActionMenuView",
                  "bounds": [
                    2880,
                    84,
                    1440,
                    196
                  ]
                }
              ]
            }
          ]
        }
      ]
    },
    {
      "class": "android.view.View",
      "bounds": [
        0,
        4784,
        1440,
        2560
      ]
    },
    {
      "class": "android.view.View",
      "bounds": [
        0,
        0,
        1440,
        84
      ]
    }
  ]
}