{
  "class": "com.android.internal.policy.PhoneWindow$DecorView",
  "bounds": [
    0,
    0,
    1440,
    2560
  ],
  "children": [
    {
      "class": "android.widget.LinearLayout",
      "bounds": [
        0,
        0,
        1440,
        2392
      ],
      "children": [
        {
          "class": "android.widget.FrameLayout",
          "bounds": [
            0,
            168,
            1440,
            2392
          ],
          "children": [
            {
              "class": "android.support.v7.widget.FitWindowsLinearLayout",
              "bounds": [
                0,
                84,
                1440,
                2308
              ],
              "children": [
                {
                  "class": "android.support.v7.widget.ContentFrameLayout",
                  "bounds": [
                    0,
                    84,
                    1440,
                    2308
                  ],
                  "children": [
                    {
                      "class": "com.menards.mobile.view.AssistDrawerLayout",
                      "bounds": [
                        0,
                        84,
                        1440,
                        2308
                      ],
                      "children": [
                        {
                          "class": "android.widget.LinearLayout",
                          "bounds": [
                            0,
                            84,
                            1440,
                            2308
                          ],
                          "children": [
                            {
                              "class": "android.widget.RelativeLayout",
                              "bounds": [
                                0,
                                84,
                                1440,
                                196
                              ],
                              "children": [
                                {
                                  "class": "android.support.v7.widget.Toolbar",
                                  "bounds": [
                                    0,
                                    84,
                                    1440,
                                    196
                                  ],
                                  "children": [
                                    {
                                      "class": "android.support.v7.widget.AppCompatTextView",
                                      "bounds": [
                                        504,
                                        186,
                                        680,
                                        144
                                      ]
                                    },
                                    {
                                      "class": "android.support.v7.widget.AppCompatImageButton",
                                      "bounds": [
                                        0,
                                        84,
                                        196,
                                        196
                                      ]
                                    },
                                    {
                                      "class": "android.support.v7.widget.ActionMenuView",
                                      "bounds": [
                                        2544,
                                        84,
                                        1440,
                                        196
                                      ],
                                      "children": [
                                        {
                                          "class": "android.support.v7.view.menu.ActionMenuItemView",
                                          "bounds": [
                                            1272,
                                            112,
                                            168,
                                            182
                                          ]
                                        }
                                      ]
                                    }
                                  ]
                                }
                              ]
                            },
                            {
                              "class": "android.widget.FrameLayout",
                              "bounds": [
                                0,
                                476,
                                1440,
                                2308
                              ],
                              "children": [
                                {
                                  "class": "android.widget.LinearLayout",
                                  "bounds": [
                                    0,
                                    280,
                                    1440,
                                    2112
                                  ],
                                  "children": [
                                    {
                                      "class": "android.widget.LinearLayout",
                                      "bounds": [
                                        0,
                                        336,
                                        1440,
                                        168
                                      ],
                                      "children": [
                                        {
                                          "class": "android.support.v7.widget.AppCompatEditText",
                                          "bounds": [
                                            112,
                                            308,
                                            1244,
                                            140
                                          ]
                                        },
                                        {
                                          "class": "android.support.v7.widget.AppCompatImageButton",
                                          "bounds": [
                                            2544,
                                            308,
                                            1412,
                                            140
                                          ]
                                        }
                                      ]
                                    },
                                    {
                                      "class": "android.widget.LinearLayout",
                                      "bounds": [
                                        0,
                                        616,
                                        1440,
                                        2112
                                      ],
                                      "children": [
                                        {
                                          "class": "android.widget.ListView",
                                          "bounds": [
                                            0,
                                            448,
                                            1440,
                                            1944
                                          ],
                                          "children": [
                                            {
                                              "class": "android.widget.RelativeLayout",
                                              "bounds": [
                                                0,
                                                448,
                                                1440,
                                                339
                                              ],
                                              "children": [
                                                {
                                                  "class": "android.widget.LinearLayout",
                                                  "bounds": [
                                                    0,
                                                    504,
                                                    527,
                                                    311
                                                  ],
                                                  "children": [
                                                    {
                                                      "class": "android.support.v7.widget.AppCompatTextView",
                                                      "bounds": [
                                                        112,
                                                        476,
                                                        255,
                                                        85
                                                      ]
                                                    },
                                                    {
                                                      "class": "android.support.v7.widget.AppCompatTextView",
                                                      "bounds": [
                                                        112,
                                                        646,
                                                        471,
                                                        151
                                                      ]
                                                    },
                                                    {
                                                      "class": "android.support.v7.widget.AppCompatTextView",
                                                      "bounds": [
                                                        112,
                                                        778,
                                                        453,
                                                        217
                                                      ]
                                                    },
                                                    {
                                                      "class": "android.support.v7.widget.AppCompatTextView",
                                                      "bounds": [
                                                        112,
                                                        910,
                                                        374,
                                                        283
                                                      ]
                                                    }
                                                  ]
                                                },
                                                {
                                                  "class": "android.support.v7.widget.AppCompatTextView",
                                                  "bounds": [
                                                    2292,
                                                    702,
                                                    1440,
                                                    212
                                                  ]
                                                }
                                              ]
                                            },
                                            {
                                              "class": "android.widget.RelativeLayout",
                                              "bounds": [
                                                0,
                                                1134,
                                                1440,
                                                682
                                              ],
                                              "children": [
                                                {
                                                  "class": "android.widget.LinearLayout",
                                                  "bounds": [
                                                    0,
                                                    847,
                                                    572,
                                                    311
                                                  ],
                                                  "children": [
                                                    {
                                                      "class": "android.support.v7.widget.AppCompatTextView",
                                                      "bounds": [
                                                        112,
                                                        819,
                                                        439,
                                                        85
                                                      ]
                                                    },
                                                    {
                                                      "class": "android.support.v7.widget.AppCompatTextView",
                                                      "bounds": [
                                                        112,
                                                        989,
                                                        439,
                                                        151
                                                      ]
                                                    },
                                                    {
                                                      "class": "android.support.v7.widget.AppCompatTextView",
                                                      "bounds": [
                                                        112,
                                                        1121,
                                                        516,
                                                        217
                                                      ]
                                                    },
                                                    {
                                                      "class": "android.support.v7.widget.AppCompatTextView",
                                                      "bounds": [
                                                        112,
                                                        1253,
                                                        374,
                                                        283
                                                      ]
                                                    }
                                                  ]
                                                },
                                                {
                                                  "class": "android.support.v7.widget.AppCompatTextView",
                                                  "bounds": [
                                                    2292,
                                                    1045,
                                                    1440,
                                                    212
                                                  ]
                                                }
                                              ]
                                            },
                                            {
                                              "class": "android.widget.RelativeLayout",
                                              "bounds": [
                                                0,
                                                1820,
                                                1440,
                                                1025
                                              ],
                                              "children": [
                                                {
                                                  "class": "android.widget.LinearLayout",
                                                  "bounds": [
                                                    0,
                                                    1190,
                                                    660,
                                                    311
                                                  ],
                                                  "children": [
                                                    {
                                                      "class": "android.support.v7.widget.AppCompatTextView",
                                                      "bounds": [
                                                        112,
                                                        1162,
                                                        260,
                                                        85
                                                      ]
                                                    },
                                                    {
                                                      "class": "android.support.v7.widget.AppCompatTextView",
                                                      "bounds": [
                                                        112,
                                                        1332,
                                                        604,
                                                        151
                                                      ]
                                                    },
                                                    {
                                                      "class": "android.support.v7.widget.AppCompatTextView",
                                                      "bounds": [
                                                        112,
                                                        1464,
                                                        455,
                                                        217
                                                      ]
                                                    },
                                                    {
                                                      "class": "android.support.v7.widget.AppCompatTextView",
                                                      "bounds": [
                                                        112,
                                                        1596,
                                                        374,
                                                        283
                                                      ]
                                                    }
                                                  ]
                                                },
                                                {
                                                  "class": "android.support.v7.widget.AppCompatTextView",
                                                  "bounds": [
                                                    2292,
                                                    1388,
                                                    1440,
                                                    212
                                                  ]
                                                }
                                              ]
                                            },
                                            {
                                              "class": "android.widget.RelativeLayout",
                                              "bounds": [
                                                0,
                                                2506,
                                                1440,
                                                1368
                                              ],
                                              "children": [
                                                {
                                                  "class": "android.widget.LinearLayout",
                                                  "bounds": [
                                                    0,
                                                    1533,
                                                    589,
                                                    311
                                                  ],
                                                  "children": [
                                                    {
                                                      "class": "android.support.v7.widget.AppCompatTextView",
                                                      "bounds": [
                                                        112,
                                                        1505,
                                                        371,
                                                        85
                                                      ]
                                                    },
                                                    {
                                                      "class": "android.support.v7.widget.AppCompatTextView",
                                                      "bounds": [
                                                        112,
                                                        1675,
                                                        416,
                                                        151
                                                      ]
                                                    },
                                                    {
                                                      "class": "android.support.v7.widget.AppCompatTextView",
                                                      "bounds": [
                                                        112,
                                                        1807,
                                                        533,
                                                        217
                                                      ]
                                                    },
                                                    {
                                                      "class": "android.support.v7.widget.AppCompatTextView",
                                                      "bounds": [
                                                        112,
                                                        1939,
                                                        374,
                                                        283
                                                      ]
                                                    }
                                                  ]
                                                },
                                                {
                                                  "class": "android.support.v7.widget.AppCompatTextView",
                                                  "bounds": [
                                                    2220,
                                                    1731,
                                                    1440,
                                                    212
                                                  ]
                                                }
                                              ]
                                            },
                                            {
                                              "class": "android.widget.RelativeLayout",
                                              "bounds": [
                                                0,
                                                3192,
                                                1440,
                                                1711
                                              ],
                                              "children": [
                                                {
                                                  "class": "android.widget.LinearLayout",
                                                  "bounds": [
                                                    0,
                                                    1876,
                                                    563,
                                                    311
                                                  ],
                                                  "children": [
                                                    {
                                                      "class": "android.support.v7.widget.AppCompatTextView",
                                                      "bounds": [
                                                        112,
                                                        1848,
                                                        345,
                                                        85
                                                      ]
                                                    },
                                                    {
                                                      "class": "android.support.v7.widget.AppCompatTextView",
                                                      "bounds": [
                                                        112,
                                                        2018,
                                                        461,
                                                        151
                                                      ]
                                                    },
                                                    {
                                                      "class": "android.support.v7.widget.AppCompatTextView",
                                                      "bounds": [
                                                        112,
                                                        2150,
                                                        507,
                                                        217
                                                      ]
                                                    },
                                                    {
                                                      "class": "android.support.v7.widget.AppCompatTextView",
                                                      "bounds": [
                                                        112,
                                                        2282,
                                                        374,
                                                        283
                                                      ]
                                                    }
                                                  ]
                                                },
                                                {
                                                  "class": "android.support.v7.widget.AppCompatTextView",
                                                  "bounds": [
                                                    2220,
                                                    2074,
                                                    1440,
                                                    212
                                                  ]
                                                }
                                              ]
                                            },
                                            {
                                              "class": "android.view.View",
                                              "bounds": [
                                                0,
                                                3878,
                                                1440,
                                                1743
                                              ]
                                            }
                                          ]
                                        }
                                      ]
                                    }
                                  ]
                                }
                              ]
                            }
                          ]
                        }
                      ]
                    }
                  ]
                }
              ]
            }
          ]
        }
      ]
    },
    {
      "class": "android.view.View",
      "bounds": [
        0,
        4784,
        1440,
        2560
      ]
    },
    {
      "class": "android.view.View",
      "bounds": [
        0,
        0,
        1440,
        84
      ]
    }
  ]
}