{
  "class": "com.android.internal.policy.PhoneWindow$DecorView",
  "bounds": [
    0,
    0,
    1440,
    2392
  ],
  "children": [
    {
      "class": "android.widget.LinearLayout",
      "bounds": [
        0,
        0,
        1440,
        2392
      ],
      "children": [
        {
          "class": "android.widget.FrameLayout",
          "bounds": [
            0,
            168,
            1440,
            2392
          ],
          "children": [
            {
              "class": "com.excelatlife.generallibrary.views.LinearLayoutLightBackground",
              "bounds": [
                0,
                84,
                1440,
                2308
              ],
              "children": [
                {
                  "class": "com.excelatlife.generallibrary.views.LinearLayoutLightBackground",
                  "bounds": [
                    0,
                    84,
                    1440,
                    158
                  ],
                  "children": [
                    {
                      "class": "android.widget.LinearLayout",
                      "bounds": [
                        0,
                        84,
                        316,
                        158
                      ],
                      "children": [
                        {
                          "class": "android.widget.Button",
                          "bounds": [
                            0,
                            84,
                            158,
                            158
                          ]
                        },
                        {
                          "class": "android.widget.Button",
                          "bounds": [
                            316,
                            84,
                            316,
                            158
                          ]
                        }
                      ]
                    },
                    {
                      "class": "android.widget.LinearLayout",
                      "bounds": [
                        632,
                        84,
                        1440,
                        158
                      ],
                      "children": [
                        {
                          "class": "android.widget.LinearLayout",
                          "bounds": [
                            316,
                            84,
                            808,
                            158
                          ]
                        },
                        {
                          "class": "android.widget.Button",
                          "bounds": [
                            1932,
                            84,
                            966,
                            158
                          ]
                        },
                        {
                          "class": "android.widget.Spinner",
                          "bounds": [
                            2248,
                            84,
                            1124,
                            158
                          ],
                          "children": [
                            {
                              "class": "android.widget.LinearLayout",
                              "bounds": [
                                1282,
                                84,
                                158,
                                158
                              ],
                              "children": [
                                {
                                  "class": "android.widget.TextView",
                                  "bounds": [
                                    1282,
                                    84,
                                    142,
                                    66
                                  ]
                                }
                              ]
                            }
                          ]
                        }
                      ]
                    }
                  ]
                },
                {
                  "class": "com.excelatlife.generallibrary.views.LinearLayoutMediumBackground",
                  "bounds": [
                    0,
                    400,
                    1440,
                    347
                  ],
                  "children": [
                    {
                      "class": "android.widget.LinearLayout",
                      "bounds": [
                        0,
                        256,
                        605,
                        182
                      ],
                      "children": [
                        {
                          "class": "com.excelatlife.generallibrary.views.LightTextViewSize",
                          "bounds": [
                            0,
                            249,
                            605,
                            175
                          ]
                        }
                      ]
                    },
                    {
                      "class": "android.widget.LinearLayout",
                      "bounds": [
                        1210,
                        266,
                        1440,
                        177
                      ],
                      "children": [
                        {
                          "class": "com.excelatlife.generallibrary.views.LinearLayoutLightFrame",
                          "bounds": [
                            1379,
                            254,
                            589,
                            165
                          ],
                          "children": [
                            {
                              "class": "com.excelatlife.generallibrary.views.ButtonViewFrameSmall",
                              "bounds": [
                                1028,
                                290,
                                184,
                                147
                              ]
                            }
                          ]
                        },
                        {
                          "class": "com.excelatlife.generallibrary.views.LinearLayoutLightFrame",
                          "bounds": [
                            1819,
                            254,
                            835,
                            165
                          ],
                          "children": [
                            {
                              "class": "com.excelatlife.generallibrary.views.ButtonViewFrameSmall",
                              "bounds": [
                                1248,
                                290,
                                210,
                                147
                              ]
                            }
                          ]
                        }
                      ]
                    }
                  ]
                },
                {
                  "class": "android.widget.TableLayout",
                  "bounds": [
                    0,
                    778,
                    1440,
                    2308
                  ],
                  "children": [
                    {
                      "class": "android.widget.TableRow",
                      "bounds": [
                        0,
                        431,
                        1440,
                        1961
                      ],
                      "children": [
                        {
                          "class": "com.excelatlife.generallibrary.views.BaseListViewBackground",
                          "bounds": [
                            0,
                            431,
                            1440,
                            1961
                          ],
                          "children": [
                            {
                              "class": "android.widget.CheckedTextView",
                              "bounds": [
                                0,
                                431,
                                1440,
                                224
                              ]
                            },
                            {
                              "class": "android.widget.CheckedTextView",
                              "bounds": [
                                0,
                                889,
                                1440,
                                453
                              ]
                            },
                            {
                              "class": "android.widget.CheckedTextView",
                              "bounds": [
                                0,
                                1347,
                                1440,
                                682
                              ]
                            },
                            {
                              "class": "android.widget.CheckedTextView",
                              "bounds": [
                                0,
                                1805,
                                1440,
                                911
                              ]
                            },
                            {
                              "class": "android.widget.CheckedTextView",
                              "bounds": [
                                0,
                                2263,
                                1440,
                                1140
                              ]
                            },
                            {
                              "class": "android.widget.CheckedTextView",
                              "bounds": [
                                0,
                                2721,
                                1440,
                                1369
                              ]
                            },
                            {
                              "class": "android.widget.CheckedTextView",
                              "bounds": [
                                0,
                                3179,
                                1440,
                                1598
                              ]
                            },
                            {
                              "class": "android.widget.CheckedTextView",
                              "bounds": [
                                0,
                                3637,
                                1440,
                                1827
                              ]
                            },
                            {
                              "class": "android.widget.CheckedTextView",
                              "bounds": [
                                0,
                                4095,
                                1440,
                                2056
                              ]
                            }
                          ]
                        }
                      ]
                    }
                  ]
                }
              ]
            }
          ]
        }
      ]
    }
  ]
}