{
  "class": "com.android.internal.policy.PhoneWindow$DecorView",
  "bounds": [
    0,
    0,
    1440,
    2560
  ],
  "children": [
    {
      "class": "android.widget.LinearLayout",
      "bounds": [
        0,
        0,
        1440,
        2392
      ],
      "children": [
        {
          "class": "android.widget.FrameLayout",
          "bounds": [
            0,
            168,
            1440,
            2392
          ],
          "children": [
            {
              "class": "android.support.v7.widget.FitWindowsLinearLayout",
              "bounds": [
                0,
                84,
                1440,
                2308
              ],
              "children": [
                {
                  "class": "android.support.v7.widget.ContentFrameLayout",
                  "bounds": [
                    0,
                    84,
                    1440,
                    2308
                  ],
                  "children": [
                    {
                      "class": "android.widget.FrameLayout",
                      "bounds": [
                        0,
                        84,
                        1440,
                        2308
                      ],
                      "children": [
                        {
                          "class": "android.widget.RelativeLayout",
                          "bounds": [
                            0,
                            476,
                            1440,
                            2308
                          ],
                          "children": [
                            {
                              "class": "android.widget.FrameLayout",
                              "bounds": [
                                0,
                                280,
                                1440,
                                0
                              ]
                            },
                            {
                              "class": "android.support.v4.widget.DrawerLayout",
                              "bounds": [
                                0,
                                280,
                                1440,
                                2112
                              ],
                              "children": [
                                {
                                  "class": "android.widget.FrameLayout",
                                  "bounds": [
                                    0,
                                    280,
                                    1440,
                                    2112
                                  ],
                                  "children": [
                                    {
                                      "class": "android.widget.RelativeLayout",
                                      "bounds": [
                                        0,
                                        280,
                                        1440,
                                        2112
                                      ],
                                      "children": [
                                        {
                                          "class": "com.cmgdigital.news.views.CMGAdView",
                                          "bounds": [
                                            0,
                                            4154,
                                            1440,
                                            2112
                                          ],
                                          "children": [
                                            {
                                              "class": "com.google.android.gms.ads.doubleclick.PublisherAdView",
                                              "bounds": [
                                                0,
                                                2217,
                                                1440,
                                                175
                                              ],
                                              "children": [
                                                {
                                                  "class": "com.google.android.gms.ads.internal.bp",
                                                  "bounds": [
                                                    320,
                                                    280,
                                                    1280,
                                                    175
                                                  ],
                                                  "children": [
                                                    {
                                                      "class": "com.google.android.gms.ads.internal.webview.n",
                                                      "bounds": [
                                                        160,
                                                        2217,
                                                        1120,
                                                        175
                                                      ],
                                                      "children": [
                                                        {
                                                          "class": "com.google.android.gms.ads.internal.webview.o",
                                                          "bounds": [
                                                            160,
                                                            2217,
                                                            1120,
                                                            175
                                                          ]
                                                        }
                                                      ]
                                                    }
                                                  ]
                                                }
                                              ]
                                            }
                                          ]
                                        },
                                        {
                                          "class": "android.view.View",
                                          "bounds": [
                                            0,
                                            3790,
                                            1440,
                                            1762
                                          ]
                                        },
                                        {
                                          "class": "android.widget.LinearLayout",
                                          "bounds": [
                                            0,
                                            3804,
                                            1440,
                                            1937
                                          ],
                                          "children": [
                                            {
                                              "class": "android.support.v7.widget.AppCompatButton",
                                              "bounds": [
                                                0,
                                                2042,
                                                477,
                                                175
                                              ]
                                            },
                                            {
                                              "class": "android.view.View",
                                              "bounds": [
                                                954,
                                                2042,
                                                481,
                                                175
                                              ]
                                            },
                                            {
                                              "class": "android.support.v7.widget.AppCompatButton",
                                              "bounds": [
                                                962,
                                                2042,
                                                958,
                                                175
                                              ]
                                            },
                                            {
                                              "class": "android.view.View",
                                              "bounds": [
                                                1916,
                                                2042,
                                                962,
                                                175
                                              ]
                                            },
                                            {
                                              "class": "android.support.v7.widget.AppCompatButton",
                                              "bounds": [
                                                1924,
                                                2042,
                                                1440,
                                                175
                                              ]
                                            }
                                          ]
                                        },
                                        {
                                          "class": "android.support.v4.widget.SwipeRefreshLayout",
                                          "bounds": [
                                            0,
                                            280,
                                            1440,
                                            1755
                                          ],
                                          "children": [
                                            {
                                              "class": "android.widget.ListView",
                                              "bounds": [
                                                160,
                                                2497,
                                                1440,
                                                1755
                                              ],
                                              "children": [
                                                {
                                                  "class": "android.widget.LinearLayout",
                                                  "bounds": [
                                                    0,
                                                    280,
                                                    1440,
                                                    810
                                                  ],
                                                  "children": [
                                                    {
                                                      "class": "android.widget.FrameLayout",
                                                      "bounds": [
                                                        0,
                                                        280,
                                                        1440,
                                                        810
                                                      ],
                                                      "children": [
                                                        {
                                                          "class": "com.cmgdigital.news.views.AspectRatioImageView",
                                                          "bounds": [
                                                            0,
                                                            280,
                                                            1440,
                                                            810
                                                          ]
                                                        },
                                                        {
                                                          "class": "com.cmgdigital.news.views.AspectRatioImageView",
                                                          "bounds": [
                                                            0,
                                                            280,
                                                            1440,
                                                            810
                                                          ]
                                                        },
                                                        {
                                                          "class": "android.support.v7.widget.AppCompatTextView",
                                                          "bounds": [
                                                            106,
                                                            1228,
                                                            1387,
                                                            757
                                                          ]
                                                        }
                                                      ]
                                                    }
                                                  ]
                                                },
                                                {
                                                  "class": "android.widget.RelativeLayout",
                                                  "bounds": [
                                                    0,
                                                    1908,
                                                    1440,
                                                    955
                                                  ],
                                                  "children": [
                                                    {
                                                      "class": "android.support.v7.widget.AppCompatTextView",
                                                      "bounds": [
                                                        0,
                                                        1094,
                                                        1440,
                                                        141
                                                      ]
                                                    }
                                                  ]
                                                },
                                                {
                                                  "class": "android.widget.RelativeLayout",
                                                  "bounds": [
                                                    0,
                                                    2198,
                                                    1440,
                                                    1292
                                                  ],
                                                  "children": [
                                                    {
                                                      "class": "android.widget.LinearLayout",
                                                      "bounds": [
                                                        0,
                                                        1239,
                                                        1440,
                                                        333
                                                      ],
                                                      "children": [
                                                        {
                                                          "class": "android.widget.FrameLayout",
                                                          "bounds": [
                                                            0,
                                                            1239,
                                                            420,
                                                            333
                                                          ],
                                                          "children": [
                                                            {
                                                              "class": "android.support.v7.widget.AppCompatImageView",
                                                              "bounds": [
                                                                70,
                                                                1309,
                                                                385,
                                                                298
                                                              ]
                                                            }
                                                          ]
                                                        },
                                                        {
                                                          "class": "android.support.v7.widget.AppCompatTextView",
                                                          "bounds": [
                                                            840,
                                                            1305,
                                                            1440,
                                                            299
                                                          ]
                                                        }
                                                      ]
                                                    }
                                                  ]
                                                },
                                                {
                                                  "class": "android.widget.RelativeLayout",
                                                  "bounds": [
                                                    0,
                                                    2872,
                                                    1440,
                                                    1629
                                                  ],
                                                  "children": [
                                                    {
                                                      "class": "android.widget.LinearLayout",
                                                      "bounds": [
                                                        0,
                                                        1576,
                                                        1440,
                                                        333
                                                      ],
                                                      "children": [
                                                        {
                                                          "class": "android.widget.FrameLayout",
                                                          "bounds": [
                                                            0,
                                                            1576,
                                                            420,
                                                            333
                                                          ],
                                                          "children": [
                                                            {
                                                              "class": "android.support.v7.widget.AppCompatImageView",
                                                              "bounds": [
                                                                70,
                                                                1646,
                                                                385,
                                                                298
                                                              ]
                                                            },
                                                            {
                                                              "class": "android.support.v7.widget.AppCompatImageView",
                                                              "bounds": [
                                                                558,
                                                                1716,
                                                                367,
                                                                158
                                                              ]
                                                            }
                                                          ]
                                                        },
                                                        {
                                                          "class": "android.support.v7.widget.AppCompatTextView",
                                                          "bounds": [
                                                            840,
                                                            1716,
                                                            1440,
                                                            263
                                                          ]
                                                        }
                                                      ]
                                                    }
                                                  ]
                                                },
                                                {
                                                  "class": "android.widget.RelativeLayout",
                                                  "bounds": [
                                                    0,
                                                    3546,
                                                    1440,
                                                    1966
                                                  ],
                                                  "children": [
                                                    {
                                                      "class": "android.widget.LinearLayout",
                                                      "bounds": [
                                                        0,
                                                        1913,
                                                        1440,
                                                        333
                                                      ],
                                                      "children": [
                                                        {
                                                          "class": "android.widget.FrameLayout",
                                                          "bounds": [
                                                            0,
                                                            1913,
                                                            420,
                                                            333
                                                          ],
                                                          "children": [
                                                            {
                                                              "class": "android.support.v7.widget.AppCompatImageView",
                                                              "bounds": [
                                                                70,
                                                                1983,
                                                                385,
                                                                298
                                                              ]
                                                            }
                                                          ]
                                                        },
                                                        {
                                                          "class": "android.support.v7.widget.AppCompatTextView",
                                                          "bounds": [
                                                            840,
                                                            2053,
                                                            1440,
                                                            263
                                                          ]
                                                        }
                                                      ]
                                                    }
                                                  ]
                                                }
                                              ]
                                            }
                                          ]
                                        }
                                      ]
                                    },
                                    {
                                      "class": "android.widget.RelativeLayout",
                                      "bounds": [
                                        0,
                                        280,
                                        1440,
                                        2112
                                      ],
                                      "children": [
                                        {
                                          "class": "com.cmgdigital.news.views.CMGAdView",
                                          "bounds": [
                                            0,
                                            4154,
                                            1440,
                                            2112
                                          ],
                                          "children": [
                                            {
                                              "class": "com.google.android.gms.ads.doubleclick.PublisherAdView",
                                              "bounds": [
                                                0,
                                                2217,
                                                1440,
                                                175
                                              ],
                                              "children": [
                                                {
                                                  "class": "com.google.android.gms.ads.internal.bp",
                                                  "bounds": [
                                                    320,
                                                    2217,
                                                    1280,
                                                    175
                                                  ],
                                                  "children": [
                                                    {
                                                      "class": "com.google.android.gms.ads.internal.webview.n",
                                                      "bounds": [
                                                        160,
                                                        2217,
                                                        1120,
                                                        175
                                                      ],
                                                      "children": [
                                                        {
                                                          "class": "com.google.android.gms.ads.internal.webview.o",
                                                          "bounds": [
                                                            160,
                                                            2217,
                                                            1120,
                                                            175
                                                          ]
                                                        }
                                                      ]
                                                    }
                                                  ]
                                                }
                                              ]
                                            }
                                          ]
                                        },
                                        {
                                          "class": "android.support.v4.widget.SwipeRefreshLayout",
                                          "bounds": [
                                            0,
                                            280,
                                            1440,
                                            1937
                                          ],
                                          "children": [
                                            {
                                              "class": "android.widget.ListView",
                                              "bounds": [
                                                0,
                                                280,
                                                1440,
                                                1937
                                              ],
                                              "children": [
                                                {
                                                  "class": "android.widget.RelativeLayout",
                                                  "bounds": [
                                                    0,
                                                    280,
                                                    1440,
                                                    141
                                                  ],
                                                  "children": [
                                                    {
                                                      "class": "android.support.v7.widget.AppCompatTextView",
                                                      "bounds": [
                                                        0,
                                                        280,
                                                        1440,
                                                        141
                                                      ]
                                                    }
                                                  ]
                                                },
                                                {
                                                  "class": "android.widget.RelativeLayout",
                                                  "bounds": [
                                                    0,
                                                    570,
                                                    1440,
                                                    478
                                                  ],
                                                  "children": [
                                                    {
                                                      "class": "android.widget.LinearLayout",
                                                      "bounds": [
                                                        0,
                                                        425,
                                                        1440,
                                                        333
                                                      ],
                                                      "children": [
                                                        {
                                                          "class": "android.widget.FrameLayout",
                                                          "bounds": [
                                                            0,
                                                            425,
                                                            420,
                                                            333
                                                          ],
                                                          "children": [
                                                            {
                                                              "class": "android.support.v7.widget.AppCompatImageView",
                                                              "bounds": [
                                                                70,
                                                                495,
                                                                385,
                                                                298
                                                              ]
                                                            }
                                                          ]
                                                        },
                                                        {
                                                          "class": "android.support.v7.widget.AppCompatTextView",
                                                          "bounds": [
                                                            840,
                                                            565,
                                                            1440,
                                                            263
                                                          ]
                                                        }
                                                      ]
                                                    }
                                                  ]
                                                },
                                                {
                                                  "class": "android.widget.RelativeLayout",
                                                  "bounds": [
                                                    0,
                                                    1244,
                                                    1440,
                                                    815
                                                  ],
                                                  "children": [
                                                    {
                                                      "class": "android.widget.LinearLayout",
                                                      "bounds": [
                                                        0,
                                                        762,
                                                        1440,
                                                        333
                                                      ],
                                                      "children": [
                                                        {
                                                          "class": "android.widget.FrameLayout",
                                                          "bounds": [
                                                            0,
                                                            762,
                                                            420,
                                                            333
                                                          ],
                                                          "children": [
                                                            {
                                                              "class": "android.support.v7.widget.AppCompatImageView",
                                                              "bounds": [
                                                                70,
                                                                832,
                                                                385,
                                                                298
                                                              ]
                                                            }
                                                          ]
                                                        },
                                                        {
                                                          "class": "android.support.v7.widget.AppCompatTextView",
                                                          "bounds": [
                                                            840,
                                                            828,
                                                            1440,
                                                            299
                                                          ]
                                                        }
                                                      ]
                                                    }
                                                  ]
                                                },
                                                {
                                                  "class": "android.widget.RelativeLayout",
                                                  "bounds": [
                                                    0,
                                                    1918,
                                                    1440,
                                                    1152
                                                  ],
                                                  "children": [
                                                    {
                                                      "class": "android.widget.LinearLayout",
                                                      "bounds": [
                                                        0,
                                                        1099,
                                                        1440,
                                                        333
                                                      ],
                                                      "children": [
                                                        {
                                                          "class": "android.widget.FrameLayout",
                                                          "bounds": [
                                                            0,
                                                            1099,
                                                            420,
                                                            333
                                                          ],
                                                          "children": [
                                                            {
                                                              "class": "android.support.v7.widget.AppCompatImageView",
                                                              "bounds": [
                                                                70,
                                                                1169,
                                                                385,
                                                                298
                                                              ]
                                                            }
                                                          ]
                                                        },
                                                        {
                                                          "class": "android.support.v7.widget.AppCompatTextView",
                                                          "bounds": [
                                                            840,
                                                            1239,
                                                            1440,
                                                            263
                                                          ]
                                                        }
                                                      ]
                                                    }
                                                  ]
                                                },
                                                {
                                                  "class": "android.widget.RelativeLayout",
                                                  "bounds": [
                                                    0,
                                                    2592,
                                                    1440,
                                                    1489
                                                  ],
                                                  "children": [
                                                    {
                                                      "class": "android.widget.LinearLayout",
                                                      "bounds": [
                                                        0,
                                                        1436,
                                                        1440,
                                                        333
                                                      ],
                                                      "children": [
                                                        {
                                                          "class": "android.widget.FrameLayout",
                                                          "bounds": [
                                                            0,
                                                            1436,
                                                            420,
                                                            333
                                                          ],
                                                          "children": [
                                                            {
                                                              "class": "android.support.v7.widget.AppCompatImageView",
                                                              "bounds": [
                                                                70,
                                                                1506,
                                                                385,
                                                                298
                                                              ]
                                                            }
                                                          ]
                                                        },
                                                        {
                                                          "class": "android.support.v7.widget.AppCompatTextView",
                                                          "bounds": [
                                                            840,
                                                            1576,
                                                            1440,
                                                            263
                                                          ]
                                                        }
                                                      ]
                                                    }
                                                  ]
                                                },
                                                {
                                                  "class": "android.widget.RelativeLayout",
                                                  "bounds": [
                                                    0,
                                                    3266,
                                                    1440,
                                                    1826
                                                  ],
                                                  "children": [
                                                    {
                                                      "class": "android.widget.LinearLayout",
                                                      "bounds": [
                                                        0,
                                                        1773,
                                                        1440,
                                                        333
                                                      ],
                                                      "children": [
                                                        {
                                                          "class": "android.widget.FrameLayout",
                                                          "bounds": [
                                                            0,
                                                            1773,
                                                            420,
                                                            333
                                                          ],
                                                          "children": [
                                                            {
                                                              "class": "android.support.v7.widget.AppCompatImageView",
                                                              "bounds": [
                                                                70,
                                                                1843,
                                                                385,
                                                                298
                                                              ]
                                                            }
                                                          ]
                                                        },
                                                        {
                                                          "class": "android.support.v7.widget.AppCompatTextView",
                                                          "bounds": [
                                                            840,
                                                            1913,
                                                            1440,
                                                            263
                                                          ]
                                                        }
                                                      ]
                                                    }
                                                  ]
                                                },
                                                {
                                                  "class": "android.widget.RelativeLayout",
                                                  "bounds": [
                                                    0,
                                                    3940,
                                                    1440,
                                                    2163
                                                  ],
                                                  "children": [
                                                    {
                                                      "class": "android.widget.LinearLayout",
                                                      "bounds": [
                                                        0,
                                                        2110,
                                                        1440,
                                                        333
                                                      ],
                                                      "children": [
                                                        {
                                                          "class": "android.widget.FrameLayout",
                                                          "bounds": [
                                                            0,
                                                            2110,
                                                            420,
                                                            333
                                                          ],
                                                          "children": [
                                                            {
                                                              "class": "android.support.v7.widget.AppCompatImageView",
                                                              "bounds": [
                                                                70,
                                                                2180,
                                                                385,
                                                                298
                                                              ]
                                                            }
                                                          ]
                                                        },
                                                        {
                                                          "class": "android.support.v7.widget.AppCompatTextView",
                                                          "bounds": [
                                                            840,
                                                            2250,
                                                            1440,
                                                            263
                                                          ]
                                                        }
                                                      ]
                                                    }
                                                  ]
                                                }
                                              ]
                                            }
                                          ]
                                        }
                                      ]
                                    }
                                  ]
                                }
                              ]
                            },
                            {
                              "class": "android.widget.FrameLayout",
                              "bounds": [
                                0,
                                280,
                                1440,
                                0
                              ]
                            }
                          ]
                        },
                        {
                          "class": "android.support.v7.widget.Toolbar",
                          "bounds": [
                            0,
                            84,
                            1440,
                            196
                          ],
                          "children": [
                            {
                              "class": "android.widget.ImageButton",
                              "bounds": [
                                0,
                                84,
                                196,
                                196
                              ]
                            },
                            {
                              "class": "android.widget.RelativeLayout",
                              "bounds": [
                                392,
                                156,
                                1440,
                                159
                              ],
                              "children": [
                                {
                                  "class": "android.support.v7.widget.AppCompatImageView",
                                  "bounds": [
                                    2192,
                                    120,
                                    1191,
                                    123
                                  ]
                                },
                                {
                                  "class": "android.support.v7.widget.AppCompatImageView",
                                  "bounds": [
                                    1954,
                                    156,
                                    963,
                                    102
                                  ]
                                },
                                {
                                  "class": "android.support.v7.widget.AppCompatImageView",
                                  "bounds": [
                                    1414,
                                    156,
                                    693,
                                    102
                                  ]
                                },
                                {
                                  "class": "android.support.v7.widget.AppCompatTextView",
                                  "bounds": [
                                    1618,
                                    120,
                                    826,
                                    102
                                  ]
                                },
                                {
                                  "class": "android.support.v7.widget.AppCompatTextView",
                                  "bounds": [
                                    442,
                                    158,
                                    1121,
                                    104
                                  ]
                                }
                              ]
                            },
                            {
                              "class": "android.support.v7.widget.ActionMenuView",
                              "bounds": [
                                2880,
                                84,
                                1440,
                                196
                              ]
                            },
                            {
                              "class": "android.widget.RelativeLayout",
                              "bounds": [
                                2880,
                                156,
                                1440,
                                159
                              ],
                              "children": [
                                {
                                  "class": "android.support.v7.widget.AppCompatImageView",
                                  "bounds": [
                                    1194,
                                    120,
                                    -53,
                                    123
                                  ]
                                },
                                {
                                  "class": "android.support.v7.widget.AppCompatImageView",
                                  "bounds": [
                                    1075,
                                    156,
                                    -281,
                                    102
                                  ]
                                },
                                {
                                  "class": "android.support.v7.widget.AppCompatImageView",
                                  "bounds": [
                                    920,
                                    156,
                                    -436,
                                    102
                                  ]
                                },
                                {
                                  "class": "android.support.v7.widget.AppCompatTextView",
                                  "bounds": [
                                    1022,
                                    120,
                                    -418,
                                    102
                                  ]
                                },
                                {
                                  "class": "android.support.v7.widget.AppCompatTextView",
                                  "bounds": [
                                    1686,
                                    158,
                                    123,
                                    104
                                  ]
                                }
                              ]
                            }
                          ]
                        },
                        {
                          "class": "android.widget.LinearLayout",
                          "bounds": [
                            386,
                            84,
                            421,
                            228
                          ],
                          "children": []
                        },
                        {
                          "class": "android.support.v7.widget.AppCompatImageView",
                          "bounds": [
                            246,
                            50,
                            631,
                            229
                          ]
                        }
                      ]
                    }
                  ]
                }
              ]
            }
          ]
        }
      ]
    },
    {
      "class": "android.view.View",
      "bounds": [
        0,
        4784,
        1440,
        2560
      ]
    },
    {
      "class": "android.view.View",
      "bounds": [
        0,
        0,
        1440,
        84
      ]
    }
  ]
}