{
  "class": "com.android.internal.policy.PhoneWindow$DecorView",
  "bounds": [
    0,
    0,
    1440,
    2560
  ],
  "children": [
    {
      "class": "android.widget.LinearLayout",
      "bounds": [
        0,
        0,
        1440,
        2392
      ],
      "children": [
        {
          "class": "android.widget.FrameLayout",
          "bounds": [
            0,
            0,
            1440,
            2392
          ],
          "children": [
            {
              "class": "android.support.v7.widget.FitWindowsLinearLayout",
              "bounds": [
                0,
                0,
                1440,
                2392
              ],
              "children": [
                {
                  "class": "android.support.v7.widget.ContentFrameLayout",
                  "bounds": [
                    0,
                    0,
                    1440,
                    2392
                  ],
                  "children": [
                    {
                      "class": "android.support.v4.widget.DrawerLayout",
                      "bounds": [
                        0,
                        0,
                        1440,
                        2392
                      ],
                      "children": [
                        {
                          "class": "android.support.design.widget.CoordinatorLayout",
                          "bounds": [
                            0,
                            0,
                            1440,
                            2392
                          ],
                          "children": [
                            {
                              "class": "android.widget.RelativeLayout",
                              "bounds": [
                                0,
                                168,
                                1440,
                                2392
                              ],
                              "children": [
                                {
                                  "class": "android.support.v7.widget.Toolbar",
                                  "bounds": [
                                    0,
                                    84,
                                    1440,
                                    196
                                  ],
                                  "children": [
                                    {
                                      "class": "android.widget.RelativeLayout",
                                      "bounds": [
                                        392,
                                        138,
                                        1440,
                                        169
                                      ],
                                      "children": [
                                        {
                                          "class": "android.widget.RelativeLayout",
                                          "bounds": [
                                            196,
                                            111,
                                            1244,
                                            142
                                          ],
                                          "children": [
                                            {
                                              "class": "android.widget.RelativeLayout",
                                              "bounds": [
                                                196,
                                                111,
                                                328,
                                                142
                                              ],
                                              "children": [
                                                {
                                                  "class": "android.widget.RelativeLayout",
                                                  "bounds": [
                                                    196,
                                                    133,
                                                    119,
                                                    130
                                                  ],
                                                  "children": [
                                                    {
                                                      "class": "android.support.v7.widget.AppCompatTextView",
                                                      "bounds": [
                                                        196,
                                                        122,
                                                        119,
                                                        119
                                                      ]
                                                    }
                                                  ]
                                                },
                                                {
                                                  "class": "android.support.v7.widget.AppCompatTextView",
                                                  "bounds": [
                                                    476,
                                                    111,
                                                    328,
                                                    142
                                                  ]
                                                }
                                              ]
                                            },
                                            {
                                              "class": "android.support.v7.widget.AppCompatTextView",
                                              "bounds": [
                                                2240,
                                                159,
                                                1174,
                                                117
                                              ]
                                            }
                                          ]
                                        }
                                      ]
                                    },
                                    {
                                      "class": "android.support.v7.widget.AppCompatImageButton",
                                      "bounds": [
                                        0,
                                        84,
                                        196,
                                        196
                                      ]
                                    },
                                    {
                                      "class": "android.support.v7.widget.ActionMenuView",
                                      "bounds": [
                                        2880,
                                        84,
                                        1440,
                                        196
                                      ]
                                    }
                                  ]
                                },
                                {
                                  "class": "android.support.v7.widget.AppCompatTextView",
                                  "bounds": [
                                    1246,
                                    168,
                                    817,
                                    145
                                  ]
                                },
                                {
                                  "class": "android.widget.RelativeLayout",
                                  "bounds": [
                                    0,
                                    476,
                                    1440,
                                    466
                                  ],
                                  "children": [
                                    {
                                      "class": "android.support.v7.widget.CardView",
                                      "bounds": [
                                        42,
                                        322,
                                        1419,
                                        249
                                      ],
                                      "children": [
                                        {
                                          "class": "android.widget.RelativeLayout",
                                          "bounds": [
                                            155,
                                            445,
                                            1331,
                                            156
                                          ],
                                          "children": [
                                            {
                                              "class": "android.support.v7.widget.AppCompatImageView",
                                              "bounds": [
                                                88,
                                                373,
                                                84,
                                                84
                                              ]
                                            },
                                            {
                                              "class": "android.support.v7.widget.AppCompatTextView",
                                              "bounds": [
                                                326,
                                                381,
                                                806,
                                                80
                                              ]
                                            }
                                          ]
                                        }
                                      ]
                                    }
                                  ]
                                },
                                {
                                  "class": "android.widget.FrameLayout",
                                  "bounds": [
                                    0,
                                    1016,
                                    1440,
                                    2308
                                  ],
                                  "children": [
                                    {
                                      "class": "android.support.design.widget.AppBarLayout",
                                      "bounds": [
                                        0,
                                        550,
                                        1440,
                                        1842
                                      ],
                                      "children": [
                                        {
                                          "class": "android.support.design.widget.TabLayout",
                                          "bounds": [
                                            0,
                                            550,
                                            1440,
                                            196
                                          ],
                                          "children": [
                                            {
                                              "class": "android.support.design.widget.TabLayout$SlidingTabStrip",
                                              "bounds": [
                                                0,
                                                550,
                                                1440,
                                                196
                                              ],
                                              "children": [
                                                {
                                                  "class": "android.support.design.widget.TabLayout$TabView",
                                                  "bounds": [
                                                    0,
                                                    550,
                                                    720,
                                                    196
                                                  ],
                                                  "children": [
                                                    {
                                                      "class": "android.widget.RelativeLayout",
                                                      "bounds": [
                                                        84,
                                                        550,
                                                        678,
                                                        196
                                                      ],
                                                      "children": [
                                                        {
                                                          "class": "android.support.v7.widget.AppCompatTextView",
                                                          "bounds": [
                                                            132,
                                                            688,
                                                            590,
                                                            126
                                                          ]
                                                        }
                                                      ]
                                                    }
                                                  ]
                                                },
                                                {
                                                  "class": "android.support.design.widget.TabLayout$TabView",
                                                  "bounds": [
                                                    1440,
                                                    550,
                                                    1440,
                                                    196
                                                  ],
                                                  "children": [
                                                    {
                                                      "class": "android.widget.RelativeLayout",
                                                      "bounds": [
                                                        804,
                                                        550,
                                                        678,
                                                        196
                                                      ],
                                                      "children": [
                                                        {
                                                          "class": "android.support.v7.widget.AppCompatTextView",
                                                          "bounds": [
                                                            1024,
                                                            682,
                                                            505,
                                                            129
                                                          ]
                                                        }
                                                      ]
                                                    }
                                                  ]
                                                }
                                              ]
                                            }
                                          ]
                                        },
                                        {
                                          "class": "android.support.v4.view.ViewPager",
                                          "bounds": [
                                            0,
                                            942,
                                            1440,
                                            1842
                                          ],
                                          "children": [
                                            {
                                              "class": "android.support.design.widget.CoordinatorLayout",
                                              "bounds": [
                                                0,
                                                746,
                                                1440,
                                                1646
                                              ],
                                              "children": [
                                                {
                                                  "class": "android.support.v4.widget.SwipeRefreshLayout",
                                                  "bounds": [
                                                    36,
                                                    782,
                                                    1422,
                                                    1628
                                                  ],
                                                  "children": [
                                                    {
                                                      "class": "android.support.v7.widget.RecyclerView",
                                                      "bounds": [
                                                        18,
                                                        764,
                                                        1404,
                                                        1610
                                                      ],
                                                      "children": [
                                                        {
                                                          "class": "android.support.v7.widget.CardView",
                                                          "bounds": [
                                                            26,
                                                            589,
                                                            698,
                                                            700
                                                          ],
                                                          "children": [
                                                            {
                                                              "class": "android.widget.RelativeLayout",
                                                              "bounds": [
                                                                44,
                                                                780,
                                                                683,
                                                                859
                                                              ],
                                                              "children": [
                                                                {
                                                                  "class": "android.support.v7.widget.AppCompatImageView",
                                                                  "bounds": [
                                                                    425,
                                                                    904,
                                                                    476,
                                                                    420
                                                                  ]
                                                                },
                                                                {
                                                                  "class": "android.support.v7.widget.AppCompatTextView",
                                                                  "bounds": [
                                                                    103,
                                                                    1655,
                                                                    637,
                                                                    667
                                                                  ]
                                                                }
                                                              ]
                                                            }
                                                          ]
                                                        },
                                                        {
                                                          "class": "android.support.v7.widget.CardView",
                                                          "bounds": [
                                                            1430,
                                                            589,
                                                            1400,
                                                            700
                                                          ],
                                                          "children": [
                                                            {
                                                              "class": "android.widget.RelativeLayout",
                                                              "bounds": [
                                                                746,
                                                                780,
                                                                683,
                                                                859
                                                              ],
                                                              "children": [
                                                                {
                                                                  "class": "android.support.v7.widget.AppCompatImageView",
                                                                  "bounds": [
                                                                    1127,
                                                                    904,
                                                                    476,
                                                                    420
                                                                  ]
                                                                },
                                                                {
                                                                  "class": "android.support.v7.widget.AppCompatTextView",
                                                                  "bounds": [
                                                                    805,
                                                                    1655,
                                                                    637,
                                                                    667
                                                                  ]
                                                                }
                                                              ]
                                                            }
                                                          ]
                                                        },
                                                        {
                                                          "class": "android.support.v7.widget.CardView",
                                                          "bounds": [
                                                            26,
                                                            2164,
                                                            698,
                                                            1575
                                                          ],
                                                          "children": [
                                                            {
                                                              "class": "android.widget.RelativeLayout",
                                                              "bounds": [
                                                                44,
                                                                1496,
                                                                683,
                                                                859
                                                              ],
                                                              "children": [
                                                                {
                                                                  "class": "android.support.v7.widget.AppCompatImageView",
                                                                  "bounds": [
                                                                    425,
                                                                    1760,
                                                                    476,
                                                                    420
                                                                  ]
                                                                },
                                                                {
                                                                  "class": "android.support.v7.widget.AppCompatTextView",
                                                                  "bounds": [
                                                                    103,
                                                                    2530,
                                                                    637,
                                                                    667
                                                                  ]
                                                                }
                                                              ]
                                                            }
                                                          ]
                                                        },
                                                        {
                                                          "class": "android.support.v7.widget.CardView",
                                                          "bounds": [
                                                            1430,
                                                            2164,
                                                            1400,
                                                            1575
                                                          ],
                                                          "children": [
                                                            {
                                                              "class": "android.widget.RelativeLayout",
                                                              "bounds": [
                                                                746,
                                                                1496,
                                                                683,
                                                                859
                                                              ],
                                                              "children": [
                                                                {
                                                                  "class": "android.support.v7.widget.AppCompatImageView",
                                                                  "bounds": [
                                                                    1127,
                                                                    1760,
                                                                    476,
                                                                    420
                                                                  ]
                                                                },
                                                                {
                                                                  "class": "android.support.v7.widget.AppCompatTextView",
                                                                  "bounds": [
                                                                    805,
                                                                    2530,
                                                                    637,
                                                                    667
                                                                  ]
                                                                }
                                                              ]
                                                            }
                                                          ]
                                                        },
                                                        {
                                                          "class": "android.support.v7.widget.CardView",
                                                          "bounds": [
                                                            26,
                                                            3914,
                                                            698,
                                                            2450
                                                          ],
                                                          "children": [
                                                            {
                                                              "class": "android.widget.RelativeLayout",
                                                              "bounds": [
                                                                44,
                                                                2371,
                                                                683,
                                                                859
                                                              ],
                                                              "children": [
                                                                {
                                                                  "class": "android.support.v7.widget.AppCompatImageView",
                                                                  "bounds": [
                                                                    425,
                                                                    2635,
                                                                    476,
                                                                    420
                                                                  ]
                                                                },
                                                                {
                                                                  "class": "android.support.v7.widget.AppCompatTextView",
                                                                  "bounds": [
                                                                    103,
                                                                    3405,
                                                                    637,
                                                                    667
                                                                  ]
                                                                }
                                                              ]
                                                            }
                                                          ]
                                                        },
                                                        {
                                                          "class": "android.support.v7.widget.CardView",
                                                          "bounds": [
                                                            1430,
                                                            3914,
                                                            1400,
                                                            2450
                                                          ],
                                                          "children": [
                                                            {
                                                              "class": "android.widget.RelativeLayout",
                                                              "bounds": [
                                                                746,
                                                                2371,
                                                                683,
                                                                859
                                                              ],
                                                              "children": [
                                                                {
                                                                  "class": "android.support.v7.widget.AppCompatImageView",
                                                                  "bounds": [
                                                                    1127,
                                                                    2635,
                                                                    476,
                                                                    420
                                                                  ]
                                                                },
                                                                {
                                                                  "class": "android.support.v7.widget.AppCompatTextView",
                                                                  "bounds": [
                                                                    805,
                                                                    3405,
                                                                    637,
                                                                    667
                                                                  ]
                                                                }
                                                              ]
                                                            }
                                                          ]
                                                        }
                                                      ]
                                                    }
                                                  ]
                                                }
                                              ]
                                            },
                                            {
                                              "class": "android.widget.LinearLayout",
                                              "bounds": [
                                                2880,
                                                746,
                                                2880,
                                                1646
                                              ],
                                              "children": [
                                                {
                                                  "class": "android.support.v7.widget.RecyclerView",
                                                  "bounds": [
                                                    1476,
                                                    782,
                                                    1422,
                                                    1628
                                                  ],
                                                  "children": [
                                                    {
                                                      "class": "android.support.v7.widget.CardView",
                                                      "bounds": [
                                                        1466,
                                                        764,
                                                        698,
                                                        875
                                                      ],
                                                      "children": [
                                                        {
                                                          "class": "android.widget.LinearLayout",
                                                          "bounds": [
                                                            1484,
                                                            930,
                                                            683,
                                                            791
                                                          ],
                                                          "children": [
                                                            {
                                                              "class": "android.support.v7.widget.AppCompatImageView",
                                                              "bounds": [
                                                                1795,
                                                                931,
                                                                511,
                                                                392
                                                              ]
                                                            },
                                                            {
                                                              "class": "android.support.v7.widget.AppCompatTextView",
                                                              "bounds": [
                                                                1557,
                                                                1701,
                                                                630,
                                                                569
                                                              ]
                                                            },
                                                            {
                                                              "class": "android.widget.RelativeLayout",
                                                              "bounds": [
                                                                1943,
                                                                2027,
                                                                436,
                                                                666
                                                              ],
                                                              "children": [
                                                                {
                                                                  "class": "android.support.v7.widget.AppCompatTextView",
                                                                  "bounds": [
                                                                    1708,
                                                                    1437,
                                                                    201,
                                                                    76
                                                                  ]
                                                                }
                                                              ]
                                                            }
                                                          ]
                                                        },
                                                        {
                                                          "class": "android.support.v7.widget.AppCompatImageView",
                                                          "bounds": [
                                                            1540,
                                                            852,
                                                            354,
                                                            131
                                                          ]
                                                        }
                                                      ]
                                                    },
                                                    {
                                                      "class": "android.support.v7.widget.CardView",
                                                      "bounds": [
                                                        2870,
                                                        764,
                                                        1400,
                                                        875
                                                      ],
                                                      "children": [
                                                        {
                                                          "class": "android.widget.LinearLayout",
                                                          "bounds": [
                                                            2186,
                                                            930,
                                                            683,
                                                            791
                                                          ],
                                                          "children": [
                                                            {
                                                              "class": "android.support.v7.widget.AppCompatImageView",
                                                              "bounds": [
                                                                2497,
                                                                931,
                                                                511,
                                                                392
                                                              ]
                                                            },
                                                            {
                                                              "class": "android.support.v7.widget.AppCompatTextView",
                                                              "bounds": [
                                                                2503,
                                                                1701,
                                                                508,
                                                                569
                                                              ]
                                                            },
                                                            {
                                                              "class": "android.widget.RelativeLayout",
                                                              "bounds": [
                                                                2645,
                                                                2027,
                                                                436,
                                                                666
                                                              ],
                                                              "children": [
                                                                {
                                                                  "class": "android.support.v7.widget.AppCompatTextView",
                                                                  "bounds": [
                                                                    2410,
                                                                    1437,
                                                                    201,
                                                                    76
                                                                  ]
                                                                }
                                                              ]
                                                            }
                                                          ]
                                                        },
                                                        {
                                                          "class": "android.support.v7.widget.AppCompatImageView",
                                                          "bounds": [
                                                            2242,
                                                            852,
                                                            354,
                                                            131
                                                          ]
                                                        }
                                                      ]
                                                    },
                                                    {
                                                      "class": "android.support.v7.widget.CardView",
                                                      "bounds": [
                                                        1466,
                                                        2514,
                                                        698,
                                                        1750
                                                      ],
                                                      "children": [
                                                        {
                                                          "class": "android.widget.LinearLayout",
                                                          "bounds": [
                                                            1484,
                                                            1805,
                                                            683,
                                                            791
                                                          ],
                                                          "children": [
                                                            {
                                                              "class": "android.support.v7.widget.AppCompatImageView",
                                                              "bounds": [
                                                                1795,
                                                                1806,
                                                                511,
                                                                392
                                                              ]
                                                            },
                                                            {
                                                              "class": "android.support.v7.widget.AppCompatTextView",
                                                              "bounds": [
                                                                1557,
                                                                2576,
                                                                630,
                                                                569
                                                              ]
                                                            },
                                                            {
                                                              "class": "android.widget.RelativeLayout",
                                                              "bounds": [
                                                                1943,
                                                                2902,
                                                                436,
                                                                666
                                                              ],
                                                              "children": [
                                                                {
                                                                  "class": "android.support.v7.widget.AppCompatTextView",
                                                                  "bounds": [
                                                                    1708,
                                                                    2312,
                                                                    201,
                                                                    76
                                                                  ]
                                                                }
                                                              ]
                                                            }
                                                          ]
                                                        },
                                                        {
                                                          "class": "android.support.v7.widget.AppCompatImageView",
                                                          "bounds": [
                                                            1540,
                                                            1727,
                                                            354,
                                                            131
                                                          ]
                                                        }
                                                      ]
                                                    },
                                                    {
                                                      "class": "android.support.v7.widget.CardView",
                                                      "bounds": [
                                                        2870,
                                                        2514,
                                                        1400,
                                                        1750
                                                      ],
                                                      "children": [
                                                        {
                                                          "class": "android.widget.LinearLayout",
                                                          "bounds": [
                                                            2186,
                                                            1805,
                                                            683,
                                                            791
                                                          ],
                                                          "children": [
                                                            {
                                                              "class": "android.support.v7.widget.AppCompatImageView",
                                                              "bounds": [
                                                                2497,
                                                                1806,
                                                                511,
                                                                392
                                                              ]
                                                            },
                                                            {
                                                              "class": "android.support.v7.widget.AppCompatTextView",
                                                              "bounds": [
                                                                2259,
                                                                2576,
                                                                630,
                                                                569
                                                              ]
                                                            },
                                                            {
                                                              "class": "android.widget.RelativeLayout",
                                                              "bounds": [
                                                                2677,
                                                                2902,
                                                                421,
                                                                666
                                                              ],
                                                              "children": [
                                                                {
                                                                  "class": "android.support.v7.widget.AppCompatTextView",
                                                                  "bounds": [
                                                                    2426,
                                                                    2312,
                                                                    170,
                                                                    76
                                                                  ]
                                                                }
                                                              ]
                                                            }
                                                          ]
                                                        },
                                                        {
                                                          "class": "android.support.v7.widget.AppCompatImageView",
                                                          "bounds": [
                                                            2242,
                                                            1727,
                                                            354,
                                                            131
                                                          ]
                                                        }
                                                      ]
                                                    }
                                                  ]
                                                }
                                              ]
                                            }
                                          ]
                                        }
                                      ]
                                    }
                                  ]
                                },
                                {
                                  "class": "com.winit.sears.shopyourway.search.MaterialSearchView",
                                  "bounds": [
                                    0,
                                    84,
                                    1440,
                                    0
                                  ],
                                  "children": []
                                }
                              ]
                            }
                          ]
                        }
                      ]
                    }
                  ]
                }
              ]
            }
          ]
        }
      ]
    },
    {
      "class": "android.view.View",
      "bounds": [
        0,
        4784,
        1440,
        2560
      ]
    },
    {
      "class": "android.view.View",
      "bounds": [
        0,
        0,
        1440,
        84
      ]
    }
  ]
}