{
  "class": "android.widget.PopupWindow$PopupDecorView",
  "bounds": [
    740,
    98,
    686,
    840
  ],
  "children": [
    {
      "class": "android.widget.PopupWindow$PopupBackgroundView",
      "bounds": [
        740,
        98,
        686,
        840
      ],
      "children": [
        {
          "class": "android.support.v7.widget.ap$a",
          "bounds": [
            740,
            98,
            686,
            840
          ],
          "children": [
            {
              "class": "android.support.v7.view.menu.ListMenuItemView",
              "bounds": [
                740,
                98,
                686,
                168
              ],
              "children": [
                {
                  "class": "android.widget.RelativeLayout",
                  "bounds": [
                    852,
                    190,
                    630,
                    122
                  ],
                  "children": [
                    {
                      "class": "android.support.v7.widget.aa",
                      "bounds": [
                        796,
                        144,
                        574,
                        76
                      ]
                    }
                  ]
                }
              ]
            },
            {
              "class": "android.support.v7.view.menu.ListMenuItemView",
              "bounds": [
                740,
                434,
                686,
                336
              ],
              "children": [
                {
                  "class": "android.widget.RelativeLayout",
                  "bounds": [
                    852,
                    358,
                    630,
                    122
                  ],
                  "children": [
                    {
                      "class": "android.support.v7.widget.aa",
                      "bounds": [
                        796,
                        312,
                        574,
                        76
                      ]
                    }
                  ]
                }
              ]
            },
            {
              "class": "android.support.v7.view.menu.ListMenuItemView",
              "bounds": [
                740,
                770,
                686,
                504
              ],
              "children": [
                {
                  "class": "android.widget.RelativeLayout",
                  "bounds": [
                    852,
                    526,
                    630,
                    122
                  ],
                  "children": [
                    {
                      "class": "android.support.v7.widget.aa",
                      "bounds": [
                        796,
                        480,
                        574,
                        76
                      ]
                    }
                  ]
                }
              ]
            },
            {
              "class": "android.support.v7.view.menu.ListMenuItemView",
              "bounds": [
                740,
                1106,
                686,
                672
              ],
              "children": [
                {
                  "class": "android.widget.RelativeLayout",
                  "bounds": [
                    852,
                    694,
                    630,
                    122
                  ],
                  "children": [
                    {
                      "class": "android.support.v7.widget.aa",
                      "bounds": [
                        796,
                        648,
                        574,
                        76
                      ]
                    }
                  ]
                }
              ]
            },
            {
              "class": "android.support.v7.view.menu.ListMenuItemView",
              "bounds": [
                740,
                1442,
                686,
                840
              ],
              "children": [
                {
                  "class": "android.widget.RelativeLayout",
                  "bounds": [
                    852,
                    862,
                    630,
                    122
                  ],
                  "children": [
                    {
                      "class": "android.support.v7.widget.aa",
                      "bounds": [
                        796,
                        816,
                        574,
                        76
                      ]
                    }
                  ]
                }
              ]
            }
          ]
        }
      ]
    }
  ]
}