{
  "class": "com.android.internal.policy.PhoneWindow$DecorView",
  "bounds": [
    0,
    0,
    1440,
    2392
  ],
  "children": [
    {
      "class": "android.widget.LinearLayout",
      "bounds": [
        0,
        0,
        1440,
        2392
      ],
      "children": [
        {
          "class": "android.widget.FrameLayout",
          "bounds": [
            0,
            168,
            1440,
            2392
          ],
          "children": [
            {
              "class": "android.widget.RelativeLayout",
              "bounds": [
                0,
                84,
                1440,
                2308
              ],
              "children": [
                {
                  "class": "android.widget.ImageView",
                  "bounds": [
                    0,
                    84,
                    1440,
                    2308
                  ]
                },
                {
                  "class": "android.widget.ImageView",
                  "bounds": [
                    0,
                    4260,
                    1440,
                    2308
                  ]
                },
                {
                  "class": "android.widget.ImageView",
                  "bounds": [
                    68,
                    4304,
                    254,
                    2242
                  ]
                },
                {
                  "class": "android.widget.TextView",
                  "bounds": [
                    0,
                    4546,
                    288,
                    2297
                  ]
                },
                {
                  "class": "android.view.View",
                  "bounds": [
                    0,
                    4260,
                    288,
                    2308
                  ]
                },
                {
                  "class": "android.widget.ImageView",
                  "bounds": [
                    576,
                    4260,
                    576,
                    2308
                  ]
                },
                {
                  "class": "android.widget.ImageView",
                  "bounds": [
                    644,
                    4304,
                    542,
                    2242
                  ]
                },
                {
                  "class": "android.widget.TextView",
                  "bounds": [
                    576,
                    4546,
                    576,
                    2297
                  ]
                },
                {
                  "class": "android.view.View",
                  "bounds": [
                    576,
                    4260,
                    576,
                    2308
                  ]
                },
                {
                  "class": "android.widget.ImageView",
                  "bounds": [
                    1220,
                    4304,
                    830,
                    2242
                  ]
                },
                {
                  "class": "android.widget.TextView",
                  "bounds": [
                    1152,
                    4546,
                    864,
                    2297
                  ]
                },
                {
                  "class": "android.view.View",
                  "bounds": [
                    1152,
                    4260,
                    864,
                    2308
                  ]
                },
                {
                  "class": "android.widget.ImageView",
                  "bounds": [
                    1796,
                    4304,
                    1118,
                    2242
                  ]
                },
                {
                  "class": "android.widget.TextView",
                  "bounds": [
                    1728,
                    4546,
                    1152,
                    2297
                  ]
                },
                {
                  "class": "android.view.View",
                  "bounds": [
                    1728,
                    4260,
                    1152,
                    2308
                  ]
                },
                {
                  "class": "android.widget.ImageView",
                  "bounds": [
                    2372,
                    4304,
                    1406,
                    2242
                  ]
                },
                {
                  "class": "android.widget.TextView",
                  "bounds": [
                    2304,
                    4546,
                    1440,
                    2297
                  ]
                },
                {
                  "class": "android.view.View",
                  "bounds": [
                    2304,
                    4260,
                    1440,
                    2308
                  ]
                },
                {
                  "class": "android.widget.RelativeLayout",
                  "bounds": [
                    0,
                    84,
                    1440,
                    2088
                  ],
                  "children": [
                    {
                      "class": "android.widget.ListView",
                      "bounds": [
                        0,
                        84,
                        1440,
                        2088
                      ],
                      "children": [
                        {
                          "class": "android.widget.LinearLayout",
                          "bounds": [
                            0,
                            84,
                            1440,
                            921
                          ],
                          "children": [
                            {
                              "class": "co.veam.veam31000015.FontFitTextView",
                              "bounds": [
                                0,
                                486,
                                720,
                                921
                              ]
                            },
                            {
                              "class": "android.widget.ImageView",
                              "bounds": [
                                1440,
                                486,
                                1440,
                                921
                              ]
                            }
                          ]
                        },
                        {
                          "class": "android.widget.LinearLayout",
                          "bounds": [
                            0,
                            1926,
                            1440,
                            1122
                          ],
                          "children": [
                            {
                              "class": "android.widget.RelativeLayout",
                              "bounds": [
                                0,
                                1005,
                                1440,
                                201
                              ],
                              "children": [
                                {
                                  "class": "android.widget.LinearLayout",
                                  "bounds": [
                                    144,
                                    1005,
                                    1281,
                                    201
                                  ],
                                  "children": [
                                    {
                                      "class": "android.widget.TextView",
                                      "bounds": [
                                        72,
                                        1005,
                                        386,
                                        201
                                      ]
                                    }
                                  ]
                                },
                                {
                                  "class": "android.widget.ImageView",
                                  "bounds": [
                                    2592,
                                    1119,
                                    1339,
                                    129
                                  ]
                                },
                                {
                                  "class": "android.view.View",
                                  "bounds": [
                                    144,
                                    1405,
                                    1440,
                                    201
                                  ]
                                }
                              ]
                            }
                          ]
                        },
                        {
                          "class": "android.widget.LinearLayout",
                          "bounds": [
                            0,
                            2328,
                            1440,
                            1323
                          ],
                          "children": [
                            {
                              "class": "android.widget.RelativeLayout",
                              "bounds": [
                                0,
                                1206,
                                1440,
                                201
                              ],
                              "children": [
                                {
                                  "class": "android.widget.LinearLayout",
                                  "bounds": [
                                    144,
                                    1206,
                                    1281,
                                    201
                                  ],
                                  "children": [
                                    {
                                      "class": "android.widget.TextView",
                                      "bounds": [
                                        72,
                                        1206,
                                        542,
                                        201
                                      ]
                                    },
                                    {
                                      "class": "android.widget.ImageView",
                                      "bounds": [
                                        1198,
                                        1302,
                                        894,
                                        152
                                      ]
                                    }
                                  ]
                                },
                                {
                                  "class": "android.widget.ImageView",
                                  "bounds": [
                                    2592,
                                    1320,
                                    1339,
                                    129
                                  ]
                                },
                                {
                                  "class": "android.view.View",
                                  "bounds": [
                                    144,
                                    1606,
                                    1440,
                                    201
                                  ]
                                }
                              ]
                            }
                          ]
                        },
                        {
                          "class": "android.widget.LinearLayout",
                          "bounds": [
                            0,
                            2730,
                            1440,
                            1524
                          ],
                          "children": [
                            {
                              "class": "android.widget.RelativeLayout",
                              "bounds": [
                                0,
                                1407,
                                1440,
                                201
                              ],
                              "children": [
                                {
                                  "class": "android.widget.LinearLayout",
                                  "bounds": [
                                    144,
                                    1407,
                                    1281,
                                    201
                                  ],
                                  "children": [
                                    {
                                      "class": "android.widget.TextView",
                                      "bounds": [
                                        72,
                                        1407,
                                        418,
                                        201
                                      ]
                                    },
                                    {
                                      "class": "android.widget.ImageView",
                                      "bounds": [
                                        922,
                                        1427,
                                        537,
                                        190
                                      ]
                                    }
                                  ]
                                },
                                {
                                  "class": "android.widget.ImageView",
                                  "bounds": [
                                    2592,
                                    1521,
                                    1339,
                                    129
                                  ]
                                },
                                {
                                  "class": "android.view.View",
                                  "bounds": [
                                    144,
                                    1807,
                                    1440,
                                    201
                                  ]
                                }
                              ]
                            }
                          ]
                        },
                        {
                          "class": "android.widget.LinearLayout",
                          "bounds": [
                            0,
                            3132,
                            1440,
                            1725
                          ],
                          "children": [
                            {
                              "class": "android.widget.RelativeLayout",
                              "bounds": [
                                0,
                                1608,
                                1440,
                                201
                              ],
                              "children": [
                                {
                                  "class": "android.widget.LinearLayout",
                                  "bounds": [
                                    144,
                                    1608,
                                    1281,
                                    201
                                  ],
                                  "children": [
                                    {
                                      "class": "android.widget.TextView",
                                      "bounds": [
                                        72,
                                        1608,
                                        572,
                                        201
                                      ]
                                    }
                                  ]
                                },
                                {
                                  "class": "android.widget.ImageView",
                                  "bounds": [
                                    2592,
                                    1722,
                                    1339,
                                    129
                                  ]
                                },
                                {
                                  "class": "android.view.View",
                                  "bounds": [
                                    144,
                                    2008,
                                    1440,
                                    201
                                  ]
                                }
                              ]
                            }
                          ]
                        },
                        {
                          "class": "android.widget.LinearLayout",
                          "bounds": [
                            0,
                            3534,
                            1440,
                            1926
                          ],
                          "children": [
                            {
                              "class": "android.widget.RelativeLayout",
                              "bounds": [
                                0,
                                1809,
                                1440,
                                201
                              ],
                              "children": [
                                {
                                  "class": "android.widget.LinearLayout",
                                  "bounds": [
                                    144,
                                    1809,
                                    1281,
                                    201
                                  ],
                                  "children": [
                                    {
                                      "class": "android.widget.TextView",
                                      "bounds": [
                                        72,
                                        1809,
                                        492,
                                        201
                                      ]
                                    }
                                  ]
                                },
                                {
                                  "class": "android.widget.ImageView",
                                  "bounds": [
                                    2592,
                                    1923,
                                    1339,
                                    129
                                  ]
                                },
                                {
                                  "class": "android.view.View",
                                  "bounds": [
                                    144,
                                    2209,
                                    1440,
                                    201
                                  ]
                                }
                              ]
                            }
                          ]
                        },
                        {
                          "class": "android.widget.LinearLayout",
                          "bounds": [
                            0,
                            3936,
                            1440,
                            2127
                          ],
                          "children": [
                            {
                              "class": "android.widget.RelativeLayout",
                              "bounds": [
                                0,
                                2010,
                                1440,
                                201
                              ],
                              "children": [
                                {
                                  "class": "android.widget.LinearLayout",
                                  "bounds": [
                                    144,
                                    2010,
                                    1281,
                                    201
                                  ],
                                  "children": [
                                    {
                                      "class": "android.widget.TextView",
                                      "bounds": [
                                        72,
                                        2010,
                                        753,
                                        201
                                      ]
                                    }
                                  ]
                                },
                                {
                                  "class": "android.widget.ImageView",
                                  "bounds": [
                                    2592,
                                    2124,
                                    1339,
                                    129
                                  ]
                                },
                                {
                                  "class": "android.view.View",
                                  "bounds": [
                                    144,
                                    2410,
                                    1440,
                                    201
                                  ]
                                }
                              ]
                            }
                          ]
                        }
                      ]
                    },
                    {
                      "class": "android.widget.RelativeLayout",
                      "bounds": [
                        0,
                        84,
                        1440,
                        201
                      ]
                    },
                    {
                      "class": "android.widget.TextView",
                      "bounds": [
                        576,
                        84,
                        1152,
                        201
                      ]
                    },
                    {
                      "class": "android.widget.ImageView",
                      "bounds": [
                        2552,
                        104,
                        1411,
                        190
                      ]
                    }
                  ]
                }
              ]
            }
          ]
        }
      ]
    }
  ]
}