{
  "class": "com.android.internal.policy.PhoneWindow$DecorView",
  "bounds": [
    0,
    0,
    1440,
    2392
  ],
  "children": [
    {
      "class": "android.widget.LinearLayout",
      "bounds": [
        0,
        0,
        1440,
        2392
      ],
      "children": [
        {
          "class": "android.widget.FrameLayout",
          "bounds": [
            0,
            168,
            1440,
            2392
          ],
          "children": [
            {
              "class": "android.widget.LinearLayout",
              "bounds": [
                0,
                84,
                1440,
                2308
              ],
              "children": [
                {
                  "class": "android.widget.RelativeLayout",
                  "bounds": [
                    0,
                    84,
                    1440,
                    151
                  ],
                  "children": [
                    {
                      "class": "android.widget.TextView",
                      "bounds": [
                        0,
                        132,
                        1440,
                        127
                      ]
                    }
                  ]
                },
                {
                  "class": "android.widget.ScrollView",
                  "bounds": [
                    0,
                    386,
                    1440,
                    2308
                  ],
                  "children": [
                    {
                      "class": "android.widget.LinearLayout",
                      "bounds": [
                        0,
                        235,
                        1440,
                        2157
                      ],
                      "children": [
                        {
                          "class": "android.widget.ImageView",
                          "bounds": [
                            322,
                            291,
                            1278,
                            620
                          ]
                        },
                        {
                          "class": "com.greatcall.common.ui.GCTextView",
                          "bounds": [
                            0,
                            1511,
                            1440,
                            779
                          ]
                        },
                        {
                          "class": "com.greatcall.common.ui.GCButton",
                          "bounds": [
                            864,
                            1863,
                            1008,
                            931
                          ]
                        }
                      ]
                    }
                  ]
                }
              ]
            }
          ]
        }
      ]
    }
  ]
}