{
  "class": "com.android.internal.policy.PhoneWindow$DecorView",
  "bounds": [
    0,
    0,
    1440,
    2560
  ],
  "children": [
    {
      "class": "android.widget.LinearLayout",
      "bounds": [
        0,
        0,
        1440,
        2392
      ],
      "children": [
        {
          "class": "android.widget.FrameLayout",
          "bounds": [
            0,
            0,
            1440,
            2392
          ],
          "children": [
            {
              "class": "android.support.v7.internal.widget.FitWindowsFrameLayout",
              "bounds": [
                0,
                0,
                1440,
                2392
              ],
              "children": [
                {
                  "class": "android.support.v7.internal.widget.ContentFrameLayout",
                  "bounds": [
                    0,
                    0,
                    1440,
                    2392
                  ],
                  "children": [
                    {
                      "class": "android.widget.LinearLayout",
                      "bounds": [
                        0,
                        0,
                        1440,
                        2392
                      ],
                      "children": [
                        {
                          "class": "android.support.v7.widget.Toolbar",
                          "bounds": [
                            0,
                            168,
                            1440,
                            280
                          ],
                          "children": [
                            {
                              "class": "android.widget.TextView",
                              "bounds": [
                                420,
                                186,
                                410,
                                144
                              ]
                            },
                            {
                              "class": "android.widget.ImageButton",
                              "bounds": [
                                0,
                                84,
                                196,
                                196
                              ]
                            },
                            {
                              "class": "android.support.v7.widget.ActionMenuView",
                              "bounds": [
                                2880,
                                84,
                                1440,
                                196
                              ]
                            }
                          ]
                        },
                        {
                          "class": "android.support.v4.widget.DrawerLayout",
                          "bounds": [
                            0,
                            560,
                            1440,
                            2392
                          ],
                          "children": [
                            {
                              "class": "android.widget.FrameLayout",
                              "bounds": [
                                0,
                                280,
                                1440,
                                2112
                              ],
                              "children": [
                                {
                                  "class": "android.widget.FrameLayout",
                                  "bounds": [
                                    0,
                                    280,
                                    1440,
                                    2112
                                  ],
                                  "children": [
                                    {
                                      "class": "android.widget.FrameLayout",
                                      "bounds": [
                                        0,
                                        280,
                                        1440,
                                        2112
                                      ],
                                      "children": [
                                        {
                                          "class": "android.widget.FrameLayout",
                                          "bounds": [
                                            0,
                                            280,
                                            1440,
                                            2112
                                          ],
                                          "children": [
                                            {
                                              "class": "android.widget.ListView",
                                              "bounds": [
                                                0,
                                                280,
                                                1440,
                                                2112
                                              ],
                                              "children": [
                                                {
                                                  "class": "android.widget.LinearLayout",
                                                  "bounds": [
                                                    0,
                                                    350,
                                                    1440,
                                                    397
                                                  ],
                                                  "children": [
                                                    {
                                                      "class": "android.support.v7.widget.AppCompatTextView",
                                                      "bounds": [
                                                        556,
                                                        477,
                                                        1162,
                                                        193
                                                      ]
                                                    },
                                                    {
                                                      "class": "android.support.v7.widget.AppCompatTextView",
                                                      "bounds": [
                                                        232,
                                                        793,
                                                        1324,
                                                        362
                                                      ]
                                                    }
                                                  ]
                                                },
                                                {
                                                  "class": "android.widget.LinearLayout",
                                                  "bounds": [
                                                    0,
                                                    1082,
                                                    1440,
                                                    2381
                                                  ],
                                                  "children": [
                                                    {
                                                      "class": "android.widget.LinearLayout",
                                                      "bounds": [
                                                        28,
                                                        681,
                                                        1426,
                                                        1980
                                                      ],
                                                      "children": [
                                                        {
                                                          "class": "android.widget.RelativeLayout",
                                                          "bounds": [
                                                            50,
                                                            843,
                                                            1412,
                                                            166
                                                          ],
                                                          "children": [
                                                            {
                                                              "class": "android.support.v7.widget.AppCompatTextView",
                                                              "bounds": [
                                                                32,
                                                                762,
                                                                523,
                                                                85
                                                              ]
                                                            },
                                                            {
                                                              "class": "android.support.v7.widget.AppCompatButton",
                                                              "bounds": [
                                                                2372,
                                                                762,
                                                                1338,
                                                                84
                                                              ]
                                                            }
                                                          ]
                                                        },
                                                        {
                                                          "class": "android.widget.LinearLayout",
                                                          "bounds": [
                                                            14,
                                                            1069,
                                                            1412,
                                                            1087
                                                          ],
                                                          "children": [
                                                            {
                                                              "class": "android.support.v7.widget.CardView",
                                                              "bounds": [
                                                                42,
                                                                903,
                                                                456,
                                                                879
                                                              ],
                                                              "children": [
                                                                {
                                                                  "class": "android.widget.LinearLayout",
                                                                  "bounds": [
                                                                    28,
                                                                    889,
                                                                    442,
                                                                    865
                                                                  ],
                                                                  "children": [
                                                                    {
                                                                      "class": "android.widget.ImageView",
                                                                      "bounds": [
                                                                        42,
                                                                        903,
                                                                        435,
                                                                        567
                                                                      ]
                                                                    },
                                                                    {
                                                                      "class": "android.support.v7.widget.AppCompatTextView",
                                                                      "bounds": [
                                                                        64,
                                                                        2037,
                                                                        424,
                                                                        697
                                                                      ]
                                                                    },
                                                                    {
                                                                      "class": "android.support.v7.widget.AppCompatTextView",
                                                                      "bounds": [
                                                                        64,
                                                                        2283,
                                                                        424,
                                                                        763
                                                                      ]
                                                                    },
                                                                    {
                                                                      "class": "android.support.v7.widget.AppCompatTextView",
                                                                      "bounds": [
                                                                        64,
                                                                        2451,
                                                                        424,
                                                                        847
                                                                      ]
                                                                    }
                                                                  ]
                                                                }
                                                              ]
                                                            },
                                                            {
                                                              "class": "android.support.v7.widget.CardView",
                                                              "bounds": [
                                                                982,
                                                                903,
                                                                927,
                                                                879
                                                              ],
                                                              "children": [
                                                                {
                                                                  "class": "android.widget.LinearLayout",
                                                                  "bounds": [
                                                                    498,
                                                                    889,
                                                                    443,
                                                                    865
                                                                  ],
                                                                  "children": [
                                                                    {
                                                                      "class": "android.widget.ImageView",
                                                                      "bounds": [
                                                                        512,
                                                                        903,
                                                                        436,
                                                                        567
                                                                      ]
                                                                    },
                                                                    {
                                                                      "class": "android.support.v7.widget.AppCompatTextView",
                                                                      "bounds": [
                                                                        534,
                                                                        2037,
                                                                        425,
                                                                        697
                                                                      ]
                                                                    },
                                                                    {
                                                                      "class": "android.support.v7.widget.AppCompatTextView",
                                                                      "bounds": [
                                                                        534,
                                                                        2283,
                                                                        425,
                                                                        763
                                                                      ]
                                                                    },
                                                                    {
                                                                      "class": "android.support.v7.widget.AppCompatTextView",
                                                                      "bounds": [
                                                                        534,
                                                                        2451,
                                                                        425,
                                                                        847
                                                                      ]
                                                                    }
                                                                  ]
                                                                }
                                                              ]
                                                            },
                                                            {
                                                              "class": "android.support.v7.widget.CardView",
                                                              "bounds": [
                                                                1924,
                                                                903,
                                                                1398,
                                                                879
                                                              ],
                                                              "children": [
                                                                {
                                                                  "class": "android.widget.LinearLayout",
                                                                  "bounds": [
                                                                    969,
                                                                    889,
                                                                    443,
                                                                    865
                                                                  ],
                                                                  "children": [
                                                                    {
                                                                      "class": "android.widget.ImageView",
                                                                      "bounds": [
                                                                        983,
                                                                        903,
                                                                        436,
                                                                        567
                                                                      ]
                                                                    },
                                                                    {
                                                                      "class": "android.support.v7.widget.AppCompatTextView",
                                                                      "bounds": [
                                                                        1005,
                                                                        2037,
                                                                        425,
                                                                        697
                                                                      ]
                                                                    },
                                                                    {
                                                                      "class": "android.support.v7.widget.AppCompatTextView",
                                                                      "bounds": [
                                                                        1005,
                                                                        2283,
                                                                        425,
                                                                        763
                                                                      ]
                                                                    },
                                                                    {
                                                                      "class": "android.support.v7.widget.AppCompatTextView",
                                                                      "bounds": [
                                                                        1005,
                                                                        2451,
                                                                        425,
                                                                        847
                                                                      ]
                                                                    }
                                                                  ]
                                                                }
                                                              ]
                                                            }
                                                          ]
                                                        },
                                                        {
                                                          "class": "android.widget.LinearLayout",
                                                          "bounds": [
                                                            14,
                                                            2855,
                                                            1412,
                                                            1980
                                                          ],
                                                          "children": [
                                                            {
                                                              "class": "android.support.v7.widget.CardView",
                                                              "bounds": [
                                                                42,
                                                                1796,
                                                                456,
                                                                879
                                                              ],
                                                              "children": [
                                                                {
                                                                  "class": "android.widget.LinearLayout",
                                                                  "bounds": [
                                                                    28,
                                                                    1782,
                                                                    442,
                                                                    865
                                                                  ],
                                                                  "children": [
                                                                    {
                                                                      "class": "android.widget.ImageView",
                                                                      "bounds": [
                                                                        42,
                                                                        1796,
                                                                        435,
                                                                        567
                                                                      ]
                                                                    },
                                                                    {
                                                                      "class": "android.support.v7.widget.AppCompatTextView",
                                                                      "bounds": [
                                                                        64,
                                                                        2930,
                                                                        424,
                                                                        697
                                                                      ]
                                                                    },
                                                                    {
                                                                      "class": "android.support.v7.widget.AppCompatTextView",
                                                                      "bounds": [
                                                                        64,
                                                                        3176,
                                                                        424,
                                                                        763
                                                                      ]
                                                                    },
                                                                    {
                                                                      "class": "android.support.v7.widget.AppCompatTextView",
                                                                      "bounds": [
                                                                        64,
                                                                        3344,
                                                                        424,
                                                                        847
                                                                      ]
                                                                    }
                                                                  ]
                                                                }
                                                              ]
                                                            },
                                                            {
                                                              "class": "android.support.v7.widget.CardView",
                                                              "bounds": [
                                                                982,
                                                                1796,
                                                                927,
                                                                879
                                                              ],
                                                              "children": [
                                                                {
                                                                  "class": "android.widget.LinearLayout",
                                                                  "bounds": [
                                                                    498,
                                                                    1782,
                                                                    443,
                                                                    865
                                                                  ],
                                                                  "children": [
                                                                    {
                                                                      "class": "android.widget.ImageView",
                                                                      "bounds": [
                                                                        512,
                                                                        1796,
                                                                        436,
                                                                        567
                                                                      ]
                                                                    },
                                                                    {
                                                                      "class": "android.support.v7.widget.AppCompatTextView",
                                                                      "bounds": [
                                                                        534,
                                                                        2930,
                                                                        425,
                                                                        697
                                                                      ]
                                                                    },
                                                                    {
                                                                      "class": "android.support.v7.widget.AppCompatTextView",
                                                                      "bounds": [
                                                                        534,
                                                                        3176,
                                                                        425,
                                                                        763
                                                                      ]
                                                                    },
                                                                    {
                                                                      "class": "android.support.v7.widget.AppCompatTextView",
                                                                      "bounds": [
                                                                        534,
                                                                        3344,
                                                                        425,
                                                                        847
                                                                      ]
                                                                    }
                                                                  ]
                                                                }
                                                              ]
                                                            },
                                                            {
                                                              "class": "android.support.v7.widget.CardView",
                                                              "bounds": [
                                                                1924,
                                                                1796,
                                                                1398,
                                                                879
                                                              ],
                                                              "children": [
                                                                {
                                                                  "class": "android.widget.LinearLayout",
                                                                  "bounds": [
                                                                    969,
                                                                    1782,
                                                                    443,
                                                                    865
                                                                  ],
                                                                  "children": [
                                                                    {
                                                                      "class": "android.widget.ImageView",
                                                                      "bounds": [
                                                                        983,
                                                                        1796,
                                                                        436,
                                                                        567
                                                                      ]
                                                                    },
                                                                    {
                                                                      "class": "android.support.v7.widget.AppCompatTextView",
                                                                      "bounds": [
                                                                        1005,
                                                                        2930,
                                                                        425,
                                                                        697
                                                                      ]
                                                                    },
                                                                    {
                                                                      "class": "android.support.v7.widget.AppCompatTextView",
                                                                      "bounds": [
                                                                        1005,
                                                                        3176,
                                                                        425,
                                                                        763
                                                                      ]
                                                                    },
                                                                    {
                                                                      "class": "android.support.v7.widget.AppCompatTextView",
                                                                      "bounds": [
                                                                        1005,
                                                                        3344,
                                                                        425,
                                                                        847
                                                                      ]
                                                                    }
                                                                  ]
                                                                }
                                                              ]
                                                            }
                                                          ]
                                                        }
                                                      ]
                                                    }
                                                  ]
                                                }
                                              ]
                                            }
                                          ]
                                        }
                                      ]
                                    }
                                  ]
                                }
                              ]
                            }
                          ]
                        }
                      ]
                    }
                  ]
                }
              ]
            }
          ]
        }
      ]
    },
    {
      "class": "android.view.View",
      "bounds": [
        0,
        4784,
        1440,
        2560
      ]
    },
    {
      "class": "android.view.View",
      "bounds": [
        0,
        0,
        1440,
        84
      ]
    }
  ]
}