{
  "class": "com.android.internal.policy.PhoneWindow$DecorView",
  "bounds": [
    0,
    0,
    1440,
    2560
  ],
  "children": [
    {
      "class": "com.android.internal.widget.ActionBarOverlayLayout",
      "bounds": [
        0,
        0,
        1440,
        2392
      ],
      "children": [
        {
          "class": "android.widget.FrameLayout",
          "bounds": [
            0,
            168,
            1440,
            2392
          ],
          "children": [
            {
              "class": "android.widget.FrameLayout",
              "bounds": [
                0,
                84,
                1440,
                2308
              ],
              "children": [
                {
                  "class": "android.widget.FrameLayout",
                  "bounds": [
                    0,
                    84,
                    1440,
                    2308
                  ],
                  "children": [
                    {
                      "class": "android.widget.FrameLayout",
                      "bounds": [
                        0,
                        84,
                        1440,
                        2308
                      ],
                      "children": [
                        {
                          "class": "android.widget.FrameLayout",
                          "bounds": [
                            0,
                            84,
                            1440,
                            2308
                          ],
                          "children": [
                            {
                              "class": "android.widget.LinearLayout",
                              "bounds": [
                                0,
                                84,
                                1440,
                                2308
                              ],
                              "children": [
                                {
                                  "class": "android.widget.FrameLayout",
                                  "bounds": [
                                    0,
                                    84,
                                    1440,
                                    224
                                  ]
                                },
                                {
                                  "class": "com.android.contacts.common.list.ViewPagerTabs",
                                  "bounds": [
                                    0,
                                    532,
                                    1440,
                                    375
                                  ],
                                  "children": [
                                    {
                                      "class": "com.android.contacts.common.list.ViewPagerTabStrip",
                                      "bounds": [
                                        0,
                                        308,
                                        1440,
                                        151
                                      ],
                                      "children": [
                                        {
                                          "class": "android.view.View",
                                          "bounds": [
                                            0,
                                            308,
                                            480,
                                            151
                                          ]
                                        },
                                        {
                                          "class": "android.view.View",
                                          "bounds": [
                                            960,
                                            308,
                                            960,
                                            151
                                          ]
                                        },
                                        {
                                          "class": "android.view.View",
                                          "bounds": [
                                            1920,
                                            308,
                                            1440,
                                            151
                                          ]
                                        }
                                      ]
                                    }
                                  ]
                                },
                                {
                                  "class": "android.support.v4.view.ViewPager",
                                  "bounds": [
                                    0,
                                    834,
                                    1440,
                                    2308
                                  ],
                                  "children": [
                                    {
                                      "class": "android.widget.FrameLayout",
                                      "bounds": [
                                        0,
                                        459,
                                        1440,
                                        1933
                                      ],
                                      "children": [
                                        {
                                          "class": "android.widget.FrameLayout",
                                          "bounds": [
                                            0,
                                            459,
                                            1440,
                                            0
                                          ],
                                          "children": []
                                        },
                                        {
                                          "class": "com.android.dialer.widget.EmptyContentView",
                                          "bounds": [
                                            0,
                                            1557,
                                            1440,
                                            1384
                                          ],
                                          "children": [
                                            {
                                              "class": "android.widget.ImageView",
                                              "bounds": [
                                                0,
                                                1008,
                                                1440,
                                                441
                                              ]
                                            },
                                            {
                                              "class": "android.widget.TextView",
                                              "bounds": [
                                                0,
                                                1890,
                                                1440,
                                                573
                                              ]
                                            },
                                            {
                                              "class": "android.widget.TextView",
                                              "bounds": [
                                                896,
                                                2154,
                                                991,
                                                695
                                              ]
                                            }
                                          ]
                                        }
                                      ]
                                    },
                                    {
                                      "class": "android.widget.FrameLayout",
                                      "bounds": [
                                        2880,
                                        459,
                                        2880,
                                        1933
                                      ],
                                      "children": [
                                        {
                                          "class": "android.support.v7.widget.RecyclerView",
                                          "bounds": [
                                            1440,
                                            459,
                                            1440,
                                            1933
                                          ],
                                          "children": [
                                            {
                                              "class": "android.widget.LinearLayout",
                                              "bounds": [
                                                1496,
                                                459,
                                                1412,
                                                403
                                              ],
                                              "children": [
                                                {
                                                  "class": "android.widget.TextView",
                                                  "bounds": [
                                                    1524,
                                                    459,
                                                    146,
                                                    151
                                                  ]
                                                },
                                                {
                                                  "class": "android.support.v7.widget.CardView",
                                                  "bounds": [
                                                    1496,
                                                    789,
                                                    1370,
                                                    389
                                                  ],
                                                  "children": [
                                                    {
                                                      "class": "android.widget.LinearLayout",
                                                      "bounds": [
                                                        1482,
                                                        624,
                                                        1356,
                                                        224
                                                      ],
                                                      "children": [
                                                        {
                                                          "class": "android.widget.LinearLayout",
                                                          "bounds": [
                                                            1482,
                                                            624,
                                                            1356,
                                                            224
                                                          ],
                                                          "children": [
                                                            {
                                                              "class": "android.widget.QuickContactBadge",
                                                              "bounds": [
                                                                1538,
                                                                708,
                                                                168,
                                                                182
                                                              ]
                                                            },
                                                            {
                                                              "class": "android.widget.LinearLayout",
                                                              "bounds": [
                                                                1930,
                                                                708,
                                                                1188,
                                                                181
                                                              ],
                                                              "children": [
                                                                {
                                                                  "class": "android.widget.TextView",
                                                                  "bounds": [
                                                                    1706,
                                                                    666,
                                                                    308,
                                                                    66
                                                                  ]
                                                                },
                                                                {
                                                                  "class": "android.widget.LinearLayout",
                                                                  "bounds": [
                                                                    1706,
                                                                    812,
                                                                    309,
                                                                    139
                                                                  ],
                                                                  "children": [
                                                                    {
                                                                      "class": "com.android.dialer.calllog.CallTypeIconsView",
                                                                      "bounds": [
                                                                        1706,
                                                                        775,
                                                                        44,
                                                                        48
                                                                      ]
                                                                    },
                                                                    {
                                                                      "class": "android.widget.TextView",
                                                                      "bounds": [
                                                                        1822,
                                                                        739,
                                                                        295,
                                                                        66
                                                                      ]
                                                                    }
                                                                  ]
                                                                }
                                                              ]
                                                            },
                                                            {
                                                              "class": "android.widget.ImageView",
                                                              "bounds": [
                                                                3858,
                                                                722,
                                                                1314,
                                                                175
                                                              ]
                                                            }
                                                          ]
                                                        }
                                                      ]
                                                    }
                                                  ]
                                                }
                                              ]
                                            },
                                            {
                                              "class": "android.support.v7.widget.CardView",
                                              "bounds": [
                                                1524,
                                                1293,
                                                1398,
                                                557
                                              ],
                                              "children": [
                                                {
                                                  "class": "android.widget.TextView",
                                                  "bounds": [
                                                    2402,
                                                    950,
                                                    895,
                                                    103
                                                  ]
                                                }
                                              ]
                                            }
                                          ]
                                        }
                                      ]
                                    },
                                    {
                                      "class": "android.widget.LinearLayout",
                                      "bounds": [
                                        5760,
                                        459,
                                        4320,
                                        1933
                                      ],
                                      "children": [
                                        {
                                          "class": "android.widget.FrameLayout",
                                          "bounds": [
                                            2880,
                                            459,
                                            1440,
                                            0
                                          ],
                                          "children": []
                                        },
                                        {
                                          "class": "android.widget.FrameLayout",
                                          "bounds": [
                                            2880,
                                            459,
                                            1440,
                                            1933
                                          ],
                                          "children": []
                                        }
                                      ]
                                    }
                                  ]
                                }
                              ]
                            },
                            {
                              "class": "com.android.dialer.list.RemoveView",
                              "bounds": [
                                0,
                                532,
                                1440,
                                375
                              ],
                              "children": []
                            }
                          ]
                        },
                        {
                          "class": "android.widget.LinearLayout",
                          "bounds": [
                            0,
                            84,
                            1440,
                            2308
                          ],
                          "children": [
                            {
                              "class": "android.widget.FrameLayout",
                              "bounds": [
                                0,
                                84,
                                1440,
                                0
                              ],
                              "children": []
                            },
                            {
                              "class": "android.widget.FrameLayout",
                              "bounds": [
                                0,
                                84,
                                1440,
                                2308
                              ],
                              "children": [
                                {
                                  "class": "com.android.contacts.common.list.PinnedHeaderListView",
                                  "bounds": [
                                    0,
                                    84,
                                    1440,
                                    2308
                                  ],
                                  "children": [
                                    {
                                      "class": "android.widget.FrameLayout",
                                      "bounds": [
                                        0,
                                        84,
                                        1440,
                                        0
                                      ],
                                      "children": [
                                        {
                                          "class": "android.view.View",
                                          "bounds": [
                                            0,
                                            84,
                                            1440,
                                            0
                                          ]
                                        }
                                      ]
                                    },
                                    {
                                      "class": "com.android.contacts.common.list.ContactListItemView",
                                      "bounds": [
                                        0,
                                        84,
                                        1440,
                                        224
                                      ],
                                      "children": [
                                        {
                                          "class": "android.widget.ImageView",
                                          "bounds": [
                                            112,
                                            168,
                                            196,
                                            182
                                          ]
                                        },
                                        {
                                          "class": "android.widget.TextView",
                                          "bounds": [
                                            496,
                                            218,
                                            1328,
                                            143
                                          ]
                                        }
                                      ]
                                    },
                                    {
                                      "class": "com.android.contacts.common.list.ContactListItemView",
                                      "bounds": [
                                        0,
                                        532,
                                        1440,
                                        448
                                      ],
                                      "children": [
                                        {
                                          "class": "android.widget.ImageView",
                                          "bounds": [
                                            112,
                                            392,
                                            196,
                                            182
                                          ]
                                        },
                                        {
                                          "class": "android.widget.TextView",
                                          "bounds": [
                                            496,
                                            442,
                                            1328,
                                            143
                                          ]
                                        }
                                      ]
                                    },
                                    {
                                      "class": "com.android.contacts.common.list.ContactListItemView",
                                      "bounds": [
                                        0,
                                        980,
                                        1440,
                                        672
                                      ],
                                      "children": [
                                        {
                                          "class": "android.widget.ImageView",
                                          "bounds": [
                                            112,
                                            616,
                                            196,
                                            182
                                          ]
                                        },
                                        {
                                          "class": "android.widget.TextView",
                                          "bounds": [
                                            496,
                                            666,
                                            1328,
                                            143
                                          ]
                                        }
                                      ]
                                    }
                                  ]
                                }
                              ]
                            }
                          ]
                        }
                      ]
                    },
                    {
                      "class": "com.android.dialer.dialpad.DialpadFragment$DialpadSlidingRelativeLayout",
                      "bounds": [
                        0,
                        84,
                        1440,
                        2308
                      ],
                      "children": [
                        {
                          "class": "android.widget.LinearLayout",
                          "bounds": [
                            0,
                            84,
                            1440,
                            2308
                          ],
                          "children": [
                            {
                              "class": "android.view.View",
                              "bounds": [
                                0,
                                84,
                                1440,
                                858
                              ]
                            },
                            {
                              "class": "android.view.View",
                              "bounds": [
                                0,
                                1800,
                                1440,
                                893
                              ]
                            },
                            {
                              "class": "com.android.phone.common.dialpad.DialpadView",
                              "bounds": [
                                0,
                                1870,
                                1440,
                                2308
                              ],
                              "children": [
                                {
                                  "class": "android.widget.LinearLayout",
                                  "bounds": [
                                    0,
                                    977,
                                    1440,
                                    210
                                  ],
                                  "children": [
                                    {
                                      "class": "android.widget.ImageButton",
                                      "bounds": [
                                        56,
                                        1033,
                                        175,
                                        182
                                      ]
                                    },
                                    {
                                      "class": "com.android.phone.common.dialpad.DigitsEditText",
                                      "bounds": [
                                        406,
                                        977,
                                        1243,
                                        210
                                      ]
                                    },
                                    {
                                      "class": "android.widget.ImageButton",
                                      "bounds": [
                                        2486,
                                        977,
                                        1440,
                                        210
                                      ]
                                    }
                                  ]
                                },
                                {
                                  "class": "android.view.View",
                                  "bounds": [
                                    0,
                                    1397,
                                    1440,
                                    214
                                  ]
                                },
                                {
                                  "class": "android.widget.LinearLayout",
                                  "bounds": [
                                    0,
                                    1503,
                                    1440,
                                    1387
                                  ],
                                  "children": [
                                    {
                                      "class": "android.widget.LinearLayout",
                                      "bounds": [
                                        0,
                                        1240,
                                        1440,
                                        224
                                      ],
                                      "children": [
                                        {
                                          "class": "com.android.phone.common.dialpad.DialpadKeyButton",
                                          "bounds": [
                                            192,
                                            1240,
                                            512,
                                            224
                                          ],
                                          "children": [
                                            {
                                              "class": "android.widget.LinearLayout",
                                              "bounds": [
                                                452,
                                                1306,
                                                237,
                                                191
                                              ],
                                              "children": [
                                                {
                                                  "class": "com.android.phone.common.dialpad.DialpadTextView",
                                                  "bounds": [
                                                    300,
                                                    1273,
                                                    46,
                                                    90
                                                  ]
                                                },
                                                {
                                                  "class": "android.widget.RelativeLayout",
                                                  "bounds": [
                                                    274,
                                                    1475,
                                                    59,
                                                    158
                                                  ],
                                                  "children": [
                                                    {
                                                      "class": "android.widget.ImageView",
                                                      "bounds": [
                                                        274,
                                                        1396,
                                                        59,
                                                        45
                                                      ]
                                                    },
                                                    {
                                                      "class": "android.widget.TextView",
                                                      "bounds": [
                                                        274,
                                                        1374,
                                                        0,
                                                        57
                                                      ]
                                                    }
                                                  ]
                                                }
                                              ]
                                            }
                                          ]
                                        },
                                        {
                                          "class": "com.android.phone.common.dialpad.DialpadKeyButton",
                                          "bounds": [
                                            1024,
                                            1240,
                                            928,
                                            224
                                          ],
                                          "children": [
                                            {
                                              "class": "android.widget.LinearLayout",
                                              "bounds": [
                                                848,
                                                1304,
                                                248,
                                                191
                                              ],
                                              "children": [
                                                {
                                                  "class": "com.android.phone.common.dialpad.DialpadTextView",
                                                  "bounds": [
                                                    700,
                                                    1272,
                                                    69,
                                                    91
                                                  ]
                                                },
                                                {
                                                  "class": "android.widget.TextView",
                                                  "bounds": [
                                                    680,
                                                    1476,
                                                    80,
                                                    159
                                                  ]
                                                }
                                              ]
                                            }
                                          ]
                                        },
                                        {
                                          "class": "com.android.phone.common.dialpad.DialpadKeyButton",
                                          "bounds": [
                                            1856,
                                            1240,
                                            1344,
                                            224
                                          ],
                                          "children": [
                                            {
                                              "class": "android.widget.LinearLayout",
                                              "bounds": [
                                                1268,
                                                1302,
                                                245,
                                                192
                                              ],
                                              "children": [
                                                {
                                                  "class": "com.android.phone.common.dialpad.DialpadTextView",
                                                  "bounds": [
                                                    1116,
                                                    1271,
                                                    66,
                                                    93
                                                  ]
                                                },
                                                {
                                                  "class": "android.widget.TextView",
                                                  "bounds": [
                                                    1098,
                                                    1479,
                                                    75,
                                                    161
                                                  ]
                                                }
                                              ]
                                            }
                                          ]
                                        }
                                      ]
                                    },
                                    {
                                      "class": "android.widget.LinearLayout",
                                      "bounds": [
                                        0,
                                        1688,
                                        1440,
                                        448
                                      ],
                                      "children": [
                                        {
                                          "class": "com.android.phone.common.dialpad.DialpadKeyButton",
                                          "bounds": [
                                            192,
                                            1464,
                                            512,
                                            224
                                          ],
                                          "children": [
                                            {
                                              "class": "android.widget.LinearLayout",
                                              "bounds": [
                                                442,
                                                1530,
                                                243,
                                                191
                                              ],
                                              "children": [
                                                {
                                                  "class": "com.android.phone.common.dialpad.DialpadTextView",
                                                  "bounds": [
                                                    275,
                                                    1497,
                                                    67,
                                                    90
                                                  ]
                                                },
                                                {
                                                  "class": "android.widget.TextView",
                                                  "bounds": [
                                                    269,
                                                    1699,
                                                    70,
                                                    158
                                                  ]
                                                }
                                              ]
                                            }
                                          ]
                                        },
                                        {
                                          "class": "com.android.phone.common.dialpad.DialpadKeyButton",
                                          "bounds": [
                                            1024,
                                            1464,
                                            928,
                                            224
                                          ],
                                          "children": [
                                            {
                                              "class": "android.widget.LinearLayout",
                                              "bounds": [
                                                856,
                                                1528,
                                                244,
                                                192
                                              ],
                                              "children": [
                                                {
                                                  "class": "com.android.phone.common.dialpad.DialpadTextView",
                                                  "bounds": [
                                                    700,
                                                    1496,
                                                    63,
                                                    92
                                                  ]
                                                },
                                                {
                                                  "class": "android.widget.TextView",
                                                  "bounds": [
                                                    684,
                                                    1702,
                                                    72,
                                                    160
                                                  ]
                                                }
                                              ]
                                            }
                                          ]
                                        },
                                        {
                                          "class": "com.android.phone.common.dialpad.DialpadKeyButton",
                                          "bounds": [
                                            1856,
                                            1464,
                                            1344,
                                            224
                                          ],
                                          "children": [
                                            {
                                              "class": "android.widget.LinearLayout",
                                              "bounds": [
                                                1248,
                                                1526,
                                                256,
                                                192
                                              ],
                                              "children": [
                                                {
                                                  "class": "com.android.phone.common.dialpad.DialpadTextView",
                                                  "bounds": [
                                                    1128,
                                                    1495,
                                                    76,
                                                    93
                                                  ]
                                                },
                                                {
                                                  "class": "android.widget.TextView",
                                                  "bounds": [
                                                    1088,
                                                    1703,
                                                    96,
                                                    161
                                                  ]
                                                }
                                              ]
                                            }
                                          ]
                                        }
                                      ]
                                    },
                                    {
                                      "class": "android.widget.LinearLayout",
                                      "bounds": [
                                        0,
                                        2136,
                                        1440,
                                        672
                                      ],
                                      "children": [
                                        {
                                          "class": "com.android.phone.common.dialpad.DialpadKeyButton",
                                          "bounds": [
                                            192,
                                            1688,
                                            512,
                                            224
                                          ],
                                          "children": [
                                            {
                                              "class": "android.widget.LinearLayout",
                                              "bounds": [
                                                404,
                                                1754,
                                                261,
                                                191
                                              ],
                                              "children": [
                                                {
                                                  "class": "com.android.phone.common.dialpad.DialpadTextView",
                                                  "bounds": [
                                                    296,
                                                    1721,
                                                    83,
                                                    90
                                                  ]
                                                },
                                                {
                                                  "class": "android.widget.TextView",
                                                  "bounds": [
                                                    250,
                                                    1923,
                                                    107,
                                                    158
                                                  ]
                                                }
                                              ]
                                            }
                                          ]
                                        },
                                        {
                                          "class": "com.android.phone.common.dialpad.DialpadKeyButton",
                                          "bounds": [
                                            1024,
                                            1688,
                                            928,
                                            224
                                          ],
                                          "children": [
                                            {
                                              "class": "android.widget.LinearLayout",
                                              "bounds": [
                                                848,
                                                1750,
                                                247,
                                                192
                                              ],
                                              "children": [
                                                {
                                                  "class": "com.android.phone.common.dialpad.DialpadTextView",
                                                  "bounds": [
                                                    700,
                                                    1719,
                                                    68,
                                                    93
                                                  ]
                                                },
                                                {
                                                  "class": "android.widget.TextView",
                                                  "bounds": [
                                                    680,
                                                    1927,
                                                    79,
                                                    161
                                                  ]
                                                }
                                              ]
                                            }
                                          ]
                                        },
                                        {
                                          "class": "com.android.phone.common.dialpad.DialpadKeyButton",
                                          "bounds": [
                                            1856,
                                            1688,
                                            1344,
                                            224
                                          ],
                                          "children": [
                                            {
                                              "class": "android.widget.LinearLayout",
                                              "bounds": [
                                                1230,
                                                1752,
                                                264,
                                                192
                                              ],
                                              "children": [
                                                {
                                                  "class": "com.android.phone.common.dialpad.DialpadTextView",
                                                  "bounds": [
                                                    1135,
                                                    1720,
                                                    84,
                                                    92
                                                  ]
                                                },
                                                {
                                                  "class": "android.widget.TextView",
                                                  "bounds": [
                                                    1079,
                                                    1926,
                                                    113,
                                                    160
                                                  ]
                                                }
                                              ]
                                            }
                                          ]
                                        }
                                      ]
                                    },
                                    {
                                      "class": "android.widget.LinearLayout",
                                      "bounds": [
                                        0,
                                        2584,
                                        1440,
                                        896
                                      ],
                                      "children": [
                                        {
                                          "class": "com.android.phone.common.dialpad.DialpadKeyButton",
                                          "bounds": [
                                            192,
                                            1912,
                                            512,
                                            224
                                          ],
                                          "children": [
                                            {
                                              "class": "android.widget.LinearLayout",
                                              "bounds": [
                                                460,
                                                2038,
                                                233,
                                                160
                                              ],
                                              "children": [
                                                {
                                                  "class": "com.android.phone.common.dialpad.DialpadTextView",
                                                  "bounds": [
                                                    278,
                                                    1975,
                                                    51,
                                                    51
                                                  ]
                                                }
                                              ]
                                            }
                                          ]
                                        },
                                        {
                                          "class": "com.android.phone.common.dialpad.DialpadKeyButton",
                                          "bounds": [
                                            1024,
                                            1912,
                                            928,
                                            224
                                          ],
                                          "children": [
                                            {
                                              "class": "android.widget.LinearLayout",
                                              "bounds": [
                                                872,
                                                1982,
                                                236,
                                                189
                                              ],
                                              "children": [
                                                {
                                                  "class": "com.android.phone.common.dialpad.DialpadTextView",
                                                  "bounds": [
                                                    692,
                                                    1947,
                                                    56,
                                                    93
                                                  ]
                                                },
                                                {
                                                  "class": "android.widget.TextView",
                                                  "bounds": [
                                                    724,
                                                    2141,
                                                    40,
                                                    154
                                                  ]
                                                }
                                              ]
                                            }
                                          ]
                                        },
                                        {
                                          "class": "com.android.phone.common.dialpad.DialpadKeyButton",
                                          "bounds": [
                                            1856,
                                            1912,
                                            1344,
                                            224
                                          ],
                                          "children": [
                                            {
                                              "class": "android.widget.LinearLayout",
                                              "bounds": [
                                                1298,
                                                2032,
                                                230,
                                                164
                                              ],
                                              "children": [
                                                {
                                                  "class": "com.android.phone.common.dialpad.DialpadTextView",
                                                  "bounds": [
                                                    1113,
                                                    1972,
                                                    45,
                                                    58
                                                  ]
                                                }
                                              ]
                                            }
                                          ]
                                        }
                                      ]
                                    }
                                  ]
                                }
                              ]
                            }
                          ]
                        },
                        {
                          "class": "android.widget.FrameLayout",
                          "bounds": [
                            1244,
                            4196,
                            818,
                            2252
                          ],
                          "children": [
                            {
                              "class": "android.widget.ImageButton",
                              "bounds": [
                                622,
                                2140,
                                196,
                                196
                              ]
                            }
                          ]
                        }
                      ]
                    }
                  ]
                },
                {
                  "class": "android.widget.FrameLayout",
                  "bounds": [
                    0,
                    84,
                    1440,
                    2308
                  ],
                  "children": []
                }
              ]
            }
          ]
        },
        {
          "class": "com.android.internal.widget.ActionBarContainer",
          "bounds": [
            0,
            84,
            1440,
            308
          ],
          "children": [
            {
              "class": "android.widget.Toolbar",
              "bounds": [
                0,
                0,
                1440,
                224
              ],
              "children": [
                {
                  "class": "com.android.dialer.widget.SearchEditTextLayout",
                  "bounds": [
                    56,
                    28,
                    1412,
                    196
                  ],
                  "children": [
                    {
                      "class": "android.widget.LinearLayout",
                      "bounds": [
                        28,
                        0,
                        1384,
                        168
                      ],
                      "children": [
                        {
                          "class": "android.widget.ImageView",
                          "bounds": [
                            112,
                            35,
                            140,
                            133
                          ]
                        },
                        {
                          "class": "android.widget.TextView",
                          "bounds": [
                            490,
                            51,
                            1230,
                            117
                          ]
                        },
                        {
                          "class": "android.widget.ImageButton",
                          "bounds": [
                            2516,
                            35,
                            1342,
                            133
                          ]
                        }
                      ]
                    }
                  ]
                },
                {
                  "class": "android.widget.ActionMenuView",
                  "bounds": [
                    2880,
                    0,
                    1440,
                    196
                  ]
                }
              ]
            }
          ]
        }
      ]
    },
    {
      "class": "android.view.View",
      "bounds": [
        0,
        4784,
        1440,
        2560
      ]
    },
    {
      "class": "android.view.View",
      "bounds": [
        0,
        0,
        1440,
        84
      ]
    }
  ]
}