{
  "class": "com.android.internal.policy.PhoneWindow$DecorView",
  "bounds": [
    0,
    0,
    1440,
    2560
  ],
  "children": [
    {
      "class": "android.widget.LinearLayout",
      "bounds": [
        0,
        0,
        1440,
        2392
      ],
      "children": [
        {
          "class": "android.widget.FrameLayout",
          "bounds": [
            0,
            168,
            1440,
            2392
          ],
          "children": [
            {
              "class": "android.support.v7.widget.FitWindowsLinearLayout",
              "bounds": [
                0,
                84,
                1440,
                2308
              ],
              "children": [
                {
                  "class": "android.support.v7.widget.ContentFrameLayout",
                  "bounds": [
                    0,
                    84,
                    1440,
                    2308
                  ],
                  "children": [
                    {
                      "class": "android.support.design.widget.CoordinatorLayout",
                      "bounds": [
                        0,
                        84,
                        1440,
                        2308
                      ],
                      "children": [
                        {
                          "class": "com.target.socsav.view.TabbedContentContainerLayout",
                          "bounds": [
                            0,
                            84,
                            1440,
                            2308
                          ],
                          "children": [
                            {
                              "class": "android.widget.FrameLayout",
                              "bounds": [
                                0,
                                84,
                                1440,
                                2112
                              ],
                              "children": [
                                {
                                  "class": "android.widget.LinearLayout",
                                  "bounds": [
                                    0,
                                    84,
                                    1440,
                                    2112
                                  ],
                                  "children": [
                                    {
                                      "class": "android.support.design.widget.AppBarLayout",
                                      "bounds": [
                                        0,
                                        84,
                                        1440,
                                        364
                                      ],
                                      "children": [
                                        {
                                          "class": "com.target.socsav.search.ui.SearchBox",
                                          "bounds": [
                                            112,
                                            140,
                                            1384,
                                            196
                                          ],
                                          "children": [
                                            {
                                              "class": "android.widget.LinearLayout",
                                              "bounds": [
                                                56,
                                                112,
                                                1328,
                                                168
                                              ],
                                              "children": [
                                                {
                                                  "class": "android.widget.RelativeLayout",
                                                  "bounds": [
                                                    56,
                                                    112,
                                                    1328,
                                                    168
                                                  ],
                                                  "children": [
                                                    {
                                                      "class": "android.support.v7.widget.AppCompatImageView",
                                                      "bounds": [
                                                        56,
                                                        112,
                                                        168,
                                                        168
                                                      ]
                                                    },
                                                    {
                                                      "class": "android.support.v7.widget.AppCompatTextView",
                                                      "bounds": [
                                                        392,
                                                        124,
                                                        992,
                                                        161
                                                      ]
                                                    },
                                                    {
                                                      "class": "android.widget.LinearLayout",
                                                      "bounds": [
                                                        2040,
                                                        112,
                                                        1328,
                                                        168
                                                      ],
                                                      "children": [
                                                        {
                                                          "class": "android.support.v7.widget.AppCompatImageView",
                                                          "bounds": [
                                                            1048,
                                                            112,
                                                            168,
                                                            168
                                                          ]
                                                        },
                                                        {
                                                          "class": "android.support.v7.widget.AppCompatImageView",
                                                          "bounds": [
                                                            1384,
                                                            112,
                                                            336,
                                                            168
                                                          ]
                                                        }
                                                      ]
                                                    }
                                                  ]
                                                }
                                              ]
                                            }
                                          ]
                                        },
                                        {
                                          "class": "android.support.design.widget.TabLayout",
                                          "bounds": [
                                            0,
                                            476,
                                            1440,
                                            364
                                          ],
                                          "children": [
                                            {
                                              "class": "android.support.design.widget.TabLayout$d",
                                              "bounds": [
                                                0,
                                                280,
                                                1440,
                                                168
                                              ],
                                              "children": [
                                                {
                                                  "class": "android.support.design.widget.TabLayout$g",
                                                  "bounds": [
                                                    0,
                                                    280,
                                                    480,
                                                    168
                                                  ],
                                                  "children": [
                                                    {
                                                      "class": "android.widget.FrameLayout",
                                                      "bounds": [
                                                        276,
                                                        386,
                                                        341,
                                                        115
                                                      ],
                                                      "children": [
                                                        {
                                                          "class": "android.support.v7.widget.AppCompatTextView",
                                                          "bounds": [
                                                            138,
                                                            333,
                                                            203,
                                                            62
                                                          ]
                                                        }
                                                      ]
                                                    }
                                                  ]
                                                },
                                                {
                                                  "class": "android.support.design.widget.TabLayout$g",
                                                  "bounds": [
                                                    960,
                                                    280,
                                                    960,
                                                    168
                                                  ],
                                                  "children": [
                                                    {
                                                      "class": "android.widget.FrameLayout",
                                                      "bounds": [
                                                        678,
                                                        386,
                                                        381,
                                                        115
                                                      ],
                                                      "children": [
                                                        {
                                                          "class": "android.support.v7.widget.AppCompatTextView",
                                                          "bounds": [
                                                            579,
                                                            333,
                                                            282,
                                                            62
                                                          ]
                                                        }
                                                      ]
                                                    }
                                                  ]
                                                },
                                                {
                                                  "class": "android.support.design.widget.TabLayout$g",
                                                  "bounds": [
                                                    1920,
                                                    280,
                                                    1440,
                                                    168
                                                  ],
                                                  "children": [
                                                    {
                                                      "class": "android.widget.FrameLayout",
                                                      "bounds": [
                                                        1124,
                                                        386,
                                                        397,
                                                        115
                                                      ],
                                                      "children": [
                                                        {
                                                          "class": "android.support.v7.widget.AppCompatTextView",
                                                          "bounds": [
                                                            1042,
                                                            333,
                                                            315,
                                                            62
                                                          ]
                                                        }
                                                      ]
                                                    }
                                                  ]
                                                }
                                              ]
                                            }
                                          ]
                                        }
                                      ]
                                    },
                                    {
                                      "class": "android.widget.FrameLayout",
                                      "bounds": [
                                        0,
                                        812,
                                        1440,
                                        2112
                                      ],
                                      "children": [
                                        {
                                          "class": "android.support.v4.view.ViewPager",
                                          "bounds": [
                                            0,
                                            448,
                                            1440,
                                            1748
                                          ],
                                          "children": [
                                            {
                                              "class": "com.target.socsav.view.ScrollProxySwipeRefreshLayout",
                                              "bounds": [
                                                0,
                                                448,
                                                1440,
                                                1748
                                              ],
                                              "children": [
                                                {
                                                  "class": "android.widget.LinearLayout",
                                                  "bounds": [
                                                    0,
                                                    448,
                                                    1440,
                                                    1748
                                                  ],
                                                  "children": [
                                                    {
                                                      "class": "android.widget.RelativeLayout",
                                                      "bounds": [
                                                        0,
                                                        448,
                                                        1440,
                                                        112
                                                      ],
                                                      "children": [
                                                        {
                                                          "class": "android.support.v7.widget.AppCompatTextView",
                                                          "bounds": [
                                                            56,
                                                            504,
                                                            1005,
                                                            84
                                                          ]
                                                        }
                                                      ]
                                                    },
                                                    {
                                                      "class": "android.widget.FrameLayout",
                                                      "bounds": [
                                                        0,
                                                        672,
                                                        1440,
                                                        1748
                                                      ],
                                                      "children": [
                                                        {
                                                          "class": "android.support.v7.widget.RecyclerView",
                                                          "bounds": [
                                                            0,
                                                            560,
                                                            1440,
                                                            1636
                                                          ],
                                                          "children": [
                                                            {
                                                              "class": "android.widget.RelativeLayout",
                                                              "bounds": [
                                                                0,
                                                                364,
                                                                1440,
                                                                294
                                                              ],
                                                              "children": [
                                                                {
                                                                  "class": "android.support.v7.widget.AppCompatTextView",
                                                                  "bounds": [
                                                                    84,
                                                                    602,
                                                                    352,
                                                                    112
                                                                  ]
                                                                },
                                                                {
                                                                  "class": "android.support.v7.widget.AppCompatImageView",
                                                                  "bounds": [
                                                                    84,
                                                                    665,
                                                                    322,
                                                                    385
                                                                  ]
                                                                },
                                                                {
                                                                  "class": "android.widget.LinearLayout",
                                                                  "bounds": [
                                                                    756,
                                                                    658,
                                                                    1131,
                                                                    336
                                                                  ],
                                                                  "children": [
                                                                    {
                                                                      "class": "android.support.v7.widget.AppCompatTextView",
                                                                      "bounds": [
                                                                        378,
                                                                        560,
                                                                        490,
                                                                        71
                                                                      ]
                                                                    },
                                                                    {
                                                                      "class": "android.support.v7.widget.AppCompatTextView",
                                                                      "bounds": [
                                                                        378,
                                                                        631,
                                                                        317,
                                                                        127
                                                                      ]
                                                                    },
                                                                    {
                                                                      "class": "android.support.v7.widget.AppCompatTextView",
                                                                      "bounds": [
                                                                        378,
                                                                        772,
                                                                        235,
                                                                        238
                                                                      ]
                                                                    }
                                                                  ]
                                                                },
                                                                {
                                                                  "class": "com.target.socsav.view.OfferAddedStateView",
                                                                  "bounds": [
                                                                    2374,
                                                                    688,
                                                                    1398,
                                                                    362
                                                                  ],
                                                                  "children": [
                                                                    {
                                                                      "class": "android.support.v7.widget.AppCompatImageView",
                                                                      "bounds": [
                                                                        1187,
                                                                        560,
                                                                        168,
                                                                        168
                                                                      ]
                                                                    },
                                                                    {
                                                                      "class": "android.support.v7.widget.AppCompatTextView",
                                                                      "bounds": [
                                                                        1187,
                                                                        828,
                                                                        211,
                                                                        234
                                                                      ]
                                                                    }
                                                                  ]
                                                                }
                                                              ]
                                                            },
                                                            {
                                                              "class": "android.widget.RelativeLayout",
                                                              "bounds": [
                                                                0,
                                                                1152,
                                                                1440,
                                                                786
                                                              ],
                                                              "children": [
                                                                {
                                                                  "class": "android.support.v7.widget.AppCompatImageView",
                                                                  "bounds": [
                                                                    84,
                                                                    1066,
                                                                    322,
                                                                    385
                                                                  ]
                                                                },
                                                                {
                                                                  "class": "android.widget.LinearLayout",
                                                                  "bounds": [
                                                                    756,
                                                                    1052,
                                                                    1174,
                                                                    336
                                                                  ],
                                                                  "children": [
                                                                    {
                                                                      "class": "android.support.v7.widget.AppCompatTextView",
                                                                      "bounds": [
                                                                        378,
                                                                        954,
                                                                        267,
                                                                        71
                                                                      ]
                                                                    },
                                                                    {
                                                                      "class": "android.support.v7.widget.AppCompatTextView",
                                                                      "bounds": [
                                                                        378,
                                                                        1096,
                                                                        404,
                                                                        127
                                                                      ]
                                                                    },
                                                                    {
                                                                      "class": "android.support.v7.widget.AppCompatTextView",
                                                                      "bounds": [
                                                                        378,
                                                                        1264,
                                                                        234,
                                                                        238
                                                                      ]
                                                                    }
                                                                  ]
                                                                },
                                                                {
                                                                  "class": "com.target.socsav.view.OfferAddedStateView",
                                                                  "bounds": [
                                                                    2460,
                                                                    1178,
                                                                    1398,
                                                                    329
                                                                  ],
                                                                  "children": [
                                                                    {
                                                                      "class": "android.support.v7.widget.AppCompatImageView",
                                                                      "bounds": [
                                                                        1230,
                                                                        1017,
                                                                        168,
                                                                        168
                                                                      ]
                                                                    }
                                                                  ]
                                                                }
                                                              ]
                                                            },
                                                            {
                                                              "class": "android.widget.RelativeLayout",
                                                              "bounds": [
                                                                0,
                                                                2136,
                                                                1440,
                                                                1278
                                                              ],
                                                              "children": [
                                                                {
                                                                  "class": "android.support.v7.widget.AppCompatImageView",
                                                                  "bounds": [
                                                                    84,
                                                                    1558,
                                                                    322,
                                                                    385
                                                                  ]
                                                                },
                                                                {
                                                                  "class": "android.widget.LinearLayout",
                                                                  "bounds": [
                                                                    756,
                                                                    1544,
                                                                    1174,
                                                                    336
                                                                  ],
                                                                  "children": [
                                                                    {
                                                                      "class": "android.support.v7.widget.AppCompatTextView",
                                                                      "bounds": [
                                                                        378,
                                                                        1446,
                                                                        597,
                                                                        71
                                                                      ]
                                                                    },
                                                                    {
                                                                      "class": "android.support.v7.widget.AppCompatTextView",
                                                                      "bounds": [
                                                                        378,
                                                                        1588,
                                                                        454,
                                                                        127
                                                                      ]
                                                                    },
                                                                    {
                                                                      "class": "android.support.v7.widget.AppCompatTextView",
                                                                      "bounds": [
                                                                        378,
                                                                        1756,
                                                                        234,
                                                                        238
                                                                      ]
                                                                    }
                                                                  ]
                                                                },
                                                                {
                                                                  "class": "com.target.socsav.view.OfferAddedStateView",
                                                                  "bounds": [
                                                                    2460,
                                                                    1670,
                                                                    1398,
                                                                    329
                                                                  ],
                                                                  "children": [
                                                                    {
                                                                      "class": "android.support.v7.widget.AppCompatImageView",
                                                                      "bounds": [
                                                                        1230,
                                                                        1509,
                                                                        168,
                                                                        168
                                                                      ]
                                                                    }
                                                                  ]
                                                                }
                                                              ]
                                                            },
                                                            {
                                                              "class": "android.widget.RelativeLayout",
                                                              "bounds": [
                                                                0,
                                                                3120,
                                                                1440,
                                                                1770
                                                              ],
                                                              "children": [
                                                                {
                                                                  "class": "android.support.v7.widget.AppCompatTextView",
                                                                  "bounds": [
                                                                    84,
                                                                    1924,
                                                                    352,
                                                                    112
                                                                  ]
                                                                },
                                                                {
                                                                  "class": "android.support.v7.widget.AppCompatImageView",
                                                                  "bounds": [
                                                                    84,
                                                                    2050,
                                                                    322,
                                                                    385
                                                                  ]
                                                                },
                                                                {
                                                                  "class": "android.widget.LinearLayout",
                                                                  "bounds": [
                                                                    756,
                                                                    2036,
                                                                    1131,
                                                                    336
                                                                  ],
                                                                  "children": [
                                                                    {
                                                                      "class": "android.support.v7.widget.AppCompatTextView",
                                                                      "bounds": [
                                                                        378,
                                                                        1938,
                                                                        681,
                                                                        71
                                                                      ]
                                                                    },
                                                                    {
                                                                      "class": "android.support.v7.widget.AppCompatTextView",
                                                                      "bounds": [
                                                                        378,
                                                                        2080,
                                                                        362,
                                                                        127
                                                                      ]
                                                                    },
                                                                    {
                                                                      "class": "android.support.v7.widget.AppCompatTextView",
                                                                      "bounds": [
                                                                        378,
                                                                        2248,
                                                                        235,
                                                                        238
                                                                      ]
                                                                    }
                                                                  ]
                                                                },
                                                                {
                                                                  "class": "com.target.socsav.view.OfferAddedStateView",
                                                                  "bounds": [
                                                                    2374,
                                                                    2096,
                                                                    1398,
                                                                    362
                                                                  ],
                                                                  "children": [
                                                                    {
                                                                      "class": "android.support.v7.widget.AppCompatImageView",
                                                                      "bounds": [
                                                                        1187,
                                                                        1968,
                                                                        168,
                                                                        168
                                                                      ]
                                                                    },
                                                                    {
                                                                      "class": "android.support.v7.widget.AppCompatTextView",
                                                                      "bounds": [
                                                                        1187,
                                                                        2304,
                                                                        211,
                                                                        234
                                                                      ]
                                                                    }
                                                                  ]
                                                                }
                                                              ]
                                                            }
                                                          ]
                                                        }
                                                      ]
                                                    }
                                                  ]
                                                }
                                              ]
                                            },
                                            {
                                              "class": "com.target.socsav.view.ScrollProxySwipeRefreshLayout",
                                              "bounds": [
                                                2880,
                                                448,
                                                2880,
                                                1748
                                              ],
                                              "children": [
                                                {
                                                  "class": "android.widget.FrameLayout",
                                                  "bounds": [
                                                    1440,
                                                    448,
                                                    1440,
                                                    1748
                                                  ],
                                                  "children": [
                                                    {
                                                      "class": "android.support.v7.widget.RecyclerView",
                                                      "bounds": [
                                                        1440,
                                                        448,
                                                        1440,
                                                        1748
                                                      ],
                                                      "children": [
                                                        {
                                                          "class": "android.widget.FrameLayout",
                                                          "bounds": [
                                                            1440,
                                                            448,
                                                            720,
                                                            672
                                                          ],
                                                          "children": [
                                                            {
                                                              "class": "android.support.v7.widget.AppCompatImageView",
                                                              "bounds": [
                                                                1552,
                                                                560,
                                                                664,
                                                                616
                                                              ]
                                                            },
                                                            {
                                                              "class": "android.support.v7.widget.AppCompatTextView",
                                                              "bounds": [
                                                                2028,
                                                                978,
                                                                426,
                                                                406
                                                              ]
                                                            }
                                                          ]
                                                        },
                                                        {
                                                          "class": "android.widget.FrameLayout",
                                                          "bounds": [
                                                            2880,
                                                            448,
                                                            1440,
                                                            672
                                                          ],
                                                          "children": [
                                                            {
                                                              "class": "android.support.v7.widget.AppCompatImageView",
                                                              "bounds": [
                                                                2272,
                                                                560,
                                                                664,
                                                                616
                                                              ]
                                                            },
                                                            {
                                                              "class": "android.support.v7.widget.AppCompatTextView",
                                                              "bounds": [
                                                                2572,
                                                                978,
                                                                513,
                                                                406
                                                              ]
                                                            }
                                                          ]
                                                        },
                                                        {
                                                          "class": "android.widget.FrameLayout",
                                                          "bounds": [
                                                            1440,
                                                            1792,
                                                            720,
                                                            1344
                                                          ],
                                                          "children": [
                                                            {
                                                              "class": "android.support.v7.widget.AppCompatImageView",
                                                              "bounds": [
                                                                1552,
                                                                1232,
                                                                664,
                                                                616
                                                              ]
                                                            },
                                                            {
                                                              "class": "android.support.v7.widget.AppCompatTextView",
                                                              "bounds": [
                                                                1942,
                                                                1650,
                                                                469,
                                                                406
                                                              ]
                                                            }
                                                          ]
                                                        },
                                                        {
                                                          "class": "android.widget.FrameLayout",
                                                          "bounds": [
                                                            2880,
                                                            1792,
                                                            1440,
                                                            1344
                                                          ],
                                                          "children": [
                                                            {
                                                              "class": "android.support.v7.widget.AppCompatImageView",
                                                              "bounds": [
                                                                2272,
                                                                1232,
                                                                664,
                                                                616
                                                              ]
                                                            },
                                                            {
                                                              "class": "android.support.v7.widget.AppCompatTextView",
                                                              "bounds": [
                                                                2598,
                                                                1650,
                                                                501,
                                                                406
                                                              ]
                                                            }
                                                          ]
                                                        },
                                                        {
                                                          "class": "android.widget.FrameLayout",
                                                          "bounds": [
                                                            1440,
                                                            3136,
                                                            720,
                                                            2016
                                                          ],
                                                          "children": [
                                                            {
                                                              "class": "android.support.v7.widget.AppCompatImageView",
                                                              "bounds": [
                                                                1552,
                                                                1904,
                                                                664,
                                                                616
                                                              ]
                                                            },
                                                            {
                                                              "class": "android.support.v7.widget.AppCompatTextView",
                                                              "bounds": [
                                                                1552,
                                                                2234,
                                                                664,
                                                                450
                                                              ]
                                                            }
                                                          ]
                                                        },
                                                        {
                                                          "class": "android.widget.FrameLayout",
                                                          "bounds": [
                                                            2880,
                                                            3136,
                                                            1440,
                                                            2016
                                                          ],
                                                          "children": [
                                                            {
                                                              "class": "android.support.v7.widget.AppCompatImageView",
                                                              "bounds": [
                                                                2272,
                                                                1904,
                                                                664,
                                                                616
                                                              ]
                                                            },
                                                            {
                                                              "class": "android.support.v7.widget.AppCompatTextView",
                                                              "bounds": [
                                                                2452,
                                                                2322,
                                                                573,
                                                                406
                                                              ]
                                                            }
                                                          ]
                                                        }
                                                      ]
                                                    }
                                                  ]
                                                }
                                              ]
                                            },
                                            {
                                              "class": "android.widget.RelativeLayout",
                                              "bounds": [
                                                5760,
                                                448,
                                                4320,
                                                1748
                                              ],
                                              "children": [
                                                {
                                                  "class": "android.support.v7.widget.RecyclerView",
                                                  "bounds": [
                                                    2880,
                                                    448,
                                                    1440,
                                                    1748
                                                  ],
                                                  "children": [
                                                    {
                                                      "class": "com.target.socsav.view.GrowableImageView",
                                                      "bounds": [
                                                        2880,
                                                        448,
                                                        1440,
                                                        687
                                                      ]
                                                    },
                                                    {
                                                      "class": "com.target.socsav.view.GrowableImageView",
                                                      "bounds": [
                                                        2880,
                                                        1822,
                                                        720,
                                                        1407
                                                      ]
                                                    },
                                                    {
                                                      "class": "com.target.socsav.view.GrowableImageView",
                                                      "bounds": [
                                                        4320,
                                                        1822,
                                                        1440,
                                                        1407
                                                      ]
                                                    },
                                                    {
                                                      "class": "com.target.socsav.view.GrowableImageView",
                                                      "bounds": [
                                                        2880,
                                                        3262,
                                                        1440,
                                                        2094
                                                      ]
                                                    }
                                                  ]
                                                }
                                              ]
                                            }
                                          ]
                                        }
                                      ]
                                    }
                                  ]
                                }
                              ]
                            },
                            {
                              "class": "android.widget.LinearLayout",
                              "bounds": [
                                0,
                                4308,
                                1440,
                                2308
                              ],
                              "children": [
                                {
                                  "class": "com.target.socsav.view.MainTabView",
                                  "bounds": [
                                    0,
                                    2196,
                                    360,
                                    196
                                  ],
                                  "children": [
                                    {
                                      "class": "android.support.v7.widget.AppCompatImageView",
                                      "bounds": [
                                        280,
                                        2238,
                                        220,
                                        105
                                      ]
                                    },
                                    {
                                      "class": "android.support.v7.widget.AppCompatTextView",
                                      "bounds": [
                                        226,
                                        2406,
                                        247,
                                        161
                                      ]
                                    }
                                  ]
                                },
                                {
                                  "class": "com.target.socsav.view.MainTabView",
                                  "bounds": [
                                    720,
                                    2196,
                                    720,
                                    196
                                  ],
                                  "children": [
                                    {
                                      "class": "android.support.v7.widget.AppCompatImageView",
                                      "bounds": [
                                        590,
                                        2252,
                                        244,
                                        112
                                      ]
                                    },
                                    {
                                      "class": "android.support.v7.widget.AppCompatTextView",
                                      "bounds": [
                                        584,
                                        2420,
                                        248,
                                        161
                                      ]
                                    }
                                  ]
                                },
                                {
                                  "class": "com.target.socsav.view.MainTabView",
                                  "bounds": [
                                    1440,
                                    2196,
                                    1080,
                                    196
                                  ],
                                  "children": [
                                    {
                                      "class": "android.support.v7.widget.AppCompatImageView",
                                      "bounds": [
                                        964,
                                        2252,
                                        237,
                                        112
                                      ]
                                    },
                                    {
                                      "class": "android.support.v7.widget.AppCompatTextView",
                                      "bounds": [
                                        900,
                                        2420,
                                        270,
                                        161
                                      ]
                                    }
                                  ]
                                },
                                {
                                  "class": "com.target.socsav.view.MainTabView",
                                  "bounds": [
                                    2160,
                                    2196,
                                    1440,
                                    196
                                  ],
                                  "children": [
                                    {
                                      "class": "android.support.v7.widget.AppCompatImageView",
                                      "bounds": [
                                        1352,
                                        2252,
                                        223,
                                        112
                                      ]
                                    },
                                    {
                                      "class": "android.support.v7.widget.AppCompatTextView",
                                      "bounds": [
                                        1380,
                                        2420,
                                        210,
                                        161
                                      ]
                                    }
                                  ]
                                }
                              ]
                            }
                          ]
                        }
                      ]
                    }
                  ]
                }
              ]
            }
          ]
        }
      ]
    },
    {
      "class": "android.view.View",
      "bounds": [
        0,
        4784,
        1440,
        2560
      ]
    },
    {
      "class": "android.view.View",
      "bounds": [
        0,
        0,
        1440,
        84
      ]
    }
  ]
}