{
  "class": "com.android.internal.policy.PhoneWindow$DecorView",
  "bounds": [
    0,
    0,
    1440,
    2560
  ],
  "children": [
    {
      "class": "android.widget.LinearLayout",
      "bounds": [
        0,
        0,
        1440,
        2392
      ],
      "children": [
        {
          "class": "android.widget.FrameLayout",
          "bounds": [
            0,
            168,
            1440,
            2392
          ],
          "children": [
            {
              "class": "android.support.v7.widget.FitWindowsLinearLayout",
              "bounds": [
                0,
                84,
                1440,
                2308
              ],
              "children": [
                {
                  "class": "android.support.v7.widget.ContentFrameLayout",
                  "bounds": [
                    0,
                    84,
                    1440,
                    2308
                  ],
                  "children": [
                    {
                      "class": "android.widget.FrameLayout",
                      "bounds": [
                        0,
                        84,
                        1440,
                        2308
                      ],
                      "children": [
                        {
                          "class": "android.widget.RelativeLayout",
                          "bounds": [
                            0,
                            476,
                            1440,
                            2308
                          ],
                          "children": [
                            {
                              "class": "android.widget.FrameLayout",
                              "bounds": [
                                0,
                                280,
                                1440,
                                0
                              ]
                            },
                            {
                              "class": "android.support.v4.widget.DrawerLayout",
                              "bounds": [
                                0,
                                280,
                                1440,
                                2112
                              ],
                              "children": [
                                {
                                  "class": "android.widget.FrameLayout",
                                  "bounds": [
                                    0,
                                    280,
                                    1440,
                                    2112
                                  ],
                                  "children": [
                                    {
                                      "class": "android.widget.RelativeLayout",
                                      "bounds": [
                                        0,
                                        280,
                                        1440,
                                        2112
                                      ],
                                      "children": [
                                        {
                                          "class": "com.cmgdigital.news.views.CMGAdView",
                                          "bounds": [
                                            0,
                                            4154,
                                            1440,
                                            2112
                                          ],
                                          "children": [
                                            {
                                              "class": "com.google.android.gms.ads.doubleclick.PublisherAdView",
                                              "bounds": [
                                                0,
                                                2217,
                                                1440,
                                                175
                                              ],
                                              "children": [
                                                {
                                                  "class": "com.google.android.gms.ads.internal.bp",
                                                  "bounds": [
                                                    320,
                                                    2217,
                                                    1280,
                                                    175
                                                  ],
                                                  "children": [
                                                    {
                                                      "class": "com.google.android.gms.ads.internal.webview.n",
                                                      "bounds": [
                                                        160,
                                                        2217,
                                                        1120,
                                                        175
                                                      ],
                                                      "children": [
                                                        {
                                                          "class": "com.google.android.gms.ads.internal.webview.o",
                                                          "bounds": [
                                                            160,
                                                            2217,
                                                            1120,
                                                            175
                                                          ]
                                                        }
                                                      ]
                                                    }
                                                  ]
                                                }
                                              ]
                                            }
                                          ]
                                        },
                                        {
                                          "class": "android.view.View",
                                          "bounds": [
                                            0,
                                            3790,
                                            1440,
                                            1762
                                          ]
                                        },
                                        {
                                          "class": "android.widget.LinearLayout",
                                          "bounds": [
                                            0,
                                            3804,
                                            1440,
                                            1937
                                          ],
                                          "children": [
                                            {
                                              "class": "android.support.v7.widget.AppCompatButton",
                                              "bounds": [
                                                0,
                                                2042,
                                                477,
                                                175
                                              ]
                                            },
                                            {
                                              "class": "android.view.View",
                                              "bounds": [
                                                954,
                                                2042,
                                                481,
                                                175
                                              ]
                                            },
                                            {
                                              "class": "android.support.v7.widget.AppCompatButton",
                                              "bounds": [
                                                962,
                                                2042,
                                                958,
                                                175
                                              ]
                                            },
                                            {
                                              "class": "android.view.View",
                                              "bounds": [
                                                1916,
                                                2042,
                                                962,
                                                175
                                              ]
                                            },
                                            {
                                              "class": "android.support.v7.widget.AppCompatButton",
                                              "bounds": [
                                                1924,
                                                2042,
                                                1440,
                                                175
                                              ]
                                            }
                                          ]
                                        },
                                        {
                                          "class": "android.support.v4.widget.SwipeRefreshLayout",
                                          "bounds": [
                                            0,
                                            280,
                                            1440,
                                            1755
                                          ],
                                          "children": [
                                            {
                                              "class": "android.widget.ListView",
                                              "bounds": [
                                                0,
                                                280,
                                                1440,
                                                1755
                                              ],
                                              "children": [
                                                {
                                                  "class": "android.widget.RelativeLayout",
                                                  "bounds": [
                                                    0,
                                                    13,
                                                    1440,
                                                    66
                                                  ],
                                                  "children": [
                                                    {
                                                      "class": "android.widget.LinearLayout",
                                                      "bounds": [
                                                        0,
                                                        280,
                                                        1440,
                                                        333
                                                      ],
                                                      "children": [
                                                        {
                                                          "class": "android.widget.FrameLayout",
                                                          "bounds": [
                                                            0,
                                                            280,
                                                            420,
                                                            333
                                                          ],
                                                          "children": [
                                                            {
                                                              "class": "android.support.v7.widget.AppCompatImageView",
                                                              "bounds": [
                                                                70,
                                                                315,
                                                                385,
                                                                298
                                                              ]
                                                            }
                                                          ]
                                                        },
                                                        {
                                                          "class": "android.support.v7.widget.AppCompatTextView",
                                                          "bounds": [
                                                            840,
                                                            350,
                                                            1440,
                                                            263
                                                          ]
                                                        }
                                                      ]
                                                    }
                                                  ]
                                                },
                                                {
                                                  "class": "android.widget.RelativeLayout",
                                                  "bounds": [
                                                    0,
                                                    420,
                                                    1440,
                                                    403
                                                  ],
                                                  "children": [
                                                    {
                                                      "class": "android.widget.LinearLayout",
                                                      "bounds": [
                                                        0,
                                                        350,
                                                        1440,
                                                        333
                                                      ],
                                                      "children": [
                                                        {
                                                          "class": "android.widget.FrameLayout",
                                                          "bounds": [
                                                            0,
                                                            350,
                                                            420,
                                                            333
                                                          ],
                                                          "children": [
                                                            {
                                                              "class": "android.support.v7.widget.AppCompatImageView",
                                                              "bounds": [
                                                                70,
                                                                420,
                                                                385,
                                                                298
                                                              ]
                                                            }
                                                          ]
                                                        },
                                                        {
                                                          "class": "android.support.v7.widget.AppCompatTextView",
                                                          "bounds": [
                                                            840,
                                                            490,
                                                            1440,
                                                            263
                                                          ]
                                                        }
                                                      ]
                                                    }
                                                  ]
                                                },
                                                {
                                                  "class": "android.widget.RelativeLayout",
                                                  "bounds": [
                                                    0,
                                                    1094,
                                                    1440,
                                                    740
                                                  ],
                                                  "children": [
                                                    {
                                                      "class": "android.widget.LinearLayout",
                                                      "bounds": [
                                                        0,
                                                        687,
                                                        1440,
                                                        333
                                                      ],
                                                      "children": [
                                                        {
                                                          "class": "android.widget.FrameLayout",
                                                          "bounds": [
                                                            0,
                                                            687,
                                                            420,
                                                            333
                                                          ],
                                                          "children": [
                                                            {
                                                              "class": "android.support.v7.widget.AppCompatImageView",
                                                              "bounds": [
                                                                70,
                                                                757,
                                                                385,
                                                                298
                                                              ]
                                                            }
                                                          ]
                                                        },
                                                        {
                                                          "class": "android.support.v7.widget.AppCompatTextView",
                                                          "bounds": [
                                                            840,
                                                            827,
                                                            1440,
                                                            263
                                                          ]
                                                        }
                                                      ]
                                                    }
                                                  ]
                                                },
                                                {
                                                  "class": "android.widget.RelativeLayout",
                                                  "bounds": [
                                                    0,
                                                    1768,
                                                    1440,
                                                    1077
                                                  ],
                                                  "children": [
                                                    {
                                                      "class": "android.widget.LinearLayout",
                                                      "bounds": [
                                                        0,
                                                        1024,
                                                        1440,
                                                        333
                                                      ],
                                                      "children": [
                                                        {
                                                          "class": "android.widget.FrameLayout",
                                                          "bounds": [
                                                            0,
                                                            1024,
                                                            420,
                                                            333
                                                          ],
                                                          "children": [
                                                            {
                                                              "class": "android.support.v7.widget.AppCompatImageView",
                                                              "bounds": [
                                                                70,
                                                                1094,
                                                                385,
                                                                298
                                                              ]
                                                            },
                                                            {
                                                              "class": "android.support.v7.widget.AppCompatImageView",
                                                              "bounds": [
                                                                558,
                                                                1164,
                                                                367,
                                                                158
                                                              ]
                                                            }
                                                          ]
                                                        },
                                                        {
                                                          "class": "android.support.v7.widget.AppCompatTextView",
                                                          "bounds": [
                                                            840,
                                                            1236,
                                                            1440,
                                                            226
                                                          ]
                                                        }
                                                      ]
                                                    }
                                                  ]
                                                },
                                                {
                                                  "class": "android.widget.RelativeLayout",
                                                  "bounds": [
                                                    0,
                                                    2442,
                                                    1440,
                                                    1414
                                                  ],
                                                  "children": [
                                                    {
                                                      "class": "android.widget.LinearLayout",
                                                      "bounds": [
                                                        0,
                                                        1361,
                                                        1440,
                                                        333
                                                      ],
                                                      "children": [
                                                        {
                                                          "class": "android.widget.FrameLayout",
                                                          "bounds": [
                                                            0,
                                                            1361,
                                                            420,
                                                            333
                                                          ],
                                                          "children": [
                                                            {
                                                              "class": "android.support.v7.widget.AppCompatImageView",
                                                              "bounds": [
                                                                70,
                                                                1431,
                                                                385,
                                                                298
                                                              ]
                                                            }
                                                          ]
                                                        },
                                                        {
                                                          "class": "android.support.v7.widget.AppCompatTextView",
                                                          "bounds": [
                                                            840,
                                                            1501,
                                                            1440,
                                                            263
                                                          ]
                                                        }
                                                      ]
                                                    }
                                                  ]
                                                },
                                                {
                                                  "class": "android.widget.RelativeLayout",
                                                  "bounds": [
                                                    0,
                                                    3116,
                                                    1440,
                                                    1751
                                                  ],
                                                  "children": [
                                                    {
                                                      "class": "android.widget.LinearLayout",
                                                      "bounds": [
                                                        0,
                                                        1698,
                                                        1440,
                                                        333
                                                      ],
                                                      "children": [
                                                        {
                                                          "class": "android.widget.FrameLayout",
                                                          "bounds": [
                                                            0,
                                                            1698,
                                                            420,
                                                            333
                                                          ],
                                                          "children": [
                                                            {
                                                              "class": "android.support.v7.widget.AppCompatImageView",
                                                              "bounds": [
                                                                70,
                                                                1768,
                                                                385,
                                                                298
                                                              ]
                                                            }
                                                          ]
                                                        },
                                                        {
                                                          "class": "android.support.v7.widget.AppCompatTextView",
                                                          "bounds": [
                                                            840,
                                                            1764,
                                                            1440,
                                                            299
                                                          ]
                                                        }
                                                      ]
                                                    }
                                                  ]
                                                }
                                              ]
                                            }
                                          ]
                                        }
                                      ]
                                    }
                                  ]
                                },
                                {
                                  "class": "android.widget.LinearLayout",
                                  "bounds": [
                                    0,
                                    280,
                                    1120,
                                    2112
                                  ],
                                  "children": [
                                    {
                                      "class": "android.widget.ListView",
                                      "bounds": [
                                        0,
                                        280,
                                        1120,
                                        2112
                                      ],
                                      "children": [
                                        {
                                          "class": "android.widget.LinearLayout",
                                          "bounds": [
                                            0,
                                            280,
                                            1120,
                                            168
                                          ],
                                          "children": [
                                            {
                                              "class": "android.support.v7.widget.AppCompatTextView",
                                              "bounds": [
                                                112,
                                                280,
                                                1120,
                                                168
                                              ]
                                            },
                                            {
                                              "class": "android.widget.TableLayout",
                                              "bounds": [
                                                210,
                                                616,
                                                1120,
                                                168
                                              ]
                                            }
                                          ]
                                        },
                                        {
                                          "class": "android.widget.LinearLayout",
                                          "bounds": [
                                            0,
                                            638,
                                            1120,
                                            1607
                                          ],
                                          "children": [
                                            {
                                              "class": "android.support.v7.widget.AppCompatTextView",
                                              "bounds": [
                                                112,
                                                459,
                                                1120,
                                                168
                                              ]
                                            },
                                            {
                                              "class": "android.widget.TableLayout",
                                              "bounds": [
                                                210,
                                                795,
                                                1120,
                                                1428
                                              ],
                                              "children": [
                                                {
                                                  "class": "android.widget.TableRow",
                                                  "bounds": [
                                                    105,
                                                    627,
                                                    1015,
                                                    126
                                                  ],
                                                  "children": [
                                                    {
                                                      "class": "android.support.v7.widget.AppCompatTextView",
                                                      "bounds": [
                                                        105,
                                                        627,
                                                        1015,
                                                        126
                                                      ]
                                                    }
                                                  ]
                                                },
                                                {
                                                  "class": "android.widget.TableRow",
                                                  "bounds": [
                                                    105,
                                                    879,
                                                    1015,
                                                    252
                                                  ],
                                                  "children": [
                                                    {
                                                      "class": "android.support.v7.widget.AppCompatTextView",
                                                      "bounds": [
                                                        105,
                                                        753,
                                                        1015,
                                                        126
                                                      ]
                                                    }
                                                  ]
                                                },
                                                {
                                                  "class": "android.widget.TableRow",
                                                  "bounds": [
                                                    105,
                                                    1131,
                                                    1015,
                                                    378
                                                  ],
                                                  "children": [
                                                    {
                                                      "class": "android.support.v7.widget.AppCompatTextView",
                                                      "bounds": [
                                                        105,
                                                        879,
                                                        1015,
                                                        126
                                                      ]
                                                    }
                                                  ]
                                                },
                                                {
                                                  "class": "android.widget.TableRow",
                                                  "bounds": [
                                                    105,
                                                    1383,
                                                    1015,
                                                    504
                                                  ],
                                                  "children": [
                                                    {
                                                      "class": "android.support.v7.widget.AppCompatTextView",
                                                      "bounds": [
                                                        105,
                                                        1005,
                                                        1015,
                                                        126
                                                      ]
                                                    }
                                                  ]
                                                },
                                                {
                                                  "class": "android.widget.TableRow",
                                                  "bounds": [
                                                    105,
                                                    1635,
                                                    1015,
                                                    630
                                                  ],
                                                  "children": [
                                                    {
                                                      "class": "android.support.v7.widget.AppCompatTextView",
                                                      "bounds": [
                                                        105,
                                                        1131,
                                                        1015,
                                                        126
                                                      ]
                                                    }
                                                  ]
                                                },
                                                {
                                                  "class": "android.widget.TableRow",
                                                  "bounds": [
                                                    105,
                                                    1887,
                                                    1015,
                                                    756
                                                  ],
                                                  "children": [
                                                    {
                                                      "class": "android.support.v7.widget.AppCompatTextView",
                                                      "bounds": [
                                                        105,
                                                        1257,
                                                        1015,
                                                        126
                                                      ]
                                                    }
                                                  ]
                                                },
                                                {
                                                  "class": "android.widget.TableRow",
                                                  "bounds": [
                                                    105,
                                                    2139,
                                                    1015,
                                                    882
                                                  ],
                                                  "children": [
                                                    {
                                                      "class": "android.support.v7.widget.AppCompatTextView",
                                                      "bounds": [
                                                        105,
                                                        1383,
                                                        1015,
                                                        126
                                                      ]
                                                    }
                                                  ]
                                                },
                                                {
                                                  "class": "android.widget.TableRow",
                                                  "bounds": [
                                                    105,
                                                    2391,
                                                    1015,
                                                    1008
                                                  ],
                                                  "children": [
                                                    {
                                                      "class": "android.support.v7.widget.AppCompatTextView",
                                                      "bounds": [
                                                        105,
                                                        1509,
                                                        1015,
                                                        126
                                                      ]
                                                    }
                                                  ]
                                                },
                                                {
                                                  "class": "android.widget.TableRow",
                                                  "bounds": [
                                                    105,
                                                    2643,
                                                    1015,
                                                    1134
                                                  ],
                                                  "children": [
                                                    {
                                                      "class": "android.support.v7.widget.AppCompatTextView",
                                                      "bounds": [
                                                        105,
                                                        1635,
                                                        1015,
                                                        126
                                                      ]
                                                    }
                                                  ]
                                                },
                                                {
                                                  "class": "android.widget.TableRow",
                                                  "bounds": [
                                                    105,
                                                    2895,
                                                    1015,
                                                    1260
                                                  ],
                                                  "children": [
                                                    {
                                                      "class": "android.support.v7.widget.AppCompatTextView",
                                                      "bounds": [
                                                        105,
                                                        1761,
                                                        1015,
                                                        126
                                                      ]
                                                    }
                                                  ]
                                                }
                                              ]
                                            }
                                          ]
                                        },
                                        {
                                          "class": "android.widget.LinearLayout",
                                          "bounds": [
                                            0,
                                            3516,
                                            1120,
                                            2542
                                          ],
                                          "children": [
                                            {
                                              "class": "android.support.v7.widget.AppCompatTextView",
                                              "bounds": [
                                                112,
                                                1898,
                                                1120,
                                                168
                                              ]
                                            },
                                            {
                                              "class": "android.widget.TableLayout",
                                              "bounds": [
                                                210,
                                                2234,
                                                1120,
                                                924
                                              ],
                                              "children": [
                                                {
                                                  "class": "android.widget.TableRow",
                                                  "bounds": [
                                                    105,
                                                    2066,
                                                    1015,
                                                    126
                                                  ],
                                                  "children": [
                                                    {
                                                      "class": "android.support.v7.widget.AppCompatTextView",
                                                      "bounds": [
                                                        105,
                                                        2066,
                                                        1015,
                                                        126
                                                      ]
                                                    }
                                                  ]
                                                },
                                                {
                                                  "class": "android.widget.TableRow",
                                                  "bounds": [
                                                    105,
                                                    2318,
                                                    1015,
                                                    252
                                                  ],
                                                  "children": [
                                                    {
                                                      "class": "android.support.v7.widget.AppCompatTextView",
                                                      "bounds": [
                                                        105,
                                                        2192,
                                                        1015,
                                                        126
                                                      ]
                                                    }
                                                  ]
                                                },
                                                {
                                                  "class": "android.widget.TableRow",
                                                  "bounds": [
                                                    105,
                                                    2570,
                                                    1015,
                                                    378
                                                  ],
                                                  "children": [
                                                    {
                                                      "class": "android.support.v7.widget.AppCompatTextView",
                                                      "bounds": [
                                                        105,
                                                        2318,
                                                        1015,
                                                        126
                                                      ]
                                                    }
                                                  ]
                                                },
                                                {
                                                  "class": "android.widget.TableRow",
                                                  "bounds": [
                                                    105,
                                                    2822,
                                                    1015,
                                                    504
                                                  ],
                                                  "children": [
                                                    {
                                                      "class": "android.support.v7.widget.AppCompatTextView",
                                                      "bounds": [
                                                        105,
                                                        2444,
                                                        1015,
                                                        126
                                                      ]
                                                    }
                                                  ]
                                                },
                                                {
                                                  "class": "android.widget.TableRow",
                                                  "bounds": [
                                                    105,
                                                    3074,
                                                    1015,
                                                    630
                                                  ],
                                                  "children": [
                                                    {
                                                      "class": "android.support.v7.widget.AppCompatTextView",
                                                      "bounds": [
                                                        105,
                                                        2570,
                                                        1015,
                                                        126
                                                      ]
                                                    }
                                                  ]
                                                },
                                                {
                                                  "class": "android.widget.TableRow",
                                                  "bounds": [
                                                    105,
                                                    3326,
                                                    1015,
                                                    756
                                                  ],
                                                  "children": [
                                                    {
                                                      "class": "android.support.v7.widget.AppCompatTextView",
                                                      "bounds": [
                                                        105,
                                                        2696,
                                                        1015,
                                                        126
                                                      ]
                                                    }
                                                  ]
                                                }
                                              ]
                                            }
                                          ]
                                        }
                                      ]
                                    }
                                  ]
                                }
                              ]
                            },
                            {
                              "class": "android.widget.FrameLayout",
                              "bounds": [
                                0,
                                280,
                                1440,
                                0
                              ]
                            }
                          ]
                        },
                        {
                          "class": "android.support.v7.widget.Toolbar",
                          "bounds": [
                            0,
                            84,
                            1440,
                            196
                          ],
                          "children": [
                            {
                              "class": "android.widget.ImageButton",
                              "bounds": [
                                0,
                                84,
                                196,
                                196
                              ]
                            },
                            {
                              "class": "android.widget.RelativeLayout",
                              "bounds": [
                                392,
                                156,
                                1440,
                                159
                              ],
                              "children": [
                                {
                                  "class": "android.support.v7.widget.AppCompatImageView",
                                  "bounds": [
                                    2192,
                                    120,
                                    1191,
                                    123
                                  ]
                                },
                                {
                                  "class": "android.support.v7.widget.AppCompatImageView",
                                  "bounds": [
                                    1954,
                                    156,
                                    963,
                                    102
                                  ]
                                },
                                {
                                  "class": "android.support.v7.widget.AppCompatImageView",
                                  "bounds": [
                                    1414,
                                    156,
                                    693,
                                    102
                                  ]
                                },
                                {
                                  "class": "android.support.v7.widget.AppCompatTextView",
                                  "bounds": [
                                    1618,
                                    120,
                                    826,
                                    102
                                  ]
                                },
                                {
                                  "class": "android.support.v7.widget.AppCompatTextView",
                                  "bounds": [
                                    546,
                                    158,
                                    1069,
                                    104
                                  ]
                                }
                              ]
                            },
                            {
                              "class": "android.support.v7.widget.ActionMenuView",
                              "bounds": [
                                2880,
                                84,
                                1440,
                                196
                              ]
                            },
                            {
                              "class": "android.widget.RelativeLayout",
                              "bounds": [
                                2880,
                                156,
                                1440,
                                159
                              ],
                              "children": [
                                {
                                  "class": "android.support.v7.widget.AppCompatImageView",
                                  "bounds": [
                                    1194,
                                    120,
                                    -53,
                                    123
                                  ]
                                },
                                {
                                  "class": "android.support.v7.widget.AppCompatImageView",
                                  "bounds": [
                                    1075,
                                    156,
                                    -281,
                                    102
                                  ]
                                },
                                {
                                  "class": "android.support.v7.widget.AppCompatImageView",
                                  "bounds": [
                                    920,
                                    156,
                                    -436,
                                    102
                                  ]
                                },
                                {
                                  "class": "android.support.v7.widget.AppCompatTextView",
                                  "bounds": [
                                    1022,
                                    120,
                                    -418,
                                    102
                                  ]
                                },
                                {
                                  "class": "android.support.v7.widget.AppCompatTextView",
                                  "bounds": [
                                    1790,
                                    158,
                                    175,
                                    104
                                  ]
                                }
                              ]
                            }
                          ]
                        },
                        {
                          "class": "android.widget.LinearLayout",
                          "bounds": [
                            386,
                            84,
                            421,
                            228
                          ],
                          "children": [
                            {
                              "class": "android.support.v7.widget.AppCompatImageView",
                              "bounds": [
                                193,
                                238,
                                88,
                                147
                              ]
                            }
                          ]
                        },
                        {
                          "class": "android.support.v7.widget.AppCompatImageView",
                          "bounds": [
                            350,
                            78,
                            595,
                            204
                          ]
                        }
                      ]
                    }
                  ]
                }
              ]
            }
          ]
        }
      ]
    },
    {
      "class": "android.view.View",
      "bounds": [
        0,
        4784,
        1440,
        2560
      ]
    },
    {
      "class": "android.view.View",
      "bounds": [
        0,
        0,
        1440,
        84
      ]
    }
  ]
}