{
  "class": "com.android.internal.policy.PhoneWindow$DecorView",
  "bounds": [
    0,
    0,
    1440,
    2560
  ],
  "children": [
    {
      "class": "android.widget.LinearLayout",
      "bounds": [
        0,
        0,
        1440,
        2392
      ],
      "children": [
        {
          "class": "android.widget.FrameLayout",
          "bounds": [
            0,
            168,
            1440,
            2392
          ],
          "children": [
            {
              "class": "android.support.v7.widget.FitWindowsLinearLayout",
              "bounds": [
                0,
                84,
                1440,
                2308
              ],
              "children": [
                {
                  "class": "android.support.v7.widget.ContentFrameLayout",
                  "bounds": [
                    0,
                    84,
                    1440,
                    2308
                  ],
                  "children": [
                    {
                      "class": "android.widget.LinearLayout",
                      "bounds": [
                        0,
                        84,
                        1440,
                        2308
                      ],
                      "children": [
                        {
                          "class": "android.widget.RelativeLayout",
                          "bounds": [
                            0,
                            84,
                            1440,
                            468
                          ],
                          "children": [
                            {
                              "class": "com.booking.ui.TextIconView",
                              "bounds": [
                                0,
                                84,
                                219,
                                217
                              ]
                            },
                            {
                              "class": "android.support.v7.widget.AppCompatImageView",
                              "bounds": [
                                786,
                                690,
                                1047,
                                412
                              ]
                            }
                          ]
                        },
                        {
                          "class": "android.widget.LinearLayout",
                          "bounds": [
                            416,
                            1020,
                            1231,
                            1382
                          ],
                          "children": [
                            {
                              "class": "android.widget.LinearLayout",
                              "bounds": [
                                208,
                                750,
                                1023,
                                257
                              ],
                              "children": [
                                {
                                  "class": "android.support.v7.widget.AppCompatImageView",
                                  "bounds": [
                                    208,
                                    651,
                                    158,
                                    158
                                  ]
                                },
                                {
                                  "class": "android.support.v7.widget.AppCompatTextView",
                                  "bounds": [
                                    636,
                                    743,
                                    1023,
                                    112
                                  ]
                                }
                              ]
                            },
                            {
                              "class": "android.widget.LinearLayout",
                              "bounds": [
                                208,
                                1066,
                                1023,
                                415
                              ],
                              "children": [
                                {
                                  "class": "android.support.v7.widget.AppCompatImageView",
                                  "bounds": [
                                    208,
                                    809,
                                    158,
                                    158
                                  ]
                                },
                                {
                                  "class": "android.support.v7.widget.AppCompatTextView",
                                  "bounds": [
                                    636,
                                    901,
                                    803,
                                    112
                                  ]
                                }
                              ]
                            },
                            {
                              "class": "android.widget.LinearLayout",
                              "bounds": [
                                208,
                                1466,
                                1023,
                                615
                              ],
                              "children": [
                                {
                                  "class": "android.support.v7.widget.AppCompatImageView",
                                  "bounds": [
                                    208,
                                    1009,
                                    158,
                                    158
                                  ]
                                },
                                {
                                  "class": "android.support.v7.widget.AppCompatTextView",
                                  "bounds": [
                                    636,
                                    1101,
                                    798,
                                    112
                                  ]
                                }
                              ]
                            },
                            {
                              "class": "android.widget.LinearLayout",
                              "bounds": [
                                208,
                                1866,
                                1023,
                                815
                              ],
                              "children": [
                                {
                                  "class": "android.support.v7.widget.AppCompatImageView",
                                  "bounds": [
                                    208,
                                    1209,
                                    158,
                                    158
                                  ]
                                },
                                {
                                  "class": "android.support.v7.widget.AppCompatTextView",
                                  "bounds": [
                                    636,
                                    1301,
                                    886,
                                    112
                                  ]
                                }
                              ]
                            }
                          ]
                        },
                        {
                          "class": "android.widget.LinearLayout",
                          "bounds": [
                            0,
                            2848,
                            1440,
                            2284
                          ],
                          "children": [
                            {
                              "class": "android.support.v7.widget.AppCompatTextView",
                              "bounds": [
                                776,
                                1834,
                                1052,
                                260
                              ]
                            },
                            {
                              "class": "android.support.v7.widget.AppCompatTextView",
                              "bounds": [
                                350,
                                2098,
                                1265,
                                462
                              ]
                            },
                            {
                              "class": "android.widget.LinearLayout",
                              "bounds": [
                                0,
                                2446,
                                1440,
                                566
                              ],
                              "children": [
                                {
                                  "class": "android.support.v7.widget.AppCompatTextView",
                                  "bounds": [
                                    1388,
                                    1956,
                                    745,
                                    76
                                  ]
                                }
                              ]
                            },
                            {
                              "class": "android.support.v7.widget.AppCompatButton",
                              "bounds": [
                                112,
                                2654,
                                1384,
                                752
                              ]
                            }
                          ]
                        }
                      ]
                    }
                  ]
                }
              ]
            }
          ]
        }
      ]
    },
    {
      "class": "android.view.View",
      "bounds": [
        0,
        4784,
        1440,
        2560
      ]
    },
    {
      "class": "android.view.View",
      "bounds": [
        0,
        0,
        1440,
        84
      ]
    }
  ]
}