{
  "class": "com.android.internal.policy.PhoneWindow$DecorView",
  "bounds": [
    0,
    0,
    1440,
    2392
  ],
  "children": [
    {
      "class": "android.widget.LinearLayout",
      "bounds": [
        0,
        0,
        1440,
        2392
      ],
      "children": [
        {
          "class": "android.widget.FrameLayout",
          "bounds": [
            0,
            168,
            1440,
            2392
          ],
          "children": [
            {
              "class": "android.widget.RelativeLayout",
              "bounds": [
                0,
                84,
                1440,
                2308
              ],
              "children": [
                {
                  "class": "android.widget.FrameLayout",
                  "bounds": [
                    0,
                    4280,
                    1440,
                    2308
                  ],
                  "children": [
                    {
                      "class": "android.widget.RelativeLayout",
                      "bounds": [
                        0,
                        2182,
                        1440,
                        210
                      ],
                      "children": [
                        {
                          "class": "android.widget.LinearLayout",
                          "bounds": [
                            0,
                            2182,
                            1440,
                            210
                          ],
                          "children": [
                            {
                              "class": "android.widget.LinearLayout",
                              "bounds": [
                                0,
                                2182,
                                288,
                                210
                              ],
                              "children": [
                                {
                                  "class": "android.widget.RelativeLayout",
                                  "bounds": [
                                    0,
                                    2208,
                                    288,
                                    139
                                  ],
                                  "children": [
                                    {
                                      "class": "android.widget.ImageView",
                                      "bounds": [
                                        162,
                                        2195,
                                        207,
                                        126
                                      ]
                                    }
                                  ]
                                },
                                {
                                  "class": "android.widget.TextView",
                                  "bounds": [
                                    118,
                                    2460,
                                    228,
                                    196
                                  ]
                                }
                              ]
                            },
                            {
                              "class": "android.widget.LinearLayout",
                              "bounds": [
                                576,
                                2182,
                                576,
                                210
                              ],
                              "children": [
                                {
                                  "class": "android.widget.RelativeLayout",
                                  "bounds": [
                                    288,
                                    2208,
                                    288,
                                    139
                                  ],
                                  "children": [
                                    {
                                      "class": "android.widget.ImageView",
                                      "bounds": [
                                        450,
                                        2195,
                                        207,
                                        126
                                      ]
                                    },
                                    {
                                      "class": "android.widget.Button",
                                      "bounds": [
                                        722,
                                        2209,
                                        270,
                                        60
                                      ]
                                    }
                                  ]
                                },
                                {
                                  "class": "android.widget.TextView",
                                  "bounds": [
                                    382,
                                    2460,
                                    241,
                                    196
                                  ]
                                }
                              ]
                            },
                            {
                              "class": "android.widget.LinearLayout",
                              "bounds": [
                                1152,
                                2182,
                                864,
                                210
                              ],
                              "children": [
                                {
                                  "class": "android.widget.RelativeLayout",
                                  "bounds": [
                                    576,
                                    2200,
                                    288,
                                    135
                                  ],
                                  "children": [
                                    {
                                      "class": "android.widget.ImageView",
                                      "bounds": [
                                        738,
                                        2191,
                                        207,
                                        126
                                      ]
                                    }
                                  ]
                                },
                                {
                                  "class": "android.widget.TextView",
                                  "bounds": [
                                    782,
                                    2452,
                                    184,
                                    201
                                  ]
                                }
                              ]
                            },
                            {
                              "class": "android.widget.LinearLayout",
                              "bounds": [
                                1728,
                                2182,
                                1152,
                                210
                              ],
                              "children": [
                                {
                                  "class": "android.widget.RelativeLayout",
                                  "bounds": [
                                    864,
                                    2208,
                                    288,
                                    139
                                  ],
                                  "children": [
                                    {
                                      "class": "android.widget.ImageView",
                                      "bounds": [
                                        1026,
                                        2195,
                                        207,
                                        126
                                      ]
                                    }
                                  ]
                                },
                                {
                                  "class": "android.widget.TextView",
                                  "bounds": [
                                    996,
                                    2460,
                                    221,
                                    196
                                  ]
                                }
                              ]
                            },
                            {
                              "class": "android.widget.LinearLayout",
                              "bounds": [
                                2304,
                                2182,
                                1440,
                                210
                              ],
                              "children": [
                                {
                                  "class": "android.widget.RelativeLayout",
                                  "bounds": [
                                    1152,
                                    2208,
                                    288,
                                    139
                                  ],
                                  "children": [
                                    {
                                      "class": "android.widget.ImageView",
                                      "bounds": [
                                        1314,
                                        2195,
                                        207,
                                        126
                                      ]
                                    }
                                  ]
                                },
                                {
                                  "class": "android.widget.TextView",
                                  "bounds": [
                                    1342,
                                    2460,
                                    192,
                                    196
                                  ]
                                }
                              ]
                            }
                          ]
                        }
                      ]
                    }
                  ]
                },
                {
                  "class": "android.widget.LinearLayout",
                  "bounds": [
                    0,
                    84,
                    1440,
                    2098
                  ],
                  "children": [
                    {
                      "class": "android.widget.LinearLayout",
                      "bounds": [
                        0,
                        84,
                        1440,
                        2098
                      ],
                      "children": [
                        {
                          "class": "android.widget.LinearLayout",
                          "bounds": [
                            0,
                            84,
                            1440,
                            2098
                          ],
                          "children": [
                            {
                              "class": "android.widget.RelativeLayout",
                              "bounds": [
                                0,
                                84,
                                1440,
                                175
                              ],
                              "children": [
                                {
                                  "class": "android.widget.LinearLayout",
                                  "bounds": [
                                    2140,
                                    84,
                                    1440,
                                    175
                                  ],
                                  "children": [
                                    {
                                      "class": "android.widget.ImageView",
                                      "bounds": [
                                        1106,
                                        140,
                                        176,
                                        147
                                      ]
                                    },
                                    {
                                      "class": "android.widget.ImageView",
                                      "bounds": [
                                        1458,
                                        140,
                                        352,
                                        147
                                      ]
                                    }
                                  ]
                                },
                                {
                                  "class": "android.widget.TextView",
                                  "bounds": [
                                    0,
                                    174,
                                    1070,
                                    130
                                  ]
                                }
                              ]
                            },
                            {
                              "class": "android.widget.RelativeLayout",
                              "bounds": [
                                0,
                                434,
                                1440,
                                2098
                              ],
                              "children": [
                                {
                                  "class": "me.dingtone.app.im.view.ad.AdBannerView",
                                  "bounds": [
                                    0,
                                    4105,
                                    1440,
                                    1923
                                  ],
                                  "children": [
                                    {
                                      "class": "android.widget.RelativeLayout",
                                      "bounds": [
                                        0,
                                        2182,
                                        1440,
                                        0
                                      ],
                                      "children": [
                                        {
                                          "class": "me.dingtone.app.im.view.InterceptTouchEventFrameLayout",
                                          "bounds": [
                                            0,
                                            2182,
                                            1440,
                                            0
                                          ]
                                        }
                                      ]
                                    }
                                  ]
                                },
                                {
                                  "class": "me.dingtone.app.im.view.drag.DragTopLayout",
                                  "bounds": [
                                    0,
                                    259,
                                    1440,
                                    1923
                                  ],
                                  "children": [
                                    {
                                      "class": "android.widget.RelativeLayout",
                                      "bounds": [
                                        0,
                                        101,
                                        1440,
                                        0
                                      ],
                                      "children": [
                                        {
                                          "class": "android.widget.RelativeLayout",
                                          "bounds": [
                                            70,
                                            277,
                                            1405,
                                            140
                                          ],
                                          "children": [
                                            {
                                              "class": "android.widget.ImageView",
                                              "bounds": [
                                                105,
                                                293,
                                                88,
                                                87
                                              ]
                                            },
                                            {
                                              "class": "android.widget.EditText",
                                              "bounds": [
                                                211,
                                                259,
                                                1370,
                                                122
                                              ]
                                            }
                                          ]
                                        }
                                      ]
                                    },
                                    {
                                      "class": "android.widget.ListView",
                                      "bounds": [
                                        0,
                                        259,
                                        1440,
                                        1923
                                      ],
                                      "children": [
                                        {
                                          "class": "android.widget.LinearLayout",
                                          "bounds": [
                                            0,
                                            259,
                                            1440,
                                            216
                                          ],
                                          "children": [
                                            {
                                              "class": "android.widget.LinearLayout",
                                              "bounds": [
                                                0,
                                                259,
                                                1440,
                                                214
                                              ],
                                              "children": [
                                                {
                                                  "class": "android.widget.RelativeLayout",
                                                  "bounds": [
                                                    70,
                                                    329,
                                                    1405,
                                                    179
                                                  ],
                                                  "children": [
                                                    {
                                                      "class": "android.widget.RelativeLayout",
                                                      "bounds": [
                                                        35,
                                                        298,
                                                        175,
                                                        142
                                                      ],
                                                      "children": [
                                                        {
                                                          "class": "android.widget.ImageView",
                                                          "bounds": [
                                                            35,
                                                            296,
                                                            140,
                                                            140
                                                          ]
                                                        }
                                                      ]
                                                    },
                                                    {
                                                      "class": "android.widget.LinearLayout",
                                                      "bounds": [
                                                        385,
                                                        294,
                                                        1370,
                                                        144
                                                      ],
                                                      "children": [
                                                        {
                                                          "class": "android.widget.RelativeLayout",
                                                          "bounds": [
                                                            210,
                                                            294,
                                                            1195,
                                                            73
                                                          ],
                                                          "children": [
                                                            {
                                                              "class": "android.widget.LinearLayout",
                                                              "bounds": [
                                                                2052,
                                                                294,
                                                                1195,
                                                                57
                                                              ],
                                                              "children": [
                                                                {
                                                                  "class": "android.widget.TextView",
                                                                  "bounds": [
                                                                    1131,
                                                                    294,
                                                                    274,
                                                                    57
                                                                  ]
                                                                }
                                                              ]
                                                            },
                                                            {
                                                              "class": "android.widget.LinearLayout",
                                                              "bounds": [
                                                                210,
                                                                294,
                                                                903,
                                                                73
                                                              ],
                                                              "children": [
                                                                {
                                                                  "class": "android.widget.TextView",
                                                                  "bounds": [
                                                                    210,
                                                                    291,
                                                                    450,
                                                                    73
                                                                  ]
                                                                }
                                                              ]
                                                            }
                                                          ]
                                                        },
                                                        {
                                                          "class": "android.widget.RelativeLayout",
                                                          "bounds": [
                                                            210,
                                                            440,
                                                            1195,
                                                            144
                                                          ],
                                                          "children": [
                                                            {
                                                              "class": "android.widget.TextView",
                                                              "bounds": [
                                                                210,
                                                                367,
                                                                1195,
                                                                71
                                                              ]
                                                            }
                                                          ]
                                                        }
                                                      ]
                                                    }
                                                  ]
                                                }
                                              ]
                                            },
                                            {
                                              "class": "android.widget.LinearLayout",
                                              "bounds": [
                                                0,
                                                687,
                                                1440,
                                                216
                                              ],
                                              "children": [
                                                {
                                                  "class": "android.view.View",
                                                  "bounds": [
                                                    420,
                                                    473,
                                                    1440,
                                                    2
                                                  ]
                                                }
                                              ]
                                            }
                                          ]
                                        },
                                        {
                                          "class": "android.widget.LinearLayout",
                                          "bounds": [
                                            0,
                                            691,
                                            1440,
                                            216
                                          ],
                                          "children": [
                                            {
                                              "class": "me.dingtone.app.im.view.ad.MsgList4thAdBannerView",
                                              "bounds": [
                                                0,
                                                475,
                                                1440,
                                                0
                                              ],
                                              "children": [
                                                {
                                                  "class": "android.widget.RelativeLayout",
                                                  "bounds": [
                                                    0,
                                                    475,
                                                    1440,
                                                    0
                                                  ],
                                                  "children": [
                                                    {
                                                      "class": "me.dingtone.app.im.view.InterceptTouchEventFrameLayout",
                                                      "bounds": [
                                                        0,
                                                        475,
                                                        1440,
                                                        0
                                                      ]
                                                    }
                                                  ]
                                                }
                                              ]
                                            },
                                            {
                                              "class": "android.widget.LinearLayout",
                                              "bounds": [
                                                0,
                                                475,
                                                1440,
                                                0
                                              ],
                                              "children": []
                                            }
                                          ]
                                        },
                                        {
                                          "class": "android.widget.LinearLayout",
                                          "bounds": [
                                            0,
                                            691,
                                            1440,
                                            494
                                          ],
                                          "children": [
                                            {
                                              "class": "android.widget.LinearLayout",
                                              "bounds": [
                                                0,
                                                475,
                                                1440,
                                                276
                                              ],
                                              "children": [
                                                {
                                                  "class": "android.widget.RelativeLayout",
                                                  "bounds": [
                                                    70,
                                                    545,
                                                    1405,
                                                    241
                                                  ],
                                                  "children": [
                                                    {
                                                      "class": "android.widget.RelativeLayout",
                                                      "bounds": [
                                                        35,
                                                        576,
                                                        175,
                                                        173
                                                      ],
                                                      "children": [
                                                        {
                                                          "class": "android.widget.ImageView",
                                                          "bounds": [
                                                            35,
                                                            543,
                                                            140,
                                                            140
                                                          ]
                                                        }
                                                      ]
                                                    },
                                                    {
                                                      "class": "android.widget.LinearLayout",
                                                      "bounds": [
                                                        385,
                                                        510,
                                                        1370,
                                                        206
                                                      ],
                                                      "children": [
                                                        {
                                                          "class": "android.widget.RelativeLayout",
                                                          "bounds": [
                                                            210,
                                                            510,
                                                            1195,
                                                            73
                                                          ],
                                                          "children": [
                                                            {
                                                              "class": "android.widget.LinearLayout",
                                                              "bounds": [
                                                                2112,
                                                                510,
                                                                1195,
                                                                57
                                                              ],
                                                              "children": [
                                                                {
                                                                  "class": "android.widget.TextView",
                                                                  "bounds": [
                                                                    1161,
                                                                    510,
                                                                    244,
                                                                    57
                                                                  ]
                                                                }
                                                              ]
                                                            },
                                                            {
                                                              "class": "android.widget.LinearLayout",
                                                              "bounds": [
                                                                210,
                                                                510,
                                                                933,
                                                                73
                                                              ],
                                                              "children": [
                                                                {
                                                                  "class": "android.widget.TextView",
                                                                  "bounds": [
                                                                    210,
                                                                    507,
                                                                    376,
                                                                    73
                                                                  ]
                                                                }
                                                              ]
                                                            }
                                                          ]
                                                        },
                                                        {
                                                          "class": "android.widget.RelativeLayout",
                                                          "bounds": [
                                                            210,
                                                            656,
                                                            1195,
                                                            206
                                                          ],
                                                          "children": [
                                                            {
                                                              "class": "android.widget.TextView",
                                                              "bounds": [
                                                                210,
                                                                583,
                                                                1195,
                                                                133
                                                              ]
                                                            }
                                                          ]
                                                        }
                                                      ]
                                                    }
                                                  ]
                                                }
                                              ]
                                            },
                                            {
                                              "class": "android.widget.LinearLayout",
                                              "bounds": [
                                                0,
                                                1027,
                                                1440,
                                                278
                                              ],
                                              "children": [
                                                {
                                                  "class": "android.view.View",
                                                  "bounds": [
                                                    420,
                                                    751,
                                                    1440,
                                                    2
                                                  ]
                                                }
                                              ]
                                            }
                                          ]
                                        },
                                        {
                                          "class": "android.widget.LinearLayout",
                                          "bounds": [
                                            0,
                                            1247,
                                            1440,
                                            772
                                          ],
                                          "children": [
                                            {
                                              "class": "android.widget.LinearLayout",
                                              "bounds": [
                                                0,
                                                753,
                                                1440,
                                                276
                                              ],
                                              "children": [
                                                {
                                                  "class": "android.widget.RelativeLayout",
                                                  "bounds": [
                                                    70,
                                                    823,
                                                    1405,
                                                    241
                                                  ],
                                                  "children": [
                                                    {
                                                      "class": "android.widget.RelativeLayout",
                                                      "bounds": [
                                                        35,
                                                        854,
                                                        175,
                                                        173
                                                      ],
                                                      "children": [
                                                        {
                                                          "class": "android.widget.ImageView",
                                                          "bounds": [
                                                            35,
                                                            821,
                                                            140,
                                                            140
                                                          ]
                                                        }
                                                      ]
                                                    },
                                                    {
                                                      "class": "android.widget.LinearLayout",
                                                      "bounds": [
                                                        385,
                                                        788,
                                                        1370,
                                                        206
                                                      ],
                                                      "children": [
                                                        {
                                                          "class": "android.widget.RelativeLayout",
                                                          "bounds": [
                                                            210,
                                                            788,
                                                            1195,
                                                            73
                                                          ],
                                                          "children": [
                                                            {
                                                              "class": "android.widget.LinearLayout",
                                                              "bounds": [
                                                                2112,
                                                                788,
                                                                1195,
                                                                57
                                                              ],
                                                              "children": [
                                                                {
                                                                  "class": "android.widget.TextView",
                                                                  "bounds": [
                                                                    1161,
                                                                    788,
                                                                    244,
                                                                    57
                                                                  ]
                                                                }
                                                              ]
                                                            },
                                                            {
                                                              "class": "android.widget.LinearLayout",
                                                              "bounds": [
                                                                210,
                                                                788,
                                                                933,
                                                                73
                                                              ],
                                                              "children": [
                                                                {
                                                                  "class": "android.widget.TextView",
                                                                  "bounds": [
                                                                    210,
                                                                    785,
                                                                    776,
                                                                    73
                                                                  ]
                                                                }
                                                              ]
                                                            }
                                                          ]
                                                        },
                                                        {
                                                          "class": "android.widget.RelativeLayout",
                                                          "bounds": [
                                                            210,
                                                            934,
                                                            1195,
                                                            206
                                                          ],
                                                          "children": [
                                                            {
                                                              "class": "android.widget.TextView",
                                                              "bounds": [
                                                                210,
                                                                861,
                                                                1195,
                                                                133
                                                              ]
                                                            }
                                                          ]
                                                        }
                                                      ]
                                                    }
                                                  ]
                                                }
                                              ]
                                            },
                                            {
                                              "class": "android.widget.LinearLayout",
                                              "bounds": [
                                                0,
                                                1305,
                                                1440,
                                                278
                                              ],
                                              "children": [
                                                {
                                                  "class": "android.view.View",
                                                  "bounds": [
                                                    420,
                                                    1029,
                                                    1440,
                                                    2
                                                  ]
                                                }
                                              ]
                                            }
                                          ]
                                        }
                                      ]
                                    }
                                  ]
                                }
                              ]
                            }
                          ]
                        }
                      ]
                    }
                  ]
                }
              ]
            }
          ]
        }
      ]
    }
  ]
}