{
  "class": "com.android.internal.policy.PhoneWindow$DecorView",
  "bounds": [
    0,
    0,
    1440,
    2560
  ],
  "children": [
    {
      "class": "android.widget.FrameLayout",
      "bounds": [
        0,
        0,
        1440,
        2392
      ],
      "children": [
        {
          "class": "android.widget.FrameLayout",
          "bounds": [
            0,
            0,
            1440,
            2392
          ],
          "children": [
            {
              "class": "android.support.v7.widget.FitWindowsFrameLayout",
              "bounds": [
                0,
                0,
                1440,
                2392
              ],
              "children": [
                {
                  "class": "android.support.v7.widget.ContentFrameLayout",
                  "bounds": [
                    0,
                    0,
                    1440,
                    2392
                  ],
                  "children": [
                    {
                      "class": "android.widget.LinearLayout",
                      "bounds": [
                        0,
                        0,
                        1440,
                        2392
                      ],
                      "children": [
                        {
                          "class": "android.support.v7.widget.Toolbar",
                          "bounds": [
                            0,
                            0,
                            1440,
                            280
                          ],
                          "children": [
                            {
                              "class": "android.widget.TextView",
                              "bounds": [
                                420,
                                270,
                                852,
                                228
                              ]
                            },
                            {
                              "class": "android.widget.ImageButton",
                              "bounds": [
                                0,
                                168,
                                196,
                                280
                              ]
                            },
                            {
                              "class": "android.support.v7.widget.ActionMenuView",
                              "bounds": [
                                2880,
                                168,
                                1440,
                                280
                              ]
                            }
                          ]
                        },
                        {
                          "class": "android.widget.FrameLayout",
                          "bounds": [
                            0,
                            560,
                            1440,
                            2392
                          ],
                          "children": [
                            {
                              "class": "android.widget.ScrollView",
                              "bounds": [
                                0,
                                280,
                                1440,
                                2112
                              ],
                              "children": [
                                {
                                  "class": "android.widget.LinearLayout",
                                  "bounds": [
                                    0,
                                    280,
                                    1440,
                                    4054
                                  ],
                                  "children": [
                                    {
                                      "class": "com.zillow.android.ui.controls.SectionHeading",
                                      "bounds": [
                                        106,
                                        298,
                                        1387,
                                        227
                                      ],
                                      "children": [
                                        {
                                          "class": "android.widget.LinearLayout",
                                          "bounds": [
                                            53,
                                            280,
                                            1334,
                                            209
                                          ],
                                          "children": [
                                            {
                                              "class": "com.zillow.android.ui.font.ZillowFontTextView",
                                              "bounds": [
                                                53,
                                                351,
                                                235,
                                                156
                                              ]
                                            }
                                          ]
                                        }
                                      ]
                                    },
                                    {
                                      "class": "android.widget.RelativeLayout",
                                      "bounds": [
                                        106,
                                        507,
                                        1387,
                                        373
                                      ],
                                      "children": [
                                        {
                                          "class": "com.zillow.android.ui.font.ZillowFontTextView",
                                          "bounds": [
                                            53,
                                            280,
                                            697,
                                            146
                                          ]
                                        },
                                        {
                                          "class": "com.zillow.android.ui.font.ZillowFontTextView",
                                          "bounds": [
                                            2299,
                                            280,
                                            1334,
                                            146
                                          ]
                                        }
                                      ]
                                    },
                                    {
                                      "class": "android.view.View",
                                      "bounds": [
                                        106,
                                        653,
                                        1387,
                                        377
                                      ]
                                    },
                                    {
                                      "class": "com.zillow.android.ui.controls.SectionHeading",
                                      "bounds": [
                                        106,
                                        657,
                                        1387,
                                        586
                                      ],
                                      "children": [
                                        {
                                          "class": "android.widget.LinearLayout",
                                          "bounds": [
                                            53,
                                            280,
                                            1334,
                                            209
                                          ],
                                          "children": [
                                            {
                                              "class": "com.zillow.android.ui.font.ZillowFontTextView",
                                              "bounds": [
                                                53,
                                                351,
                                                478,
                                                156
                                              ]
                                            }
                                          ]
                                        }
                                      ]
                                    },
                                    {
                                      "class": "com.zillow.android.ui.font.ZillowFontTextView",
                                      "bounds": [
                                        106,
                                        866,
                                        1387,
                                        732
                                      ]
                                    },
                                    {
                                      "class": "com.zillow.android.ui.font.ZillowFontTextView",
                                      "bounds": [
                                        106,
                                        1012,
                                        1387,
                                        878
                                      ]
                                    },
                                    {
                                      "class": "android.view.View",
                                      "bounds": [
                                        106,
                                        1158,
                                        1387,
                                        882
                                      ]
                                    },
                                    {
                                      "class": "com.zillow.android.ui.controls.SectionHeading",
                                      "bounds": [
                                        106,
                                        1162,
                                        1387,
                                        1091
                                      ],
                                      "children": [
                                        {
                                          "class": "android.widget.LinearLayout",
                                          "bounds": [
                                            53,
                                            280,
                                            1334,
                                            209
                                          ],
                                          "children": [
                                            {
                                              "class": "com.zillow.android.ui.font.ZillowFontTextView",
                                              "bounds": [
                                                53,
                                                351,
                                                364,
                                                156
                                              ]
                                            }
                                          ]
                                        }
                                      ]
                                    },
                                    {
                                      "class": "com.zillow.android.ui.controls.LabeledSwitch",
                                      "bounds": [
                                        106,
                                        1371,
                                        1387,
                                        1303
                                      ],
                                      "children": [
                                        {
                                          "class": "android.widget.LinearLayout",
                                          "bounds": [
                                            53,
                                            280,
                                            1292,
                                            142
                                          ],
                                          "children": [
                                            {
                                              "class": "android.widget.LinearLayout",
                                              "bounds": [
                                                53,
                                                280,
                                                1126,
                                                142
                                              ],
                                              "children": [
                                                {
                                                  "class": "android.widget.LinearLayout",
                                                  "bounds": [
                                                    53,
                                                    280,
                                                    347,
                                                    76
                                                  ],
                                                  "children": [
                                                    {
                                                      "class": "com.zillow.android.ui.font.ZillowFontTextView",
                                                      "bounds": [
                                                        53,
                                                        280,
                                                        347,
                                                        76
                                                      ]
                                                    }
                                                  ]
                                                },
                                                {
                                                  "class": "com.zillow.android.ui.font.ZillowFontTextView",
                                                  "bounds": [
                                                    53,
                                                    356,
                                                    1088,
                                                    142
                                                  ]
                                                }
                                              ]
                                            },
                                            {
                                              "class": "android.widget.Switch",
                                              "bounds": [
                                                2305,
                                                303,
                                                1292,
                                                118
                                              ]
                                            }
                                          ]
                                        }
                                      ]
                                    },
                                    {
                                      "class": "com.zillow.android.ui.controls.LabeledSwitch",
                                      "bounds": [
                                        106,
                                        1583,
                                        1387,
                                        1583
                                      ],
                                      "children": [
                                        {
                                          "class": "android.widget.LinearLayout",
                                          "bounds": [
                                            53,
                                            280,
                                            1292,
                                            210
                                          ],
                                          "children": [
                                            {
                                              "class": "android.widget.LinearLayout",
                                              "bounds": [
                                                53,
                                                280,
                                                1126,
                                                210
                                              ],
                                              "children": [
                                                {
                                                  "class": "android.widget.LinearLayout",
                                                  "bounds": [
                                                    53,
                                                    280,
                                                    395,
                                                    76
                                                  ],
                                                  "children": [
                                                    {
                                                      "class": "com.zillow.android.ui.font.ZillowFontTextView",
                                                      "bounds": [
                                                        53,
                                                        280,
                                                        395,
                                                        76
                                                      ]
                                                    }
                                                  ]
                                                },
                                                {
                                                  "class": "com.zillow.android.ui.font.ZillowFontTextView",
                                                  "bounds": [
                                                    53,
                                                    356,
                                                    1126,
                                                    210
                                                  ]
                                                }
                                              ]
                                            },
                                            {
                                              "class": "android.widget.Switch",
                                              "bounds": [
                                                2305,
                                                337,
                                                1292,
                                                152
                                              ]
                                            }
                                          ]
                                        }
                                      ]
                                    },
                                    {
                                      "class": "com.zillow.android.ui.controls.LabeledSwitch",
                                      "bounds": [
                                        106,
                                        1915,
                                        1387,
                                        1863
                                      ],
                                      "children": [
                                        {
                                          "class": "android.widget.LinearLayout",
                                          "bounds": [
                                            53,
                                            332,
                                            1292,
                                            210
                                          ],
                                          "children": [
                                            {
                                              "class": "android.widget.LinearLayout",
                                              "bounds": [
                                                53,
                                                332,
                                                1126,
                                                210
                                              ],
                                              "children": [
                                                {
                                                  "class": "android.widget.LinearLayout",
                                                  "bounds": [
                                                    53,
                                                    332,
                                                    607,
                                                    76
                                                  ],
                                                  "children": [
                                                    {
                                                      "class": "com.zillow.android.ui.font.ZillowFontTextView",
                                                      "bounds": [
                                                        53,
                                                        332,
                                                        607,
                                                        76
                                                      ]
                                                    }
                                                  ]
                                                },
                                                {
                                                  "class": "com.zillow.android.ui.font.ZillowFontTextView",
                                                  "bounds": [
                                                    53,
                                                    484,
                                                    1126,
                                                    210
                                                  ]
                                                }
                                              ]
                                            },
                                            {
                                              "class": "android.widget.Switch",
                                              "bounds": [
                                                2305,
                                                446,
                                                1292,
                                                152
                                              ]
                                            }
                                          ]
                                        }
                                      ]
                                    },
                                    {
                                      "class": "com.zillow.android.ui.controls.LabeledSwitch",
                                      "bounds": [
                                        106,
                                        2475,
                                        1387,
                                        2075
                                      ],
                                      "children": [
                                        {
                                          "class": "android.widget.LinearLayout",
                                          "bounds": [
                                            53,
                                            612,
                                            1292,
                                            142
                                          ],
                                          "children": [
                                            {
                                              "class": "android.widget.LinearLayout",
                                              "bounds": [
                                                53,
                                                612,
                                                1126,
                                                142
                                              ],
                                              "children": [
                                                {
                                                  "class": "android.widget.LinearLayout",
                                                  "bounds": [
                                                    53,
                                                    612,
                                                    532,
                                                    76
                                                  ],
                                                  "children": [
                                                    {
                                                      "class": "com.zillow.android.ui.font.ZillowFontTextView",
                                                      "bounds": [
                                                        53,
                                                        612,
                                                        532,
                                                        76
                                                      ]
                                                    }
                                                  ]
                                                },
                                                {
                                                  "class": "com.zillow.android.ui.font.ZillowFontTextView",
                                                  "bounds": [
                                                    53,
                                                    764,
                                                    948,
                                                    142
                                                  ]
                                                }
                                              ]
                                            },
                                            {
                                              "class": "android.widget.Switch",
                                              "bounds": [
                                                2305,
                                                658,
                                                1292,
                                                118
                                              ]
                                            }
                                          ]
                                        }
                                      ]
                                    },
                                    {
                                      "class": "com.zillow.android.ui.controls.LabeledSwitch",
                                      "bounds": [
                                        106,
                                        2899,
                                        1387,
                                        2355
                                      ],
                                      "children": [
                                        {
                                          "class": "android.widget.LinearLayout",
                                          "bounds": [
                                            53,
                                            824,
                                            1292,
                                            210
                                          ],
                                          "children": [
                                            {
                                              "class": "android.widget.LinearLayout",
                                              "bounds": [
                                                53,
                                                824,
                                                1126,
                                                210
                                              ],
                                              "children": [
                                                {
                                                  "class": "android.widget.LinearLayout",
                                                  "bounds": [
                                                    53,
                                                    824,
                                                    515,
                                                    76
                                                  ],
                                                  "children": [
                                                    {
                                                      "class": "com.zillow.android.ui.font.ZillowFontTextView",
                                                      "bounds": [
                                                        53,
                                                        824,
                                                        515,
                                                        76
                                                      ]
                                                    }
                                                  ]
                                                },
                                                {
                                                  "class": "com.zillow.android.ui.font.ZillowFontTextView",
                                                  "bounds": [
                                                    53,
                                                    976,
                                                    1126,
                                                    210
                                                  ]
                                                }
                                              ]
                                            },
                                            {
                                              "class": "android.widget.Switch",
                                              "bounds": [
                                                2305,
                                                938,
                                                1292,
                                                152
                                              ]
                                            }
                                          ]
                                        }
                                      ]
                                    },
                                    {
                                      "class": "android.widget.LinearLayout",
                                      "bounds": [
                                        106,
                                        3459,
                                        1387,
                                        2991
                                      ],
                                      "children": [
                                        {
                                          "class": "com.zillow.android.ui.controls.LabeledSwitch",
                                          "bounds": [
                                            53,
                                            1104,
                                            1334,
                                            212
                                          ],
                                          "children": [
                                            {
                                              "class": "android.widget.LinearLayout",
                                              "bounds": [
                                                53,
                                                1104,
                                                1292,
                                                142
                                              ],
                                              "children": [
                                                {
                                                  "class": "android.widget.LinearLayout",
                                                  "bounds": [
                                                    53,
                                                    1104,
                                                    1126,
                                                    142
                                                  ],
                                                  "children": [
                                                    {
                                                      "class": "android.widget.LinearLayout",
                                                      "bounds": [
                                                        53,
                                                        1104,
                                                        189,
                                                        76
                                                      ],
                                                      "children": [
                                                        {
                                                          "class": "com.zillow.android.ui.font.ZillowFontTextView",
                                                          "bounds": [
                                                            53,
                                                            1104,
                                                            189,
                                                            76
                                                          ]
                                                        }
                                                      ]
                                                    },
                                                    {
                                                      "class": "com.zillow.android.ui.font.ZillowFontTextView",
                                                      "bounds": [
                                                        53,
                                                        1256,
                                                        951,
                                                        142
                                                      ]
                                                    }
                                                  ]
                                                },
                                                {
                                                  "class": "android.widget.Switch",
                                                  "bounds": [
                                                    2305,
                                                    1150,
                                                    1292,
                                                    118
                                                  ]
                                                }
                                              ]
                                            }
                                          ]
                                        },
                                        {
                                          "class": "com.zillow.android.ui.controls.LabeledSwitch",
                                          "bounds": [
                                            53,
                                            1528,
                                            1334,
                                            424
                                          ],
                                          "children": [
                                            {
                                              "class": "android.widget.LinearLayout",
                                              "bounds": [
                                                53,
                                                1316,
                                                1292,
                                                142
                                              ],
                                              "children": [
                                                {
                                                  "class": "android.widget.LinearLayout",
                                                  "bounds": [
                                                    53,
                                                    1316,
                                                    1126,
                                                    142
                                                  ],
                                                  "children": [
                                                    {
                                                      "class": "android.widget.LinearLayout",
                                                      "bounds": [
                                                        53,
                                                        1316,
                                                        156,
                                                        76
                                                      ],
                                                      "children": [
                                                        {
                                                          "class": "com.zillow.android.ui.font.ZillowFontTextView",
                                                          "bounds": [
                                                            53,
                                                            1316,
                                                            156,
                                                            76
                                                          ]
                                                        }
                                                      ]
                                                    },
                                                    {
                                                      "class": "com.zillow.android.ui.font.ZillowFontTextView",
                                                      "bounds": [
                                                        53,
                                                        1468,
                                                        921,
                                                        142
                                                      ]
                                                    }
                                                  ]
                                                },
                                                {
                                                  "class": "android.widget.Switch",
                                                  "bounds": [
                                                    2305,
                                                    1362,
                                                    1292,
                                                    118
                                                  ]
                                                }
                                              ]
                                            }
                                          ]
                                        },
                                        {
                                          "class": "com.zillow.android.ui.controls.LabeledSwitch",
                                          "bounds": [
                                            53,
                                            1952,
                                            1334,
                                            636
                                          ],
                                          "children": [
                                            {
                                              "class": "android.widget.LinearLayout",
                                              "bounds": [
                                                53,
                                                1528,
                                                1292,
                                                142
                                              ],
                                              "children": [
                                                {
                                                  "class": "android.widget.LinearLayout",
                                                  "bounds": [
                                                    53,
                                                    1528,
                                                    1126,
                                                    142
                                                  ],
                                                  "children": [
                                                    {
                                                      "class": "android.widget.LinearLayout",
                                                      "bounds": [
                                                        53,
                                                        1528,
                                                        182,
                                                        76
                                                      ],
                                                      "children": [
                                                        {
                                                          "class": "com.zillow.android.ui.font.ZillowFontTextView",
                                                          "bounds": [
                                                            53,
                                                            1528,
                                                            182,
                                                            76
                                                          ]
                                                        }
                                                      ]
                                                    },
                                                    {
                                                      "class": "com.zillow.android.ui.font.ZillowFontTextView",
                                                      "bounds": [
                                                        53,
                                                        1680,
                                                        981,
                                                        142
                                                      ]
                                                    }
                                                  ]
                                                },
                                                {
                                                  "class": "android.widget.Switch",
                                                  "bounds": [
                                                    2305,
                                                    1574,
                                                    1292,
                                                    118
                                                  ]
                                                }
                                              ]
                                            }
                                          ]
                                        }
                                      ]
                                    },
                                    {
                                      "class": "android.view.View",
                                      "bounds": [
                                        106,
                                        4731,
                                        1387,
                                        2995
                                      ]
                                    },
                                    {
                                      "class": "com.zillow.android.ui.controls.SectionHeading",
                                      "bounds": [
                                        106,
                                        4739,
                                        1387,
                                        3204
                                      ],
                                      "children": [
                                        {
                                          "class": "android.widget.LinearLayout",
                                          "bounds": [
                                            53,
                                            1744,
                                            1334,
                                            209
                                          ],
                                          "children": [
                                            {
                                              "class": "com.zillow.android.ui.font.ZillowFontTextView",
                                              "bounds": [
                                                53,
                                                1886,
                                                384,
                                                156
                                              ]
                                            }
                                          ]
                                        }
                                      ]
                                    },
                                    {
                                      "class": "android.view.View",
                                      "bounds": [
                                        106,
                                        5157,
                                        1387,
                                        3208
                                      ]
                                    },
                                    {
                                      "class": "com.zillow.android.ui.controls.SectionHeading",
                                      "bounds": [
                                        106,
                                        5165,
                                        1387,
                                        3417
                                      ],
                                      "children": [
                                        {
                                          "class": "android.widget.LinearLayout",
                                          "bounds": [
                                            53,
                                            1957,
                                            1334,
                                            209
                                          ],
                                          "children": [
                                            {
                                              "class": "com.zillow.android.ui.font.ZillowFontTextView",
                                              "bounds": [
                                                53,
                                                2099,
                                                504,
                                                156
                                              ]
                                            }
                                          ]
                                        }
                                      ]
                                    },
                                    {
                                      "class": "com.zillow.android.ui.font.ZillowFontTextView",
                                      "bounds": [
                                        106,
                                        5583,
                                        1387,
                                        3563
                                      ]
                                    },
                                    {
                                      "class": "com.zillow.android.ui.font.ZillowFontTextView",
                                      "bounds": [
                                        106,
                                        5875,
                                        1387,
                                        3709
                                      ]
                                    },
                                    {
                                      "class": "com.zillow.android.ui.font.ZillowFontTextView",
                                      "bounds": [
                                        106,
                                        6167,
                                        1387,
                                        3855
                                      ]
                                    },
                                    {
                                      "class": "com.zillow.android.ui.font.ZillowFontTextView",
                                      "bounds": [
                                        106,
                                        6459,
                                        1387,
                                        4001
                                      ]
                                    }
                                  ]
                                }
                              ]
                            }
                          ]
                        }
                      ]
                    }
                  ]
                }
              ]
            }
          ]
        }
      ]
    },
    {
      "class": "android.view.View",
      "bounds": [
        0,
        4784,
        1440,
        2560
      ]
    }
  ]
}