{
  "class": "com.android.internal.policy.PhoneWindow$DecorView",
  "bounds": [
    0,
    0,
    1440,
    2392
  ],
  "children": [
    {
      "class": "android.widget.LinearLayout",
      "bounds": [
        0,
        0,
        1440,
        2392
      ],
      "children": [
        {
          "class": "android.widget.FrameLayout",
          "bounds": [
            0,
            168,
            1440,
            2392
          ],
          "children": [
            {
              "class": "android.widget.RelativeLayout",
              "bounds": [
                0,
                84,
                1440,
                2308
              ],
              "children": [
                {
                  "class": "android.widget.ImageButton",
                  "bounds": [
                    0,
                    84,
                    126,
                    126
                  ]
                },
                {
                  "class": "android.widget.ImageButton",
                  "bounds": [
                    2628,
                    84,
                    1440,
                    126
                  ]
                },
                {
                  "class": "android.widget.RelativeLayout",
                  "bounds": [
                    0,
                    84,
                    1440,
                    2133
                  ],
                  "children": [
                    {
                      "class": "android.support.v4.view.ViewPager",
                      "bounds": [
                        98,
                        790,
                        1391,
                        2098
                      ],
                      "children": [
                        {
                          "class": "android.widget.RelativeLayout",
                          "bounds": [
                            49,
                            437,
                            1342,
                            1745
                          ],
                          "children": [
                            {
                              "class": "android.widget.ListView",
                              "bounds": [
                                49,
                                451,
                                1342,
                                357
                              ],
                              "children": [
                                {
                                  "class": "android.widget.RelativeLayout",
                                  "bounds": [
                                    49,
                                    444,
                                    1342,
                                    112
                                  ],
                                  "children": [
                                    {
                                      "class": "android.widget.TextView",
                                      "bounds": [
                                        1391,
                                        429,
                                        1342,
                                        140
                                      ]
                                    },
                                    {
                                      "class": "android.widget.RelativeLayout",
                                      "bounds": [
                                        49,
                                        444,
                                        1321,
                                        112
                                      ],
                                      "children": [
                                        {
                                          "class": "android.widget.ImageView",
                                          "bounds": [
                                            56,
                                            444,
                                            119,
                                            112
                                          ]
                                        },
                                        {
                                          "class": "android.widget.TextView",
                                          "bounds": [
                                            168,
                                            444,
                                            1321,
                                            93
                                          ]
                                        }
                                      ]
                                    }
                                  ]
                                },
                                {
                                  "class": "android.widget.RelativeLayout",
                                  "bounds": [
                                    49,
                                    668,
                                    1342,
                                    231
                                  ],
                                  "children": [
                                    {
                                      "class": "android.widget.TextView",
                                      "bounds": [
                                        74,
                                        636,
                                        25,
                                        101
                                      ]
                                    },
                                    {
                                      "class": "android.widget.TextView",
                                      "bounds": [
                                        85,
                                        570,
                                        1275,
                                        112
                                      ]
                                    },
                                    {
                                      "class": "android.widget.TextView",
                                      "bounds": [
                                        1373,
                                        622,
                                        1324,
                                        94
                                      ]
                                    }
                                  ]
                                },
                                {
                                  "class": "android.widget.RelativeLayout",
                                  "bounds": [
                                    49,
                                    906,
                                    1342,
                                    350
                                  ],
                                  "children": [
                                    {
                                      "class": "android.widget.TextView",
                                      "bounds": [
                                        74,
                                        755,
                                        25,
                                        101
                                      ]
                                    },
                                    {
                                      "class": "android.widget.TextView",
                                      "bounds": [
                                        85,
                                        689,
                                        1275,
                                        112
                                      ]
                                    },
                                    {
                                      "class": "android.widget.TextView",
                                      "bounds": [
                                        1373,
                                        741,
                                        1324,
                                        94
                                      ]
                                    }
                                  ]
                                }
                              ]
                            },
                            {
                              "class": "android.widget.RelativeLayout",
                              "bounds": [
                                49,
                                3423,
                                1342,
                                1570
                              ],
                              "children": []
                            },
                            {
                              "class": "android.widget.RelativeLayout",
                              "bounds": [
                                49,
                                3577,
                                1342,
                                1745
                              ],
                              "children": [
                                {
                                  "class": "android.widget.LinearLayout",
                                  "bounds": [
                                    49,
                                    2007,
                                    978,
                                    175
                                  ],
                                  "children": [
                                    {
                                      "class": "android.widget.ImageView",
                                      "bounds": [
                                        49,
                                        2007,
                                        168,
                                        175
                                      ]
                                    },
                                    {
                                      "class": "android.widget.TextView",
                                      "bounds": [
                                        217,
                                        2007,
                                        417,
                                        175
                                      ]
                                    }
                                  ]
                                },
                                {
                                  "class": "android.widget.LinearLayout",
                                  "bounds": [
                                    1027,
                                    2007,
                                    1289,
                                    175
                                  ],
                                  "children": [
                                    {
                                      "class": "android.widget.ImageView",
                                      "bounds": [
                                        49,
                                        2007,
                                        168,
                                        175
                                      ]
                                    },
                                    {
                                      "class": "android.widget.TextView",
                                      "bounds": [
                                        217,
                                        2007,
                                        311,
                                        175
                                      ]
                                    }
                                  ]
                                }
                              ]
                            }
                          ]
                        },
                        {
                          "class": "android.widget.RelativeLayout",
                          "bounds": [
                            1391,
                            437,
                            2684,
                            1745
                          ],
                          "children": [
                            {
                              "class": "android.widget.ScrollView",
                              "bounds": [
                                299,
                                437,
                                1217,
                                1745
                              ],
                              "children": [
                                {
                                  "class": "DragandDrop.PagedDragDropGrid",
                                  "bounds": [
                                    174,
                                    437,
                                    1092,
                                    1745
                                  ],
                                  "children": [
                                    {
                                      "class": "DragandDrop.DragDropGrid",
                                      "bounds": [
                                        174,
                                        437,
                                        1092,
                                        1332
                                      ],
                                      "children": [
                                        {
                                          "class": "android.widget.RelativeLayout",
                                          "bounds": [
                                            174,
                                            437,
                                            273,
                                            333
                                          ],
                                          "children": [
                                            {
                                              "class": "android.widget.ImageView",
                                              "bounds": [
                                                174,
                                                437,
                                                273,
                                                273
                                              ]
                                            },
                                            {
                                              "class": "android.widget.TextView",
                                              "bounds": [
                                                294,
                                                951,
                                                213,
                                                318
                                              ]
                                            }
                                          ]
                                        },
                                        {
                                          "class": "android.widget.RelativeLayout",
                                          "bounds": [
                                            720,
                                            437,
                                            546,
                                            333
                                          ],
                                          "children": [
                                            {
                                              "class": "android.widget.ImageView",
                                              "bounds": [
                                                447,
                                                437,
                                                273,
                                                273
                                              ]
                                            },
                                            {
                                              "class": "android.widget.TextView",
                                              "bounds": [
                                                583,
                                                951,
                                                204,
                                                318
                                              ]
                                            }
                                          ]
                                        },
                                        {
                                          "class": "android.widget.RelativeLayout",
                                          "bounds": [
                                            1266,
                                            437,
                                            819,
                                            333
                                          ],
                                          "children": [
                                            {
                                              "class": "android.widget.ImageView",
                                              "bounds": [
                                                720,
                                                437,
                                                273,
                                                273
                                              ]
                                            },
                                            {
                                              "class": "android.widget.TextView",
                                              "bounds": [
                                                904,
                                                951,
                                                180,
                                                318
                                              ]
                                            }
                                          ]
                                        },
                                        {
                                          "class": "android.widget.RelativeLayout",
                                          "bounds": [
                                            1812,
                                            437,
                                            1092,
                                            333
                                          ],
                                          "children": [
                                            {
                                              "class": "android.widget.ImageView",
                                              "bounds": [
                                                993,
                                                437,
                                                273,
                                                273
                                              ]
                                            },
                                            {
                                              "class": "android.widget.TextView",
                                              "bounds": [
                                                1067,
                                                951,
                                                236,
                                                318
                                              ]
                                            }
                                          ]
                                        },
                                        {
                                          "class": "android.widget.RelativeLayout",
                                          "bounds": [
                                            174,
                                            1103,
                                            273,
                                            666
                                          ],
                                          "children": [
                                            {
                                              "class": "android.widget.ImageView",
                                              "bounds": [
                                                174,
                                                770,
                                                273,
                                                273
                                              ]
                                            },
                                            {
                                              "class": "android.widget.TextView",
                                              "bounds": [
                                                280,
                                                1284,
                                                219,
                                                318
                                              ]
                                            }
                                          ]
                                        },
                                        {
                                          "class": "android.widget.RelativeLayout",
                                          "bounds": [
                                            720,
                                            1103,
                                            546,
                                            666
                                          ],
                                          "children": [
                                            {
                                              "class": "android.widget.ImageView",
                                              "bounds": [
                                                447,
                                                770,
                                                273,
                                                273
                                              ]
                                            },
                                            {
                                              "class": "android.widget.TextView",
                                              "bounds": [
                                                543,
                                                1284,
                                                225,
                                                318
                                              ]
                                            }
                                          ]
                                        },
                                        {
                                          "class": "android.widget.RelativeLayout",
                                          "bounds": [
                                            1266,
                                            1103,
                                            819,
                                            666
                                          ],
                                          "children": [
                                            {
                                              "class": "android.widget.ImageView",
                                              "bounds": [
                                                720,
                                                770,
                                                273,
                                                273
                                              ]
                                            },
                                            {
                                              "class": "android.widget.TextView",
                                              "bounds": [
                                                794,
                                                1284,
                                                236,
                                                318
                                              ]
                                            }
                                          ]
                                        },
                                        {
                                          "class": "android.widget.RelativeLayout",
                                          "bounds": [
                                            1812,
                                            1103,
                                            1092,
                                            666
                                          ],
                                          "children": [
                                            {
                                              "class": "android.widget.ImageView",
                                              "bounds": [
                                                993,
                                                770,
                                                273,
                                                273
                                              ]
                                            },
                                            {
                                              "class": "android.widget.TextView",
                                              "bounds": [
                                                1137,
                                                1284,
                                                201,
                                                318
                                              ]
                                            }
                                          ]
                                        },
                                        {
                                          "class": "android.widget.RelativeLayout",
                                          "bounds": [
                                            174,
                                            1769,
                                            273,
                                            999
                                          ],
                                          "children": [
                                            {
                                              "class": "android.widget.ImageView",
                                              "bounds": [
                                                174,
                                                1103,
                                                273,
                                                273
                                              ]
                                            },
                                            {
                                              "class": "android.widget.TextView",
                                              "bounds": [
                                                222,
                                                1617,
                                                248,
                                                318
                                              ]
                                            }
                                          ]
                                        },
                                        {
                                          "class": "android.widget.RelativeLayout",
                                          "bounds": [
                                            720,
                                            1769,
                                            546,
                                            999
                                          ],
                                          "children": [
                                            {
                                              "class": "android.widget.ImageView",
                                              "bounds": [
                                                447,
                                                1103,
                                                273,
                                                273
                                              ]
                                            },
                                            {
                                              "class": "android.widget.TextView",
                                              "bounds": [
                                                485,
                                                1617,
                                                253,
                                                318
                                              ]
                                            }
                                          ]
                                        },
                                        {
                                          "class": "android.widget.RelativeLayout",
                                          "bounds": [
                                            1266,
                                            1769,
                                            819,
                                            999
                                          ],
                                          "children": [
                                            {
                                              "class": "android.widget.ImageView",
                                              "bounds": [
                                                720,
                                                1103,
                                                273,
                                                273
                                              ]
                                            },
                                            {
                                              "class": "android.widget.TextView",
                                              "bounds": [
                                                864,
                                                1617,
                                                201,
                                                318
                                              ]
                                            }
                                          ]
                                        },
                                        {
                                          "class": "android.widget.RelativeLayout",
                                          "bounds": [
                                            1812,
                                            1769,
                                            1092,
                                            999
                                          ],
                                          "children": [
                                            {
                                              "class": "android.widget.ImageView",
                                              "bounds": [
                                                993,
                                                1103,
                                                273,
                                                273
                                              ]
                                            },
                                            {
                                              "class": "android.widget.TextView",
                                              "bounds": [
                                                1173,
                                                1617,
                                                183,
                                                318
                                              ]
                                            }
                                          ]
                                        },
                                        {
                                          "class": "android.widget.RelativeLayout",
                                          "bounds": [
                                            174,
                                            2435,
                                            273,
                                            1332
                                          ],
                                          "children": [
                                            {
                                              "class": "android.widget.ImageView",
                                              "bounds": [
                                                174,
                                                1436,
                                                273,
                                                273
                                              ]
                                            },
                                            {
                                              "class": "android.widget.TextView",
                                              "bounds": [
                                                366,
                                                1950,
                                                177,
                                                318
                                              ]
                                            }
                                          ]
                                        },
                                        {
                                          "class": "android.widget.RelativeLayout",
                                          "bounds": [
                                            720,
                                            2435,
                                            546,
                                            1332
                                          ],
                                          "children": [
                                            {
                                              "class": "android.widget.ImageView",
                                              "bounds": [
                                                447,
                                                1436,
                                                273,
                                                273
                                              ]
                                            },
                                            {
                                              "class": "android.widget.TextView",
                                              "bounds": [
                                                555,
                                                1950,
                                                218,
                                                318
                                              ]
                                            }
                                          ]
                                        },
                                        {
                                          "class": "android.widget.RelativeLayout",
                                          "bounds": [
                                            1266,
                                            2435,
                                            819,
                                            1332
                                          ],
                                          "children": [
                                            {
                                              "class": "android.widget.ImageView",
                                              "bounds": [
                                                720,
                                                1436,
                                                273,
                                                273
                                              ]
                                            },
                                            {
                                              "class": "android.widget.TextView",
                                              "bounds": [
                                                924,
                                                1950,
                                                171,
                                                318
                                              ]
                                            }
                                          ]
                                        },
                                        {
                                          "class": "android.widget.RelativeLayout",
                                          "bounds": [
                                            1812,
                                            2435,
                                            1092,
                                            1332
                                          ],
                                          "children": [
                                            {
                                              "class": "android.widget.ImageView",
                                              "bounds": [
                                                993,
                                                1436,
                                                273,
                                                273
                                              ]
                                            },
                                            {
                                              "class": "android.widget.TextView",
                                              "bounds": [
                                                1163,
                                                1950,
                                                187,
                                                318
                                              ]
                                            }
                                          ]
                                        },
                                        {
                                          "class": "DragandDrop.DeleteDropZoneView",
                                          "bounds": [
                                            174,
                                            437,
                                            0,
                                            0
                                          ]
                                        }
                                      ]
                                    }
                                  ]
                                }
                              ]
                            },
                            {
                              "class": "android.widget.GridView",
                              "bounds": [
                                49,
                                507,
                                1342,
                                72
                              ]
                            }
                          ]
                        },
                        {
                          "class": "android.widget.RelativeLayout",
                          "bounds": [
                            4075,
                            437,
                            4026,
                            1745
                          ],
                          "children": [
                            {
                              "class": "android.widget.RelativeLayout",
                              "bounds": [
                                1927,
                                577,
                                1073,
                                658
                              ],
                              "children": [
                                {
                                  "class": "android.widget.RelativeLayout",
                                  "bounds": [
                                    1765,
                                    507,
                                    752,
                                    588
                                  ],
                                  "children": [
                                    {
                                      "class": "android.widget.LinearLayout",
                                      "bounds": [
                                        1712,
                                        507,
                                        699,
                                        252
                                      ],
                                      "children": [
                                        {
                                          "class": "android.widget.ImageView",
                                          "bounds": [
                                            1712,
                                            507,
                                            252,
                                            252
                                          ]
                                        },
                                        {
                                          "class": "android.widget.TextView",
                                          "bounds": [
                                            2216,
                                            653,
                                            699,
                                            178
                                          ]
                                        }
                                      ]
                                    },
                                    {
                                      "class": "android.widget.LinearLayout",
                                      "bounds": [
                                        1712,
                                        1179,
                                        657,
                                        588
                                      ],
                                      "children": [
                                        {
                                          "class": "android.widget.ImageView",
                                          "bounds": [
                                            1712,
                                            843,
                                            252,
                                            252
                                          ]
                                        },
                                        {
                                          "class": "android.widget.TextView",
                                          "bounds": [
                                            2216,
                                            885,
                                            657,
                                            230
                                          ]
                                        }
                                      ]
                                    }
                                  ]
                                }
                              ]
                            },
                            {
                              "class": "android.widget.ImageButton",
                              "bounds": [
                                1405,
                                3555,
                                175,
                                1727
                              ]
                            }
                          ]
                        }
                      ]
                    },
                    {
                      "class": "android.widget.TableLayout",
                      "bounds": [
                        0,
                        120,
                        1440,
                        328
                      ],
                      "children": [
                        {
                          "class": "android.widget.TableLayout",
                          "bounds": [
                            0,
                            102,
                            1440,
                            296
                          ],
                          "children": [
                            {
                              "class": "android.widget.TableRow",
                              "bounds": [
                                0,
                                102,
                                1440,
                                296
                              ],
                              "children": [
                                {
                                  "class": "android.widget.RelativeLayout",
                                  "bounds": [
                                    106,
                                    102,
                                    497,
                                    296
                                  ],
                                  "children": [
                                    {
                                      "class": "android.widget.ImageButton",
                                      "bounds": [
                                        259,
                                        102,
                                        341,
                                        238
                                      ]
                                    },
                                    {
                                      "class": "android.widget.TextView",
                                      "bounds": [
                                        53,
                                        544,
                                        444,
                                        296
                                      ]
                                    }
                                  ]
                                },
                                {
                                  "class": "android.widget.RelativeLayout",
                                  "bounds": [
                                    994,
                                    102,
                                    941,
                                    296
                                  ],
                                  "children": [
                                    {
                                      "class": "android.widget.ImageButton",
                                      "bounds": [
                                        703,
                                        102,
                                        341,
                                        238
                                      ]
                                    },
                                    {
                                      "class": "android.widget.TextView",
                                      "bounds": [
                                        497,
                                        544,
                                        444,
                                        296
                                      ]
                                    }
                                  ]
                                },
                                {
                                  "class": "android.widget.RelativeLayout",
                                  "bounds": [
                                    1882,
                                    102,
                                    1385,
                                    296
                                  ],
                                  "children": [
                                    {
                                      "class": "android.widget.ImageButton",
                                      "bounds": [
                                        1147,
                                        102,
                                        341,
                                        238
                                      ]
                                    },
                                    {
                                      "class": "android.widget.TextView",
                                      "bounds": [
                                        941,
                                        544,
                                        444,
                                        296
                                      ]
                                    }
                                  ]
                                }
                              ]
                            }
                          ]
                        },
                        {
                          "class": "android.widget.TableRow",
                          "bounds": [
                            0,
                            694,
                            1440,
                            310
                          ],
                          "children": [
                            {
                              "class": "android.widget.LinearLayout",
                              "bounds": [
                                0,
                                398,
                                480,
                                14
                              ]
                            }
                          ]
                        }
                      ]
                    }
                  ]
                },
                {
                  "class": "com.google.android.gms.ads.AdView",
                  "bounds": [
                    320,
                    4350,
                    1280,
                    2308
                  ],
                  "children": [
                    {
                      "class": "com.google.android.gms.ads.internal.bp",
                      "bounds": [
                        160,
                        2217,
                        1120,
                        175
                      ],
                      "children": [
                        {
                          "class": "in",
                          "bounds": [
                            160,
                            2217,
                            1120,
                            175
                          ],
                          "children": [
                            {
                              "class": "com.google.android.gms.ads.internal.bp",
                              "bounds": [
                                160,
                                2217,
                                1120,
                                175
                              ],
                              "children": [
                                {
                                  "class": "com.google.android.gms.ads.internal.webview.n",
                                  "bounds": [
                                    160,
                                    2217,
                                    1120,
                                    175
                                  ],
                                  "children": [
                                    {
                                      "class": "com.google.android.gms.ads.internal.webview.o",
                                      "bounds": [
                                        160,
                                        2217,
                                        1120,
                                        175
                                      ]
                                    }
                                  ]
                                }
                              ]
                            }
                          ]
                        }
                      ]
                    }
                  ]
                }
              ]
            }
          ]
        }
      ]
    }
  ]
}