{
  "class": "com.android.internal.policy.PhoneWindow$DecorView",
  "bounds": [
    0,
    0,
    1440,
    2392
  ],
  "children": [
    {
      "class": "android.widget.LinearLayout",
      "bounds": [
        0,
        0,
        1440,
        2392
      ],
      "children": [
        {
          "class": "android.widget.FrameLayout",
          "bounds": [
            0,
            168,
            1440,
            2392
          ],
          "children": [
            {
              "class": "android.widget.LinearLayout",
              "bounds": [
                0,
                84,
                1440,
                2308
              ],
              "children": [
                {
                  "class": "android.widget.FrameLayout",
                  "bounds": [
                    0,
                    84,
                    1440,
                    2308
                  ],
                  "children": [
                    {
                      "class": "android.widget.LinearLayout",
                      "bounds": [
                        0,
                        84,
                        1440,
                        2308
                      ],
                      "children": [
                        {
                          "class": "android.widget.LinearLayout",
                          "bounds": [
                            0,
                            84,
                            1440,
                            168
                          ],
                          "children": [
                            {
                              "class": "android.widget.RelativeLayout",
                              "bounds": [
                                0,
                                84,
                                1440,
                                168
                              ],
                              "children": [
                                {
                                  "class": "android.widget.ImageView",
                                  "bounds": [
                                    0,
                                    84,
                                    168,
                                    168
                                  ]
                                },
                                {
                                  "class": "android.widget.TextView",
                                  "bounds": [
                                    934,
                                    84,
                                    973,
                                    168
                                  ]
                                }
                              ]
                            }
                          ]
                        },
                        {
                          "class": "android.view.View",
                          "bounds": [
                            0,
                            420,
                            1440,
                            170
                          ]
                        },
                        {
                          "class": "android.widget.ScrollView",
                          "bounds": [
                            0,
                            424,
                            1440,
                            2308
                          ],
                          "children": [
                            {
                              "class": "android.widget.LinearLayout",
                              "bounds": [
                                0,
                                254,
                                1440,
                                1774
                              ],
                              "children": [
                                {
                                  "class": "android.widget.LinearLayout",
                                  "bounds": [
                                    0,
                                    604,
                                    1440,
                                    287
                                  ],
                                  "children": [
                                    {
                                      "class": "android.widget.TextView",
                                      "bounds": [
                                        112,
                                        429,
                                        1440,
                                        112
                                      ]
                                    }
                                  ]
                                },
                                {
                                  "class": "com.dailyyoga.view.CustomRobotoLightTextView",
                                  "bounds": [
                                    176,
                                    1038,
                                    1387,
                                    458
                                  ]
                                },
                                {
                                  "class": "android.widget.LinearLayout",
                                  "bounds": [
                                    106,
                                    1346,
                                    1387,
                                    1564
                                  ],
                                  "children": [
                                    {
                                      "class": "android.widget.RelativeLayout",
                                      "bounds": [
                                        53,
                                        800,
                                        1334,
                                        168
                                      ],
                                      "children": [
                                        {
                                          "class": "com.dailyyoga.view.CustomRobotoLightTextView",
                                          "bounds": [
                                            53,
                                            800,
                                            420,
                                            168
                                          ]
                                        },
                                        {
                                          "class": "android.widget.CheckBox",
                                          "bounds": [
                                            2525,
                                            904,
                                            1299,
                                            115
                                          ]
                                        }
                                      ]
                                    },
                                    {
                                      "class": "android.view.View",
                                      "bounds": [
                                        123,
                                        1136,
                                        1299,
                                        170
                                      ]
                                    },
                                    {
                                      "class": "android.widget.RelativeLayout",
                                      "bounds": [
                                        53,
                                        1140,
                                        1334,
                                        338
                                      ],
                                      "children": [
                                        {
                                          "class": "com.dailyyoga.view.CustomRobotoLightTextView",
                                          "bounds": [
                                            53,
                                            970,
                                            454,
                                            168
                                          ]
                                        }
                                      ]
                                    },
                                    {
                                      "class": "android.view.View",
                                      "bounds": [
                                        123,
                                        1476,
                                        1299,
                                        340
                                      ]
                                    },
                                    {
                                      "class": "android.widget.RelativeLayout",
                                      "bounds": [
                                        53,
                                        1480,
                                        1334,
                                        508
                                      ],
                                      "children": [
                                        {
                                          "class": "com.dailyyoga.view.CustomRobotoLightTextView",
                                          "bounds": [
                                            53,
                                            1140,
                                            410,
                                            168
                                          ]
                                        },
                                        {
                                          "class": "android.widget.CheckBox",
                                          "bounds": [
                                            2525,
                                            1244,
                                            1299,
                                            115
                                          ]
                                        }
                                      ]
                                    },
                                    {
                                      "class": "android.view.View",
                                      "bounds": [
                                        123,
                                        1816,
                                        1299,
                                        510
                                      ]
                                    },
                                    {
                                      "class": "android.widget.RelativeLayout",
                                      "bounds": [
                                        53,
                                        1820,
                                        1334,
                                        678
                                      ],
                                      "children": [
                                        {
                                          "class": "com.dailyyoga.view.CustomRobotoLightTextView",
                                          "bounds": [
                                            53,
                                            1310,
                                            244,
                                            168
                                          ]
                                        }
                                      ]
                                    },
                                    {
                                      "class": "android.view.View",
                                      "bounds": [
                                        123,
                                        2156,
                                        1299,
                                        680
                                      ]
                                    },
                                    {
                                      "class": "android.widget.RelativeLayout",
                                      "bounds": [
                                        53,
                                        2160,
                                        1334,
                                        848
                                      ],
                                      "children": [
                                        {
                                          "class": "com.dailyyoga.view.CustomRobotoLightTextView",
                                          "bounds": [
                                            53,
                                            1480,
                                            331,
                                            168
                                          ]
                                        }
                                      ]
                                    },
                                    {
                                      "class": "android.view.View",
                                      "bounds": [
                                        123,
                                        2496,
                                        1299,
                                        850
                                      ]
                                    },
                                    {
                                      "class": "android.widget.RelativeLayout",
                                      "bounds": [
                                        53,
                                        2500,
                                        1334,
                                        1018
                                      ],
                                      "children": [
                                        {
                                          "class": "com.dailyyoga.view.CustomRobotoLightTextView",
                                          "bounds": [
                                            53,
                                            1650,
                                            557,
                                            168
                                          ]
                                        }
                                      ]
                                    }
                                  ]
                                },
                                {
                                  "class": "android.widget.Button",
                                  "bounds": [
                                    106,
                                    3522,
                                    1387,
                                    1774
                                  ]
                                }
                              ]
                            }
                          ]
                        }
                      ]
                    }
                  ]
                }
              ]
            }
          ]
        }
      ]
    }
  ]
}