{
  "class": "com.android.internal.policy.PhoneWindow$DecorView",
  "bounds": [
    0,
    0,
    1440,
    2560
  ],
  "children": [
    {
      "class": "com.android.internal.widget.ActionBarOverlayLayout",
      "bounds": [
        0,
        0,
        1440,
        2392
      ],
      "children": [
        {
          "class": "android.widget.FrameLayout",
          "bounds": [
            0,
            392,
            1440,
            2392
          ],
          "children": [
            {
              "class": "android.support.v4.widget.DrawerLayout",
              "bounds": [
                0,
                196,
                1440,
                2196
              ],
              "children": [
                {
                  "class": "android.widget.FrameLayout",
                  "bounds": [
                    0,
                    196,
                    1440,
                    2196
                  ],
                  "children": [
                    {
                      "class": "android.widget.RelativeLayout",
                      "bounds": [
                        0,
                        196,
                        1440,
                        2196
                      ],
                      "children": [
                        {
                          "class": "android.widget.FrameLayout",
                          "bounds": [
                            0,
                            196,
                            1440,
                            2196
                          ],
                          "children": [
                            {
                              "class": "android.widget.LinearLayout",
                              "bounds": [
                                0,
                                196,
                                1440,
                                2196
                              ],
                              "children": [
                                {
                                  "class": "android.widget.FrameLayout",
                                  "bounds": [
                                    0,
                                    196,
                                    1440,
                                    1220
                                  ],
                                  "children": [
                                    {
                                      "class": "android.widget.LinearLayout",
                                      "bounds": [
                                        0,
                                        196,
                                        1440,
                                        1220
                                      ],
                                      "children": [
                                        {
                                          "class": "android.widget.ListView",
                                          "bounds": [
                                            0,
                                            196,
                                            1440,
                                            1220
                                          ],
                                          "children": [
                                            {
                                              "class": "android.widget.LinearLayout",
                                              "bounds": [
                                                0,
                                                196,
                                                1440,
                                                254
                                              ],
                                              "children": [
                                                {
                                                  "class": "android.widget.RelativeLayout",
                                                  "bounds": [
                                                    112,
                                                    196,
                                                    1384,
                                                    254
                                                  ],
                                                  "children": [
                                                    {
                                                      "class": "android.widget.TextView",
                                                      "bounds": [
                                                        56,
                                                        308,
                                                        151,
                                                        132
                                                      ]
                                                    },
                                                    {
                                                      "class": "android.widget.TextView",
                                                      "bounds": [
                                                        56,
                                                        460,
                                                        304,
                                                        198
                                                      ]
                                                    }
                                                  ]
                                                }
                                              ]
                                            },
                                            {
                                              "class": "android.widget.LinearLayout",
                                              "bounds": [
                                                0,
                                                712,
                                                1440,
                                                512
                                              ],
                                              "children": [
                                                {
                                                  "class": "android.widget.RelativeLayout",
                                                  "bounds": [
                                                    112,
                                                    454,
                                                    1384,
                                                    254
                                                  ],
                                                  "children": [
                                                    {
                                                      "class": "android.widget.TextView",
                                                      "bounds": [
                                                        56,
                                                        566,
                                                        128,
                                                        132
                                                      ]
                                                    },
                                                    {
                                                      "class": "android.widget.TextView",
                                                      "bounds": [
                                                        56,
                                                        718,
                                                        304,
                                                        198
                                                      ]
                                                    }
                                                  ]
                                                }
                                              ]
                                            },
                                            {
                                              "class": "android.widget.LinearLayout",
                                              "bounds": [
                                                0,
                                                1228,
                                                1440,
                                                770
                                              ],
                                              "children": [
                                                {
                                                  "class": "android.widget.RelativeLayout",
                                                  "bounds": [
                                                    112,
                                                    712,
                                                    1162,
                                                    254
                                                  ],
                                                  "children": [
                                                    {
                                                      "class": "android.widget.TextView",
                                                      "bounds": [
                                                        56,
                                                        824,
                                                        475,
                                                        132
                                                      ]
                                                    },
                                                    {
                                                      "class": "android.widget.TextView",
                                                      "bounds": [
                                                        56,
                                                        976,
                                                        183,
                                                        198
                                                      ]
                                                    }
                                                  ]
                                                },
                                                {
                                                  "class": "android.widget.LinearLayout",
                                                  "bounds": [
                                                    2324,
                                                    712,
                                                    1384,
                                                    254
                                                  ],
                                                  "children": [
                                                    {
                                                      "class": "android.widget.Switch",
                                                      "bounds": [
                                                        1274,
                                                        870,
                                                        222,
                                                        174
                                                      ]
                                                    }
                                                  ]
                                                }
                                              ]
                                            },
                                            {
                                              "class": "android.widget.LinearLayout",
                                              "bounds": [
                                                0,
                                                1744,
                                                1440,
                                                1028
                                              ],
                                              "children": [
                                                {
                                                  "class": "android.widget.RelativeLayout",
                                                  "bounds": [
                                                    112,
                                                    970,
                                                    1162,
                                                    254
                                                  ],
                                                  "children": [
                                                    {
                                                      "class": "android.widget.TextView",
                                                      "bounds": [
                                                        56,
                                                        1082,
                                                        473,
                                                        132
                                                      ]
                                                    },
                                                    {
                                                      "class": "android.widget.TextView",
                                                      "bounds": [
                                                        56,
                                                        1234,
                                                        182,
                                                        198
                                                      ]
                                                    }
                                                  ]
                                                },
                                                {
                                                  "class": "android.widget.LinearLayout",
                                                  "bounds": [
                                                    2324,
                                                    970,
                                                    1384,
                                                    254
                                                  ],
                                                  "children": [
                                                    {
                                                      "class": "android.widget.Switch",
                                                      "bounds": [
                                                        1274,
                                                        1128,
                                                        222,
                                                        174
                                                      ]
                                                    }
                                                  ]
                                                }
                                              ]
                                            },
                                            {
                                              "class": "android.widget.LinearLayout",
                                              "bounds": [
                                                0,
                                                2260,
                                                1440,
                                                1220
                                              ],
                                              "children": [
                                                {
                                                  "class": "android.widget.RelativeLayout",
                                                  "bounds": [
                                                    112,
                                                    1228,
                                                    1162,
                                                    188
                                                  ],
                                                  "children": [
                                                    {
                                                      "class": "android.widget.TextView",
                                                      "bounds": [
                                                        56,
                                                        1340,
                                                        461,
                                                        132
                                                      ]
                                                    }
                                                  ]
                                                },
                                                {
                                                  "class": "android.widget.LinearLayout",
                                                  "bounds": [
                                                    2324,
                                                    1228,
                                                    1384,
                                                    188
                                                  ],
                                                  "children": [
                                                    {
                                                      "class": "android.widget.Switch",
                                                      "bounds": [
                                                        1274,
                                                        1320,
                                                        222,
                                                        141
                                                      ]
                                                    }
                                                  ]
                                                }
                                              ]
                                            }
                                          ]
                                        }
                                      ]
                                    }
                                  ]
                                },
                                {
                                  "class": "android.widget.ImageView",
                                  "bounds": [
                                    0,
                                    4252,
                                    476,
                                    2196
                                  ]
                                }
                              ]
                            }
                          ]
                        }
                      ]
                    }
                  ]
                }
              ]
            }
          ]
        },
        {
          "class": "com.android.internal.widget.ActionBarContainer",
          "bounds": [
            0,
            0,
            1440,
            196
          ],
          "children": [
            {
              "class": "android.widget.Toolbar",
              "bounds": [
                0,
                0,
                1440,
                196
              ],
              "children": [
                {
                  "class": "android.widget.ImageButton",
                  "bounds": [
                    0,
                    0,
                    196,
                    196
                  ]
                },
                {
                  "class": "android.widget.ImageView",
                  "bounds": [
                    392,
                    194,
                    197,
                    98
                  ]
                },
                {
                  "class": "android.widget.TextView",
                  "bounds": [
                    422,
                    110,
                    755,
                    140
                  ]
                },
                {
                  "class": "android.widget.ActionMenuView",
                  "bounds": [
                    2880,
                    0,
                    1440,
                    196
                  ]
                }
              ]
            }
          ]
        }
      ]
    },
    {
      "class": "android.view.View",
      "bounds": [
        0,
        4784,
        1440,
        2560
      ]
    }
  ]
}