{
  "class": "com.android.internal.policy.PhoneWindow$DecorView",
  "bounds": [
    0,
    0,
    1440,
    2560
  ],
  "children": [
    {
      "class": "android.widget.LinearLayout",
      "bounds": [
        0,
        0,
        1440,
        2392
      ],
      "children": [
        {
          "class": "android.widget.FrameLayout",
          "bounds": [
            0,
            168,
            1440,
            2392
          ],
          "children": [
            {
              "class": "android.support.v7.widget.FitWindowsLinearLayout",
              "bounds": [
                0,
                84,
                1440,
                2308
              ],
              "children": [
                {
                  "class": "android.support.v7.widget.ContentFrameLayout",
                  "bounds": [
                    0,
                    84,
                    1440,
                    2308
                  ],
                  "children": [
                    {
                      "class": "android.support.v4.widget.DrawerLayout",
                      "bounds": [
                        0,
                        84,
                        1440,
                        2308
                      ],
                      "children": [
                        {
                          "class": "android.widget.RelativeLayout",
                          "bounds": [
                            0,
                            84,
                            1440,
                            2308
                          ],
                          "children": [
                            {
                              "class": "android.widget.LinearLayout",
                              "bounds": [
                                0,
                                84,
                                1440,
                                2308
                              ],
                              "children": [
                                {
                                  "class": "com.usnaviguide.radarnow.overlays.RNMapView",
                                  "bounds": [
                                    0,
                                    84,
                                    1440,
                                    2308
                                  ]
                                }
                              ]
                            },
                            {
                              "class": "android.support.v7.widget.AppCompatImageView",
                              "bounds": [
                                0,
                                434,
                                0,
                                175
                              ]
                            },
                            {
                              "class": "android.support.v7.widget.AppCompatImageView",
                              "bounds": [
                                0,
                                546,
                                0,
                                231
                              ]
                            },
                            {
                              "class": "android.support.v7.widget.AppCompatImageView",
                              "bounds": [
                                0,
                                4350,
                                0,
                                2133
                              ]
                            },
                            {
                              "class": "android.support.v7.widget.AppCompatImageView",
                              "bounds": [
                                0,
                                4210,
                                0,
                                2063
                              ]
                            },
                            {
                              "class": "android.support.v7.widget.AppCompatImageView",
                              "bounds": [
                                0,
                                3734,
                                0,
                                1825
                              ]
                            },
                            {
                              "class": "android.widget.LinearLayout",
                              "bounds": [
                                0,
                                84,
                                1440,
                                175
                              ],
                              "children": [
                                {
                                  "class": "android.widget.LinearLayout",
                                  "bounds": [
                                    0,
                                    84,
                                    1440,
                                    175
                                  ],
                                  "children": [
                                    {
                                      "class": "android.support.v7.widget.AppCompatImageView",
                                      "bounds": [
                                        0,
                                        84,
                                        154,
                                        175
                                      ]
                                    },
                                    {
                                      "class": "android.support.v7.widget.AppCompatTextView",
                                      "bounds": [
                                        322,
                                        84,
                                        1146,
                                        175
                                      ]
                                    },
                                    {
                                      "class": "android.support.v7.widget.AppCompatImageView",
                                      "bounds": [
                                        2292,
                                        84,
                                        1300,
                                        175
                                      ]
                                    },
                                    {
                                      "class": "android.support.v7.widget.AppCompatImageView",
                                      "bounds": [
                                        2600,
                                        84,
                                        1440,
                                        175
                                      ]
                                    }
                                  ]
                                }
                              ]
                            },
                            {
                              "class": "android.widget.LinearLayout",
                              "bounds": [
                                1066,
                                546,
                                1384,
                                371
                              ],
                              "children": [
                                {
                                  "class": "android.widget.LinearLayout",
                                  "bounds": [
                                    533,
                                    315,
                                    851,
                                    140
                                  ],
                                  "children": [
                                    {
                                      "class": "android.support.v7.widget.AppCompatTextView",
                                      "bounds": [
                                        561,
                                        369,
                                        277,
                                        112
                                      ]
                                    },
                                    {
                                      "class": "android.support.v7.widget.AppCompatSeekBar",
                                      "bounds": [
                                        1087,
                                        391,
                                        697,
                                        101
                                      ]
                                    },
                                    {
                                      "class": "android.support.v7.widget.AppCompatImageView",
                                      "bounds": [
                                        1941,
                                        329,
                                        830,
                                        133
                                      ]
                                    }
                                  ]
                                }
                              ]
                            },
                            {
                              "class": "android.widget.LinearLayout",
                              "bounds": [
                                2880,
                                4210,
                                1440,
                                2063
                              ]
                            },
                            {
                              "class": "com.hotfix.FloatingActionButtonHotFix",
                              "bounds": [
                                2488,
                                3538,
                                1384,
                                1867
                              ]
                            },
                            {
                              "class": "com.hotfix.FloatingActionButtonHotFix",
                              "bounds": [
                                2488,
                                3874,
                                1384,
                                2035
                              ]
                            },
                            {
                              "class": "com.hotfix.FloatingActionButtonHotFix",
                              "bounds": [
                                112,
                                3874,
                                196,
                                2035
                              ]
                            },
                            {
                              "class": "com.hotfix.FloatingActionButtonHotFix",
                              "bounds": [
                                504,
                                3874,
                                392,
                                2035
                              ]
                            },
                            {
                              "class": "com.hotfix.FloatingActionButtonHotFix",
                              "bounds": [
                                112,
                                3538,
                                196,
                                1867
                              ]
                            },
                            {
                              "class": "com.hotfix.FloatingActionButtonHotFix",
                              "bounds": [
                                112,
                                3202,
                                196,
                                1699
                              ]
                            },
                            {
                              "class": "android.widget.RelativeLayout",
                              "bounds": [
                                0,
                                4350,
                                1440,
                                2133
                              ],
                              "children": []
                            },
                            {
                              "class": "android.widget.RelativeLayout",
                              "bounds": [
                                0,
                                4350,
                                1440,
                                2308
                              ],
                              "children": [
                                {
                                  "class": "android.widget.LinearLayout",
                                  "bounds": [
                                    0,
                                    2217,
                                    1440,
                                    175
                                  ],
                                  "children": [
                                    {
                                      "class": "com.google.android.gms.ads.AdView",
                                      "bounds": [
                                        0,
                                        2217,
                                        1440,
                                        175
                                      ],
                                      "children": [
                                        {
                                          "class": "com.google.android.gms.ads.internal.bp",
                                          "bounds": [
                                            0,
                                            2217,
                                            1440,
                                            175
                                          ],
                                          "children": [
                                            {
                                              "class": "com.google.android.gms.ads.internal.webview.n",
                                              "bounds": [
                                                0,
                                                2217,
                                                1440,
                                                175
                                              ],
                                              "children": [
                                                {
                                                  "class": "com.google.android.gms.ads.internal.webview.o",
                                                  "bounds": [
                                                    0,
                                                    2217,
                                                    1440,
                                                    175
                                                  ]
                                                }
                                              ]
                                            }
                                          ]
                                        }
                                      ]
                                    }
                                  ]
                                }
                              ]
                            }
                          ]
                        }
                      ]
                    }
                  ]
                }
              ]
            }
          ]
        }
      ]
    },
    {
      "class": "android.view.View",
      "bounds": [
        0,
        4784,
        1440,
        2560
      ]
    },
    {
      "class": "android.view.View",
      "bounds": [
        0,
        0,
        1440,
        84
      ]
    }
  ]
}