{
  "class": "com.android.internal.policy.PhoneWindow$DecorView",
  "bounds": [
    0,
    0,
    1440,
    2392
  ],
  "children": [
    {
      "class": "android.widget.LinearLayout",
      "bounds": [
        0,
        0,
        1440,
        2392
      ],
      "children": [
        {
          "class": "android.widget.FrameLayout",
          "bounds": [
            0,
            168,
            1440,
            2392
          ],
          "children": [
            {
              "class": "android.widget.LinearLayout",
              "bounds": [
                0,
                84,
                1440,
                2308
              ],
              "children": [
                {
                  "class": "android.widget.RelativeLayout",
                  "bounds": [
                    0,
                    84,
                    1440,
                    175
                  ],
                  "children": [
                    {
                      "class": "android.widget.LinearLayout",
                      "bounds": [
                        0,
                        84,
                        1440,
                        175
                      ],
                      "children": [
                        {
                          "class": "android.widget.LinearLayout",
                          "bounds": [
                            112,
                            84,
                            1384,
                            175
                          ],
                          "children": [
                            {
                              "class": "android.widget.ImageView",
                              "bounds": [
                                56,
                                174,
                                84,
                                129
                              ]
                            },
                            {
                              "class": "android.widget.TextView",
                              "bounds": [
                                224,
                                168,
                                372,
                                132
                              ]
                            },
                            {
                              "class": "android.widget.RelativeLayout",
                              "bounds": [
                                800,
                                84,
                                1328,
                                175
                              ],
                              "children": [
                                {
                                  "class": "android.widget.Spinner",
                                  "bounds": [
                                    1456,
                                    84,
                                    956,
                                    175
                                  ],
                                  "children": [
                                    {
                                      "class": "android.widget.CheckedTextView",
                                      "bounds": [
                                        942,
                                        150,
                                        442,
                                        141
                                      ]
                                    }
                                  ]
                                }
                              ]
                            }
                          ]
                        },
                        {
                          "class": "android.widget.LinearLayout",
                          "bounds": [
                            2768,
                            84,
                            1384,
                            175
                          ],
                          "children": []
                        }
                      ]
                    }
                  ]
                },
                {
                  "class": "android.support.v4.widget.DrawerLayout",
                  "bounds": [
                    0,
                    434,
                    1440,
                    2308
                  ],
                  "children": [
                    {
                      "class": "android.widget.FrameLayout",
                      "bounds": [
                        0,
                        259,
                        1440,
                        2133
                      ],
                      "children": [
                        {
                          "class": "android.widget.RelativeLayout",
                          "bounds": [
                            0,
                            259,
                            1440,
                            2133
                          ],
                          "children": [
                            {
                              "class": "android.widget.ListView",
                              "bounds": [
                                0,
                                259,
                                1440,
                                0
                              ]
                            },
                            {
                              "class": "android.widget.Button",
                              "bounds": [
                                1188,
                                3985,
                                846,
                                2115
                              ]
                            }
                          ]
                        }
                      ]
                    },
                    {
                      "class": "android.widget.ListView",
                      "bounds": [
                        0,
                        259,
                        875,
                        2133
                      ],
                      "children": [
                        {
                          "class": "android.widget.LinearLayout",
                          "bounds": [
                            0,
                            259,
                            875,
                            158
                          ],
                          "children": [
                            {
                              "class": "android.widget.LinearLayout",
                              "bounds": [
                                0,
                                259,
                                875,
                                154
                              ],
                              "children": [
                                {
                                  "class": "android.view.View",
                                  "bounds": [
                                    0,
                                    259,
                                    14,
                                    154
                                  ]
                                },
                                {
                                  "class": "android.widget.LinearLayout",
                                  "bounds": [
                                    28,
                                    259,
                                    498,
                                    154
                                  ],
                                  "children": [
                                    {
                                      "class": "android.widget.ImageView",
                                      "bounds": [
                                        120,
                                        329,
                                        137,
                                        119
                                      ]
                                    },
                                    {
                                      "class": "android.widget.TextView",
                                      "bounds": [
                                        498,
                                        337,
                                        449,
                                        115
                                      ]
                                    }
                                  ]
                                }
                              ]
                            },
                            {
                              "class": "android.widget.TextView",
                              "bounds": [
                                14,
                                567,
                                868,
                                158
                              ]
                            }
                          ]
                        },
                        {
                          "class": "android.widget.LinearLayout",
                          "bounds": [
                            0,
                            573,
                            875,
                            315
                          ],
                          "children": [
                            {
                              "class": "android.widget.LinearLayout",
                              "bounds": [
                                0,
                                416,
                                875,
                                154
                              ],
                              "children": [
                                {
                                  "class": "android.view.View",
                                  "bounds": [
                                    0,
                                    416,
                                    14,
                                    154
                                  ]
                                },
                                {
                                  "class": "android.widget.LinearLayout",
                                  "bounds": [
                                    28,
                                    416,
                                    415,
                                    154
                                  ],
                                  "children": [
                                    {
                                      "class": "android.widget.ImageView",
                                      "bounds": [
                                        120,
                                        486,
                                        137,
                                        119
                                      ]
                                    },
                                    {
                                      "class": "android.widget.TextView",
                                      "bounds": [
                                        498,
                                        494,
                                        366,
                                        115
                                      ]
                                    }
                                  ]
                                }
                              ]
                            },
                            {
                              "class": "android.widget.TextView",
                              "bounds": [
                                14,
                                724,
                                868,
                                158
                              ]
                            }
                          ]
                        },
                        {
                          "class": "android.widget.LinearLayout",
                          "bounds": [
                            0,
                            887,
                            875,
                            472
                          ],
                          "children": [
                            {
                              "class": "android.widget.LinearLayout",
                              "bounds": [
                                0,
                                573,
                                875,
                                154
                              ],
                              "children": [
                                {
                                  "class": "android.view.View",
                                  "bounds": [
                                    0,
                                    573,
                                    14,
                                    154
                                  ]
                                },
                                {
                                  "class": "android.widget.LinearLayout",
                                  "bounds": [
                                    28,
                                    573,
                                    396,
                                    154
                                  ],
                                  "children": [
                                    {
                                      "class": "android.widget.ImageView",
                                      "bounds": [
                                        120,
                                        643,
                                        137,
                                        119
                                      ]
                                    },
                                    {
                                      "class": "android.widget.TextView",
                                      "bounds": [
                                        498,
                                        651,
                                        347,
                                        115
                                      ]
                                    }
                                  ]
                                }
                              ]
                            },
                            {
                              "class": "android.widget.TextView",
                              "bounds": [
                                14,
                                881,
                                868,
                                158
                              ]
                            }
                          ]
                        },
                        {
                          "class": "android.widget.LinearLayout",
                          "bounds": [
                            0,
                            1201,
                            875,
                            629
                          ],
                          "children": [
                            {
                              "class": "android.widget.LinearLayout",
                              "bounds": [
                                0,
                                730,
                                875,
                                154
                              ],
                              "children": [
                                {
                                  "class": "android.view.View",
                                  "bounds": [
                                    0,
                                    730,
                                    14,
                                    154
                                  ]
                                },
                                {
                                  "class": "android.widget.LinearLayout",
                                  "bounds": [
                                    28,
                                    730,
                                    531,
                                    154
                                  ],
                                  "children": [
                                    {
                                      "class": "android.widget.ImageView",
                                      "bounds": [
                                        120,
                                        800,
                                        137,
                                        119
                                      ]
                                    },
                                    {
                                      "class": "android.widget.TextView",
                                      "bounds": [
                                        498,
                                        808,
                                        482,
                                        115
                                      ]
                                    }
                                  ]
                                }
                              ]
                            },
                            {
                              "class": "android.widget.TextView",
                              "bounds": [
                                14,
                                1038,
                                868,
                                158
                              ]
                            }
                          ]
                        },
                        {
                          "class": "android.widget.LinearLayout",
                          "bounds": [
                            0,
                            1515,
                            875,
                            786
                          ],
                          "children": [
                            {
                              "class": "android.widget.LinearLayout",
                              "bounds": [
                                0,
                                887,
                                875,
                                154
                              ],
                              "children": [
                                {
                                  "class": "android.view.View",
                                  "bounds": [
                                    0,
                                    887,
                                    14,
                                    154
                                  ]
                                },
                                {
                                  "class": "android.widget.LinearLayout",
                                  "bounds": [
                                    28,
                                    887,
                                    485,
                                    154
                                  ],
                                  "children": [
                                    {
                                      "class": "android.widget.ImageView",
                                      "bounds": [
                                        120,
                                        957,
                                        137,
                                        119
                                      ]
                                    },
                                    {
                                      "class": "android.widget.TextView",
                                      "bounds": [
                                        498,
                                        965,
                                        436,
                                        115
                                      ]
                                    }
                                  ]
                                }
                              ]
                            },
                            {
                              "class": "android.widget.TextView",
                              "bounds": [
                                14,
                                1195,
                                868,
                                158
                              ]
                            }
                          ]
                        },
                        {
                          "class": "android.widget.LinearLayout",
                          "bounds": [
                            0,
                            1829,
                            875,
                            943
                          ],
                          "children": [
                            {
                              "class": "android.widget.LinearLayout",
                              "bounds": [
                                0,
                                1044,
                                875,
                                154
                              ],
                              "children": [
                                {
                                  "class": "android.view.View",
                                  "bounds": [
                                    0,
                                    1044,
                                    14,
                                    154
                                  ]
                                },
                                {
                                  "class": "android.widget.LinearLayout",
                                  "bounds": [
                                    28,
                                    1044,
                                    503,
                                    154
                                  ],
                                  "children": [
                                    {
                                      "class": "android.widget.ImageView",
                                      "bounds": [
                                        120,
                                        1114,
                                        137,
                                        119
                                      ]
                                    },
                                    {
                                      "class": "android.widget.TextView",
                                      "bounds": [
                                        498,
                                        1122,
                                        454,
                                        115
                                      ]
                                    }
                                  ]
                                }
                              ]
                            },
                            {
                              "class": "android.widget.TextView",
                              "bounds": [
                                14,
                                1352,
                                868,
                                158
                              ]
                            }
                          ]
                        },
                        {
                          "class": "android.widget.LinearLayout",
                          "bounds": [
                            0,
                            2143,
                            875,
                            1100
                          ],
                          "children": [
                            {
                              "class": "android.widget.LinearLayout",
                              "bounds": [
                                0,
                                1201,
                                875,
                                154
                              ],
                              "children": [
                                {
                                  "class": "android.view.View",
                                  "bounds": [
                                    0,
                                    1201,
                                    14,
                                    154
                                  ]
                                },
                                {
                                  "class": "android.widget.LinearLayout",
                                  "bounds": [
                                    28,
                                    1201,
                                    536,
                                    154
                                  ],
                                  "children": [
                                    {
                                      "class": "android.widget.ImageView",
                                      "bounds": [
                                        120,
                                        1271,
                                        137,
                                        119
                                      ]
                                    },
                                    {
                                      "class": "android.widget.TextView",
                                      "bounds": [
                                        498,
                                        1279,
                                        487,
                                        115
                                      ]
                                    }
                                  ]
                                }
                              ]
                            },
                            {
                              "class": "android.widget.TextView",
                              "bounds": [
                                14,
                                1509,
                                868,
                                158
                              ]
                            }
                          ]
                        },
                        {
                          "class": "android.widget.LinearLayout",
                          "bounds": [
                            0,
                            2457,
                            875,
                            1257
                          ],
                          "children": [
                            {
                              "class": "android.widget.LinearLayout",
                              "bounds": [
                                0,
                                1358,
                                875,
                                154
                              ],
                              "children": [
                                {
                                  "class": "android.view.View",
                                  "bounds": [
                                    0,
                                    1358,
                                    14,
                                    154
                                  ]
                                },
                                {
                                  "class": "android.widget.LinearLayout",
                                  "bounds": [
                                    28,
                                    1358,
                                    763,
                                    154
                                  ],
                                  "children": [
                                    {
                                      "class": "android.widget.ImageView",
                                      "bounds": [
                                        120,
                                        1428,
                                        137,
                                        119
                                      ]
                                    },
                                    {
                                      "class": "android.widget.TextView",
                                      "bounds": [
                                        498,
                                        1436,
                                        714,
                                        115
                                      ]
                                    }
                                  ]
                                }
                              ]
                            },
                            {
                              "class": "android.widget.TextView",
                              "bounds": [
                                14,
                                1666,
                                868,
                                158
                              ]
                            }
                          ]
                        },
                        {
                          "class": "android.widget.LinearLayout",
                          "bounds": [
                            0,
                            2771,
                            875,
                            1414
                          ],
                          "children": [
                            {
                              "class": "android.widget.LinearLayout",
                              "bounds": [
                                0,
                                1515,
                                875,
                                154
                              ],
                              "children": [
                                {
                                  "class": "android.view.View",
                                  "bounds": [
                                    0,
                                    1515,
                                    14,
                                    154
                                  ]
                                },
                                {
                                  "class": "android.widget.LinearLayout",
                                  "bounds": [
                                    28,
                                    1515,
                                    644,
                                    154
                                  ],
                                  "children": [
                                    {
                                      "class": "android.widget.ImageView",
                                      "bounds": [
                                        120,
                                        1585,
                                        137,
                                        119
                                      ]
                                    },
                                    {
                                      "class": "android.widget.TextView",
                                      "bounds": [
                                        498,
                                        1593,
                                        595,
                                        115
                                      ]
                                    }
                                  ]
                                }
                              ]
                            },
                            {
                              "class": "android.widget.TextView",
                              "bounds": [
                                14,
                                1823,
                                868,
                                158
                              ]
                            }
                          ]
                        },
                        {
                          "class": "android.widget.LinearLayout",
                          "bounds": [
                            0,
                            3085,
                            875,
                            1571
                          ],
                          "children": [
                            {
                              "class": "android.widget.LinearLayout",
                              "bounds": [
                                0,
                                1672,
                                875,
                                154
                              ],
                              "children": [
                                {
                                  "class": "android.view.View",
                                  "bounds": [
                                    0,
                                    1672,
                                    14,
                                    154
                                  ]
                                },
                                {
                                  "class": "android.widget.LinearLayout",
                                  "bounds": [
                                    28,
                                    1672,
                                    632,
                                    154
                                  ],
                                  "children": [
                                    {
                                      "class": "android.widget.ImageView",
                                      "bounds": [
                                        120,
                                        1742,
                                        137,
                                        119
                                      ]
                                    },
                                    {
                                      "class": "android.widget.TextView",
                                      "bounds": [
                                        498,
                                        1750,
                                        583,
                                        115
                                      ]
                                    }
                                  ]
                                }
                              ]
                            },
                            {
                              "class": "android.widget.TextView",
                              "bounds": [
                                14,
                                1980,
                                868,
                                158
                              ]
                            }
                          ]
                        },
                        {
                          "class": "android.widget.LinearLayout",
                          "bounds": [
                            0,
                            3399,
                            875,
                            1728
                          ],
                          "children": [
                            {
                              "class": "android.widget.LinearLayout",
                              "bounds": [
                                0,
                                1829,
                                875,
                                154
                              ],
                              "children": [
                                {
                                  "class": "android.view.View",
                                  "bounds": [
                                    0,
                                    1829,
                                    14,
                                    154
                                  ]
                                },
                                {
                                  "class": "android.widget.LinearLayout",
                                  "bounds": [
                                    28,
                                    1829,
                                    406,
                                    154
                                  ],
                                  "children": [
                                    {
                                      "class": "android.widget.ImageView",
                                      "bounds": [
                                        120,
                                        1899,
                                        137,
                                        119
                                      ]
                                    },
                                    {
                                      "class": "android.widget.TextView",
                                      "bounds": [
                                        498,
                                        1907,
                                        357,
                                        115
                                      ]
                                    }
                                  ]
                                }
                              ]
                            },
                            {
                              "class": "android.widget.TextView",
                              "bounds": [
                                14,
                                2137,
                                868,
                                158
                              ]
                            }
                          ]
                        },
                        {
                          "class": "android.widget.LinearLayout",
                          "bounds": [
                            0,
                            3713,
                            875,
                            1885
                          ],
                          "children": [
                            {
                              "class": "android.widget.LinearLayout",
                              "bounds": [
                                0,
                                1986,
                                875,
                                154
                              ],
                              "children": [
                                {
                                  "class": "android.view.View",
                                  "bounds": [
                                    0,
                                    1986,
                                    14,
                                    154
                                  ]
                                },
                                {
                                  "class": "android.widget.LinearLayout",
                                  "bounds": [
                                    28,
                                    1986,
                                    495,
                                    154
                                  ],
                                  "children": [
                                    {
                                      "class": "android.widget.ImageView",
                                      "bounds": [
                                        120,
                                        2056,
                                        137,
                                        119
                                      ]
                                    },
                                    {
                                      "class": "android.widget.TextView",
                                      "bounds": [
                                        498,
                                        2064,
                                        446,
                                        115
                                      ]
                                    }
                                  ]
                                }
                              ]
                            },
                            {
                              "class": "android.widget.TextView",
                              "bounds": [
                                14,
                                2294,
                                868,
                                158
                              ]
                            }
                          ]
                        },
                        {
                          "class": "android.widget.LinearLayout",
                          "bounds": [
                            0,
                            4027,
                            875,
                            2042
                          ],
                          "children": [
                            {
                              "class": "android.widget.LinearLayout",
                              "bounds": [
                                0,
                                2143,
                                875,
                                154
                              ],
                              "children": [
                                {
                                  "class": "android.view.View",
                                  "bounds": [
                                    0,
                                    2143,
                                    14,
                                    154
                                  ]
                                },
                                {
                                  "class": "android.widget.LinearLayout",
                                  "bounds": [
                                    28,
                                    2143,
                                    388,
                                    154
                                  ],
                                  "children": [
                                    {
                                      "class": "android.widget.ImageView",
                                      "bounds": [
                                        120,
                                        2213,
                                        137,
                                        119
                                      ]
                                    },
                                    {
                                      "class": "android.widget.TextView",
                                      "bounds": [
                                        498,
                                        2221,
                                        339,
                                        115
                                      ]
                                    }
                                  ]
                                }
                              ]
                            },
                            {
                              "class": "android.widget.TextView",
                              "bounds": [
                                14,
                                2451,
                                868,
                                158
                              ]
                            }
                          ]
                        }
                      ]
                    }
                  ]
                }
              ]
            }
          ]
        }
      ]
    }
  ]
}