{
  "class": "com.android.internal.policy.PhoneWindow$DecorView",
  "bounds": [
    0,
    0,
    1440,
    2392
  ],
  "children": [
    {
      "class": "android.widget.LinearLayout",
      "bounds": [
        0,
        0,
        1440,
        2392
      ],
      "children": [
        {
          "class": "android.widget.FrameLayout",
          "bounds": [
            0,
            168,
            1440,
            2392
          ],
          "children": [
            {
              "class": "android.widget.RelativeLayout",
              "bounds": [
                0,
                84,
                1440,
                2308
              ],
              "children": [
                {
                  "class": "android.widget.LinearLayout",
                  "bounds": [
                    0,
                    84,
                    1440,
                    163
                  ],
                  "children": [
                    {
                      "class": "android.widget.TextView",
                      "bounds": [
                        0,
                        154,
                        1440,
                        128
                      ]
                    }
                  ]
                },
                {
                  "class": "android.widget.ScrollView",
                  "bounds": [
                    0,
                    410,
                    1440,
                    2133
                  ],
                  "children": [
                    {
                      "class": "android.widget.LinearLayout",
                      "bounds": [
                        0,
                        247,
                        1440,
                        990
                      ],
                      "children": [
                        {
                          "class": "android.widget.RelativeLayout",
                          "bounds": [
                            0,
                            247,
                            1440,
                            198
                          ],
                          "children": [
                            {
                              "class": "android.widget.ImageView",
                              "bounds": [
                                2754,
                                399,
                                1405,
                                122
                              ]
                            },
                            {
                              "class": "android.widget.TextView",
                              "bounds": [
                                70,
                                317,
                                1377,
                                106
                              ]
                            },
                            {
                              "class": "android.widget.TextView",
                              "bounds": [
                                70,
                                459,
                                1377,
                                163
                              ]
                            }
                          ]
                        },
                        {
                          "class": "android.widget.RelativeLayout",
                          "bounds": [
                            0,
                            643,
                            1440,
                            396
                          ],
                          "children": [
                            {
                              "class": "android.widget.ImageView",
                              "bounds": [
                                2754,
                                597,
                                1405,
                                122
                              ]
                            },
                            {
                              "class": "android.widget.TextView",
                              "bounds": [
                                70,
                                515,
                                1377,
                                106
                              ]
                            },
                            {
                              "class": "android.widget.TextView",
                              "bounds": [
                                70,
                                657,
                                1377,
                                163
                              ]
                            }
                          ]
                        },
                        {
                          "class": "android.widget.RelativeLayout",
                          "bounds": [
                            0,
                            1039,
                            1440,
                            594
                          ],
                          "children": [
                            {
                              "class": "android.widget.ImageView",
                              "bounds": [
                                2754,
                                795,
                                1405,
                                122
                              ]
                            },
                            {
                              "class": "android.widget.TextView",
                              "bounds": [
                                70,
                                713,
                                1377,
                                106
                              ]
                            },
                            {
                              "class": "android.widget.TextView",
                              "bounds": [
                                70,
                                855,
                                1377,
                                163
                              ]
                            }
                          ]
                        },
                        {
                          "class": "android.widget.RelativeLayout",
                          "bounds": [
                            0,
                            1435,
                            1440,
                            792
                          ],
                          "children": [
                            {
                              "class": "android.widget.ImageView",
                              "bounds": [
                                2754,
                                993,
                                1405,
                                122
                              ]
                            },
                            {
                              "class": "android.widget.TextView",
                              "bounds": [
                                70,
                                911,
                                1377,
                                106
                              ]
                            },
                            {
                              "class": "android.widget.TextView",
                              "bounds": [
                                70,
                                1053,
                                1377,
                                163
                              ]
                            }
                          ]
                        },
                        {
                          "class": "android.widget.RelativeLayout",
                          "bounds": [
                            0,
                            1831,
                            1440,
                            990
                          ],
                          "children": [
                            {
                              "class": "android.widget.ImageView",
                              "bounds": [
                                2754,
                                1191,
                                1405,
                                122
                              ]
                            },
                            {
                              "class": "android.widget.TextView",
                              "bounds": [
                                70,
                                1109,
                                1377,
                                106
                              ]
                            },
                            {
                              "class": "android.widget.TextView",
                              "bounds": [
                                70,
                                1251,
                                1377,
                                163
                              ]
                            }
                          ]
                        }
                      ]
                    }
                  ]
                },
                {
                  "class": "android.widget.FrameLayout",
                  "bounds": [
                    0,
                    4350,
                    1440,
                    2308
                  ],
                  "children": [
                    {
                      "class": "android.widget.LinearLayout",
                      "bounds": [
                        0,
                        2217,
                        1440,
                        175
                      ],
                      "children": [
                        {
                          "class": "com.google.android.gms.ads.AdView",
                          "bounds": [
                            320,
                            2217,
                            1280,
                            175
                          ],
                          "children": [
                            {
                              "class": "com.google.android.gms.ads.internal.bp",
                              "bounds": [
                                160,
                                2217,
                                1120,
                                175
                              ],
                              "children": [
                                {
                                  "class": "com.google.android.gms.ads.internal.webview.n",
                                  "bounds": [
                                    160,
                                    2217,
                                    1120,
                                    175
                                  ],
                                  "children": [
                                    {
                                      "class": "com.google.android.gms.ads.internal.webview.o",
                                      "bounds": [
                                        160,
                                        2217,
                                        1120,
                                        175
                                      ]
                                    }
                                  ]
                                }
                              ]
                            }
                          ]
                        }
                      ]
                    }
                  ]
                }
              ]
            }
          ]
        }
      ]
    }
  ]
}