{
  "class": "com.android.internal.policy.PhoneWindow$DecorView",
  "bounds": [
    0,
    0,
    1440,
    2392
  ],
  "children": [
    {
      "class": "android.widget.LinearLayout",
      "bounds": [
        0,
        0,
        1440,
        2392
      ],
      "children": [
        {
          "class": "android.widget.FrameLayout",
          "bounds": [
            0,
            0,
            1440,
            2392
          ],
          "children": [
            {
              "class": "android.widget.RelativeLayout",
              "bounds": [
                0,
                0,
                1440,
                2392
              ],
              "children": [
                {
                  "class": "android.widget.RelativeLayout",
                  "bounds": [
                    0,
                    0,
                    1440,
                    172
                  ],
                  "children": [
                    {
                      "class": "android.widget.ImageView",
                      "bounds": [
                        0,
                        0,
                        168,
                        168
                      ]
                    },
                    {
                      "class": "android.widget.LinearLayout",
                      "bounds": [
                        774,
                        0,
                        1052,
                        172
                      ],
                      "children": [
                        {
                          "class": "android.widget.ProgressBar",
                          "bounds": [
                            387,
                            126,
                            665,
                            109
                          ]
                        }
                      ]
                    },
                    {
                      "class": "android.widget.LinearLayout",
                      "bounds": [
                        2606,
                        106,
                        1387,
                        110
                      ],
                      "children": [
                        {
                          "class": "android.widget.TextView",
                          "bounds": [
                            1303,
                            53,
                            24,
                            57
                          ]
                        },
                        {
                          "class": "android.widget.TextView",
                          "bounds": [
                            1351,
                            53,
                            60,
                            57
                          ]
                        },
                        {
                          "class": "android.widget.TextView",
                          "bounds": [
                            1423,
                            53,
                            84,
                            57
                          ]
                        }
                      ]
                    }
                  ]
                },
                {
                  "class": "android.widget.RelativeLayout",
                  "bounds": [
                    0,
                    344,
                    1440,
                    2392
                  ],
                  "children": [
                    {
                      "class": "android.widget.ScrollView",
                      "bounds": [
                        0,
                        172,
                        1440,
                        1975
                      ],
                      "children": [
                        {
                          "class": "android.widget.LinearLayout",
                          "bounds": [
                            0,
                            172,
                            1440,
                            3777
                          ],
                          "children": [
                            {
                              "class": "com.babbel.mobile.android.en.views.StyledTextView",
                              "bounds": [
                                0,
                                225,
                                1440,
                                124
                              ]
                            },
                            {
                              "class": "com.babbel.mobile.android.en.trainer.LinearFlipper",
                              "bounds": [
                                0,
                                349,
                                1440,
                                3777
                              ],
                              "children": [
                                {
                                  "class": "com.babbel.mobile.android.en.trainer.DialogTrainer",
                                  "bounds": [
                                    0,
                                    172,
                                    1440,
                                    3600
                                  ],
                                  "children": [
                                    {
                                      "class": "android.widget.LinearLayout",
                                      "bounds": [
                                        104,
                                        172,
                                        1388,
                                        3600
                                      ],
                                      "children": [
                                        {
                                          "class": "android.widget.LinearLayout",
                                          "bounds": [
                                            52,
                                            172,
                                            1336,
                                            239
                                          ],
                                          "children": [
                                            {
                                              "class": "android.widget.LinearLayout",
                                              "bounds": [
                                                52,
                                                172,
                                                1336,
                                                169
                                              ],
                                              "children": [
                                                {
                                                  "class": "com.babbel.mobile.android.en.views.StyledTextView",
                                                  "bounds": [
                                                    52,
                                                    172,
                                                    1336,
                                                    169
                                                  ]
                                                }
                                              ]
                                            }
                                          ]
                                        },
                                        {
                                          "class": "android.widget.LinearLayout",
                                          "bounds": [
                                            52,
                                            411,
                                            1336,
                                            668
                                          ],
                                          "children": [
                                            {
                                              "class": "android.widget.LinearLayout",
                                              "bounds": [
                                                52,
                                                172,
                                                1336,
                                                359
                                              ],
                                              "children": [
                                                {
                                                  "class": "android.widget.LinearLayout",
                                                  "bounds": [
                                                    52,
                                                    172,
                                                    100,
                                                    359
                                                  ],
                                                  "children": [
                                                    {
                                                      "class": "android.widget.FrameLayout",
                                                      "bounds": [
                                                        52,
                                                        172,
                                                        100,
                                                        170
                                                      ],
                                                      "children": [
                                                        {
                                                          "class": "android.widget.ImageView",
                                                          "bounds": [
                                                            52,
                                                            197,
                                                            63,
                                                            109
                                                          ]
                                                        },
                                                        {
                                                          "class": "android.widget.ImageView",
                                                          "bounds": [
                                                            88,
                                                            260,
                                                            100,
                                                            170
                                                          ]
                                                        }
                                                      ]
                                                    }
                                                  ]
                                                },
                                                {
                                                  "class": "android.widget.ImageView",
                                                  "bounds": [
                                                    252,
                                                    172,
                                                    174,
                                                    359
                                                  ]
                                                },
                                                {
                                                  "class": "android.widget.LinearLayout",
                                                  "bounds": [
                                                    400,
                                                    172,
                                                    1336,
                                                    359
                                                  ],
                                                  "children": [
                                                    {
                                                      "class": "com.babbel.mobile.android.en.views.StyledTextView",
                                                      "bounds": [
                                                        366,
                                                        260,
                                                        1035,
                                                        159
                                                      ]
                                                    },
                                                    {
                                                      "class": "com.babbel.mobile.android.en.views.StyledTextView",
                                                      "bounds": [
                                                        366,
                                                        331,
                                                        1092,
                                                        292
                                                      ]
                                                    }
                                                  ]
                                                },
                                                {
                                                  "class": "android.widget.LinearLayout",
                                                  "bounds": [
                                                    2724,
                                                    172,
                                                    1336,
                                                    359
                                                  ],
                                                  "children": []
                                                }
                                              ]
                                            }
                                          ]
                                        },
                                        {
                                          "class": "android.widget.LinearLayout",
                                          "bounds": [
                                            52,
                                            840,
                                            1336,
                                            1035
                                          ],
                                          "children": [
                                            {
                                              "class": "android.widget.LinearLayout",
                                              "bounds": [
                                                52,
                                                172,
                                                1336,
                                                297
                                              ],
                                              "children": [
                                                {
                                                  "class": "android.widget.LinearLayout",
                                                  "bounds": [
                                                    52,
                                                    172,
                                                    0,
                                                    297
                                                  ],
                                                  "children": []
                                                },
                                                {
                                                  "class": "android.widget.LinearLayout",
                                                  "bounds": [
                                                    52,
                                                    172,
                                                    1162,
                                                    297
                                                  ],
                                                  "children": [
                                                    {
                                                      "class": "com.babbel.mobile.android.en.views.ChoiceButtonTextLayout",
                                                      "bounds": [
                                                        192,
                                                        260,
                                                        666,
                                                        159
                                                      ],
                                                      "children": [
                                                        {
                                                          "class": "com.babbel.mobile.android.en.views.StyledTextView",
                                                          "bounds": [
                                                            122,
                                                            172,
                                                            67,
                                                            71
                                                          ]
                                                        },
                                                        {
                                                          "class": "com.babbel.mobile.android.en.views.StyledTextView",
                                                          "bounds": [
                                                            256,
                                                            172,
                                                            138,
                                                            71
                                                          ]
                                                        },
                                                        {
                                                          "class": "com.babbel.mobile.android.en.views.StyledTextView",
                                                          "bounds": [
                                                            398,
                                                            172,
                                                            363,
                                                            71
                                                          ]
                                                        },
                                                        {
                                                          "class": "com.babbel.mobile.android.en.views.StyledTextView",
                                                          "bounds": [
                                                            848,
                                                            172,
                                                            466,
                                                            71
                                                          ]
                                                        },
                                                        {
                                                          "class": "com.babbel.mobile.android.en.views.StyledTextView",
                                                          "bounds": [
                                                            1054,
                                                            172,
                                                            596,
                                                            71
                                                          ]
                                                        }
                                                      ]
                                                    },
                                                    {
                                                      "class": "com.babbel.mobile.android.en.views.StyledTextView",
                                                      "bounds": [
                                                        192,
                                                        331,
                                                        656,
                                                        230
                                                      ]
                                                    }
                                                  ]
                                                },
                                                {
                                                  "class": "android.widget.ImageView",
                                                  "bounds": [
                                                    2376,
                                                    172,
                                                    1236,
                                                    297
                                                  ]
                                                },
                                                {
                                                  "class": "android.widget.LinearLayout",
                                                  "bounds": [
                                                    2524,
                                                    172,
                                                    1336,
                                                    297
                                                  ],
                                                  "children": [
                                                    {
                                                      "class": "android.widget.FrameLayout",
                                                      "bounds": [
                                                        1288,
                                                        172,
                                                        100,
                                                        170
                                                      ],
                                                      "children": [
                                                        {
                                                          "class": "android.widget.ImageView",
                                                          "bounds": [
                                                            1362,
                                                            197,
                                                            100,
                                                            109
                                                          ]
                                                        },
                                                        {
                                                          "class": "android.widget.ImageView",
                                                          "bounds": [
                                                            1288,
                                                            260,
                                                            82,
                                                            170
                                                          ]
                                                        }
                                                      ]
                                                    }
                                                  ]
                                                }
                                              ]
                                            }
                                          ]
                                        },
                                        {
                                          "class": "android.widget.LinearLayout",
                                          "bounds": [
                                            52,
                                            1207,
                                            1336,
                                            1274
                                          ],
                                          "children": [
                                            {
                                              "class": "android.widget.LinearLayout",
                                              "bounds": [
                                                52,
                                                172,
                                                1336,
                                                169
                                              ],
                                              "children": [
                                                {
                                                  "class": "com.babbel.mobile.android.en.views.StyledTextView",
                                                  "bounds": [
                                                    52,
                                                    172,
                                                    1336,
                                                    169
                                                  ]
                                                }
                                              ]
                                            }
                                          ]
                                        },
                                        {
                                          "class": "android.widget.LinearLayout",
                                          "bounds": [
                                            52,
                                            1446,
                                            1336,
                                            1641
                                          ],
                                          "children": [
                                            {
                                              "class": "android.widget.LinearLayout",
                                              "bounds": [
                                                52,
                                                172,
                                                1336,
                                                297
                                              ],
                                              "children": [
                                                {
                                                  "class": "android.widget.LinearLayout",
                                                  "bounds": [
                                                    52,
                                                    172,
                                                    0,
                                                    297
                                                  ],
                                                  "children": []
                                                },
                                                {
                                                  "class": "android.widget.LinearLayout",
                                                  "bounds": [
                                                    52,
                                                    172,
                                                    1162,
                                                    297
                                                  ],
                                                  "children": [
                                                    {
                                                      "class": "com.babbel.mobile.android.en.views.StyledTextView",
                                                      "bounds": [
                                                        192,
                                                        260,
                                                        831,
                                                        159
                                                      ]
                                                    },
                                                    {
                                                      "class": "com.babbel.mobile.android.en.views.StyledTextView",
                                                      "bounds": [
                                                        192,
                                                        331,
                                                        967,
                                                        230
                                                      ]
                                                    }
                                                  ]
                                                },
                                                {
                                                  "class": "android.widget.ImageView",
                                                  "bounds": [
                                                    2376,
                                                    172,
                                                    1236,
                                                    297
                                                  ]
                                                },
                                                {
                                                  "class": "android.widget.LinearLayout",
                                                  "bounds": [
                                                    2524,
                                                    172,
                                                    1336,
                                                    297
                                                  ],
                                                  "children": [
                                                    {
                                                      "class": "android.widget.FrameLayout",
                                                      "bounds": [
                                                        1288,
                                                        172,
                                                        100,
                                                        170
                                                      ],
                                                      "children": [
                                                        {
                                                          "class": "android.widget.ImageView",
                                                          "bounds": [
                                                            1362,
                                                            197,
                                                            100,
                                                            109
                                                          ]
                                                        },
                                                        {
                                                          "class": "android.widget.ImageView",
                                                          "bounds": [
                                                            1288,
                                                            260,
                                                            82,
                                                            170
                                                          ]
                                                        }
                                                      ]
                                                    }
                                                  ]
                                                }
                                              ]
                                            }
                                          ]
                                        },
                                        {
                                          "class": "android.widget.LinearLayout",
                                          "bounds": [
                                            52,
                                            1829,
                                            1336,
                                            2008
                                          ],
                                          "children": [
                                            {
                                              "class": "android.widget.LinearLayout",
                                              "bounds": [
                                                52,
                                                188,
                                                1336,
                                                297
                                              ],
                                              "children": [
                                                {
                                                  "class": "android.widget.LinearLayout",
                                                  "bounds": [
                                                    52,
                                                    188,
                                                    100,
                                                    297
                                                  ],
                                                  "children": [
                                                    {
                                                      "class": "android.widget.FrameLayout",
                                                      "bounds": [
                                                        52,
                                                        188,
                                                        100,
                                                        170
                                                      ],
                                                      "children": [
                                                        {
                                                          "class": "android.widget.ImageView",
                                                          "bounds": [
                                                            52,
                                                            238,
                                                            63,
                                                            109
                                                          ]
                                                        },
                                                        {
                                                          "class": "android.widget.ImageView",
                                                          "bounds": [
                                                            88,
                                                            364,
                                                            100,
                                                            170
                                                          ]
                                                        }
                                                      ]
                                                    }
                                                  ]
                                                },
                                                {
                                                  "class": "android.widget.ImageView",
                                                  "bounds": [
                                                    252,
                                                    188,
                                                    174,
                                                    297
                                                  ]
                                                },
                                                {
                                                  "class": "android.widget.LinearLayout",
                                                  "bounds": [
                                                    400,
                                                    188,
                                                    1336,
                                                    297
                                                  ],
                                                  "children": [
                                                    {
                                                      "class": "com.babbel.mobile.android.en.views.StyledTextView",
                                                      "bounds": [
                                                        366,
                                                        364,
                                                        719,
                                                        159
                                                      ]
                                                    },
                                                    {
                                                      "class": "com.babbel.mobile.android.en.views.StyledTextView",
                                                      "bounds": [
                                                        366,
                                                        506,
                                                        708,
                                                        230
                                                      ]
                                                    }
                                                  ]
                                                },
                                                {
                                                  "class": "android.widget.LinearLayout",
                                                  "bounds": [
                                                    2724,
                                                    188,
                                                    1336,
                                                    297
                                                  ],
                                                  "children": []
                                                }
                                              ]
                                            }
                                          ]
                                        },
                                        {
                                          "class": "android.widget.LinearLayout",
                                          "bounds": [
                                            52,
                                            2563,
                                            1336,
                                            2375
                                          ],
                                          "children": [
                                            {
                                              "class": "android.widget.LinearLayout",
                                              "bounds": [
                                                52,
                                                555,
                                                1336,
                                                297
                                              ],
                                              "children": [
                                                {
                                                  "class": "android.widget.LinearLayout",
                                                  "bounds": [
                                                    52,
                                                    555,
                                                    0,
                                                    297
                                                  ],
                                                  "children": []
                                                },
                                                {
                                                  "class": "android.widget.LinearLayout",
                                                  "bounds": [
                                                    52,
                                                    555,
                                                    1162,
                                                    297
                                                  ],
                                                  "children": [
                                                    {
                                                      "class": "com.babbel.mobile.android.en.views.StyledTextView",
                                                      "bounds": [
                                                        192,
                                                        731,
                                                        330,
                                                        159
                                                      ]
                                                    },
                                                    {
                                                      "class": "com.babbel.mobile.android.en.views.StyledTextView",
                                                      "bounds": [
                                                        192,
                                                        873,
                                                        429,
                                                        230
                                                      ]
                                                    }
                                                  ]
                                                },
                                                {
                                                  "class": "android.widget.ImageView",
                                                  "bounds": [
                                                    2376,
                                                    555,
                                                    1236,
                                                    297
                                                  ]
                                                },
                                                {
                                                  "class": "android.widget.LinearLayout",
                                                  "bounds": [
                                                    2524,
                                                    555,
                                                    1336,
                                                    297
                                                  ],
                                                  "children": [
                                                    {
                                                      "class": "android.widget.FrameLayout",
                                                      "bounds": [
                                                        1288,
                                                        555,
                                                        100,
                                                        170
                                                      ],
                                                      "children": [
                                                        {
                                                          "class": "android.widget.ImageView",
                                                          "bounds": [
                                                            1362,
                                                            605,
                                                            100,
                                                            109
                                                          ]
                                                        },
                                                        {
                                                          "class": "android.widget.ImageView",
                                                          "bounds": [
                                                            1288,
                                                            731,
                                                            82,
                                                            170
                                                          ]
                                                        }
                                                      ]
                                                    }
                                                  ]
                                                }
                                              ]
                                            }
                                          ]
                                        },
                                        {
                                          "class": "android.widget.LinearLayout",
                                          "bounds": [
                                            52,
                                            3297,
                                            1336,
                                            2742
                                          ],
                                          "children": [
                                            {
                                              "class": "android.widget.LinearLayout",
                                              "bounds": [
                                                52,
                                                922,
                                                1336,
                                                297
                                              ],
                                              "children": [
                                                {
                                                  "class": "android.widget.LinearLayout",
                                                  "bounds": [
                                                    52,
                                                    922,
                                                    100,
                                                    297
                                                  ],
                                                  "children": [
                                                    {
                                                      "class": "android.widget.FrameLayout",
                                                      "bounds": [
                                                        52,
                                                        922,
                                                        100,
                                                        170
                                                      ],
                                                      "children": [
                                                        {
                                                          "class": "android.widget.ImageView",
                                                          "bounds": [
                                                            52,
                                                            972,
                                                            63,
                                                            109
                                                          ]
                                                        },
                                                        {
                                                          "class": "android.widget.ImageView",
                                                          "bounds": [
                                                            88,
                                                            1098,
                                                            100,
                                                            170
                                                          ]
                                                        }
                                                      ]
                                                    }
                                                  ]
                                                },
                                                {
                                                  "class": "android.widget.ImageView",
                                                  "bounds": [
                                                    252,
                                                    922,
                                                    174,
                                                    297
                                                  ]
                                                },
                                                {
                                                  "class": "android.widget.LinearLayout",
                                                  "bounds": [
                                                    400,
                                                    922,
                                                    1336,
                                                    297
                                                  ],
                                                  "children": [
                                                    {
                                                      "class": "com.babbel.mobile.android.en.views.ChoiceButtonTextLayout",
                                                      "bounds": [
                                                        366,
                                                        1098,
                                                        972,
                                                        159
                                                      ],
                                                      "children": [
                                                        {
                                                          "class": "com.babbel.mobile.android.en.views.StyledTextView",
                                                          "bounds": [
                                                            296,
                                                            1010,
                                                            214,
                                                            71
                                                          ]
                                                        },
                                                        {
                                                          "class": "com.babbel.mobile.android.en.views.StyledTextView",
                                                          "bounds": [
                                                            724,
                                                            1010,
                                                            340,
                                                            71
                                                          ]
                                                        },
                                                        {
                                                          "class": "com.babbel.mobile.android.en.views.StyledTextView",
                                                          "bounds": [
                                                            976,
                                                            1010,
                                                            365,
                                                            71
                                                          ]
                                                        },
                                                        {
                                                          "class": "com.babbel.mobile.android.en.views.StyledTextView",
                                                          "bounds": [
                                                            1026,
                                                            1010,
                                                            877,
                                                            71
                                                          ]
                                                        },
                                                        {
                                                          "class": "com.babbel.mobile.android.en.views.StyledTextView",
                                                          "bounds": [
                                                            2050,
                                                            1010,
                                                            902,
                                                            71
                                                          ]
                                                        }
                                                      ]
                                                    },
                                                    {
                                                      "class": "com.babbel.mobile.android.en.views.StyledTextView",
                                                      "bounds": [
                                                        366,
                                                        1240,
                                                        1035,
                                                        230
                                                      ]
                                                    }
                                                  ]
                                                },
                                                {
                                                  "class": "android.widget.LinearLayout",
                                                  "bounds": [
                                                    2724,
                                                    922,
                                                    1336,
                                                    297
                                                  ],
                                                  "children": []
                                                }
                                              ]
                                            }
                                          ]
                                        },
                                        {
                                          "class": "android.widget.LinearLayout",
                                          "bounds": [
                                            52,
                                            4031,
                                            1336,
                                            3233
                                          ],
                                          "children": [
                                            {
                                              "class": "android.widget.LinearLayout",
                                              "bounds": [
                                                52,
                                                1289,
                                                1336,
                                                421
                                              ],
                                              "children": [
                                                {
                                                  "class": "android.widget.LinearLayout",
                                                  "bounds": [
                                                    52,
                                                    1289,
                                                    0,
                                                    421
                                                  ],
                                                  "children": []
                                                },
                                                {
                                                  "class": "android.widget.LinearLayout",
                                                  "bounds": [
                                                    52,
                                                    1289,
                                                    1162,
                                                    421
                                                  ],
                                                  "children": [
                                                    {
                                                      "class": "com.babbel.mobile.android.en.views.StyledTextView",
                                                      "bounds": [
                                                        192,
                                                        1465,
                                                        1092,
                                                        221
                                                      ]
                                                    },
                                                    {
                                                      "class": "com.babbel.mobile.android.en.views.StyledTextView",
                                                      "bounds": [
                                                        192,
                                                        1731,
                                                        1092,
                                                        354
                                                      ]
                                                    }
                                                  ]
                                                },
                                                {
                                                  "class": "android.widget.ImageView",
                                                  "bounds": [
                                                    2376,
                                                    1289,
                                                    1236,
                                                    421
                                                  ]
                                                },
                                                {
                                                  "class": "android.widget.LinearLayout",
                                                  "bounds": [
                                                    2524,
                                                    1289,
                                                    1336,
                                                    421
                                                  ],
                                                  "children": [
                                                    {
                                                      "class": "android.widget.FrameLayout",
                                                      "bounds": [
                                                        1288,
                                                        1289,
                                                        100,
                                                        170
                                                      ],
                                                      "children": [
                                                        {
                                                          "class": "android.widget.ImageView",
                                                          "bounds": [
                                                            1362,
                                                            1339,
                                                            100,
                                                            109
                                                          ]
                                                        },
                                                        {
                                                          "class": "android.widget.ImageView",
                                                          "bounds": [
                                                            1288,
                                                            1465,
                                                            82,
                                                            170
                                                          ]
                                                        }
                                                      ]
                                                    }
                                                  ]
                                                }
                                              ]
                                            }
                                          ]
                                        },
                                        {
                                          "class": "android.widget.LinearLayout",
                                          "bounds": [
                                            52,
                                            5013,
                                            1336,
                                            3600
                                          ],
                                          "children": [
                                            {
                                              "class": "android.widget.LinearLayout",
                                              "bounds": [
                                                52,
                                                1780,
                                                1336,
                                                297
                                              ],
                                              "children": [
                                                {
                                                  "class": "android.widget.LinearLayout",
                                                  "bounds": [
                                                    52,
                                                    1780,
                                                    100,
                                                    297
                                                  ],
                                                  "children": [
                                                    {
                                                      "class": "android.widget.FrameLayout",
                                                      "bounds": [
                                                        52,
                                                        1780,
                                                        100,
                                                        170
                                                      ],
                                                      "children": [
                                                        {
                                                          "class": "android.widget.ImageView",
                                                          "bounds": [
                                                            52,
                                                            1830,
                                                            63,
                                                            109
                                                          ]
                                                        }
                                                      ]
                                                    }
                                                  ]
                                                },
                                                {
                                                  "class": "android.widget.ImageView",
                                                  "bounds": [
                                                    252,
                                                    1780,
                                                    174,
                                                    297
                                                  ]
                                                },
                                                {
                                                  "class": "android.widget.LinearLayout",
                                                  "bounds": [
                                                    400,
                                                    1780,
                                                    1336,
                                                    297
                                                  ],
                                                  "children": [
                                                    {
                                                      "class": "com.babbel.mobile.android.en.views.ChoiceButtonTextLayout",
                                                      "bounds": [
                                                        366,
                                                        1956,
                                                        232,
                                                        159
                                                      ],
                                                      "children": [
                                                        {
                                                          "class": "com.babbel.mobile.android.en.views.StyledTextView",
                                                          "bounds": [
                                                            296,
                                                            1868,
                                                            69,
                                                            71
                                                          ]
                                                        },
                                                        {
                                                          "class": "com.babbel.mobile.android.en.views.StyledTextView",
                                                          "bounds": [
                                                            434,
                                                            1868,
                                                            123,
                                                            71
                                                          ]
                                                        },
                                                        {
                                                          "class": "com.babbel.mobile.android.en.views.StyledTextView",
                                                          "bounds": [
                                                            542,
                                                            1868,
                                                            137,
                                                            71
                                                          ]
                                                        },
                                                        {
                                                          "class": "com.babbel.mobile.android.en.views.StyledTextView",
                                                          "bounds": [
                                                            570,
                                                            1868,
                                                            162,
                                                            71
                                                          ]
                                                        }
                                                      ]
                                                    },
                                                    {
                                                      "class": "com.babbel.mobile.android.en.views.StyledTextView",
                                                      "bounds": [
                                                        366,
                                                        2098,
                                                        482,
                                                        230
                                                      ]
                                                    }
                                                  ]
                                                },
                                                {
                                                  "class": "android.widget.LinearLayout",
                                                  "bounds": [
                                                    2724,
                                                    1780,
                                                    1336,
                                                    297
                                                  ],
                                                  "children": []
                                                }
                                              ]
                                            }
                                          ]
                                        }
                                      ]
                                    }
                                  ]
                                }
                              ]
                            }
                          ]
                        }
                      ]
                    },
                    {
                      "class": "android.widget.Button",
                      "bounds": [
                        2774,
                        172,
                        1440,
                        1975
                      ]
                    },
                    {
                      "class": "android.view.View",
                      "bounds": [
                        0,
                        172,
                        1440,
                        35
                      ]
                    },
                    {
                      "class": "android.widget.LinearLayout",
                      "bounds": [
                        0,
                        4052,
                        1440,
                        1975
                      ],
                      "children": [
                        {
                          "class": "android.view.View",
                          "bounds": [
                            0,
                            2112,
                            1440,
                            35
                          ]
                        },
                        {
                          "class": "android.widget.LinearLayout",
                          "bounds": [
                            0,
                            2182,
                            1440,
                            35
                          ],
                          "children": []
                        }
                      ]
                    },
                    {
                      "class": "android.widget.LinearLayout",
                      "bounds": [
                        0,
                        4122,
                        1440,
                        2220
                      ],
                      "children": [
                        {
                          "class": "android.widget.RelativeLayout",
                          "bounds": [
                            0,
                            2147,
                            1440,
                            245
                          ],
                          "children": [
                            {
                              "class": "com.babbel.mobile.android.en.views.ChoiceButtonView",
                              "bounds": [
                                0,
                                2147,
                                1440,
                                245
                              ],
                              "children": [
                                {
                                  "class": "com.babbel.mobile.android.en.views.StyledSolutionButton",
                                  "bounds": [
                                    636,
                                    2183,
                                    678,
                                    227
                                  ],
                                  "children": [
                                    {
                                      "class": "android.widget.RelativeLayout",
                                      "bounds": [
                                        424,
                                        2271,
                                        307,
                                        156
                                      ],
                                      "children": [
                                        {
                                          "class": "android.widget.TextView",
                                          "bounds": [
                                            371,
                                            2218,
                                            254,
                                            103
                                          ]
                                        },
                                        {
                                          "class": "android.widget.TextView",
                                          "bounds": [
                                            865,
                                            2232,
                                            247,
                                            54
                                          ]
                                        }
                                      ]
                                    }
                                  ]
                                },
                                {
                                  "class": "com.babbel.mobile.android.en.views.StyledSolutionButton",
                                  "bounds": [
                                    1426,
                                    2183,
                                    1121,
                                    227
                                  ],
                                  "children": [
                                    {
                                      "class": "android.widget.RelativeLayout",
                                      "bounds": [
                                        819,
                                        2271,
                                        355,
                                        156
                                      ],
                                      "children": [
                                        {
                                          "class": "android.widget.TextView",
                                          "bounds": [
                                            766,
                                            2218,
                                            302,
                                            103
                                          ]
                                        },
                                        {
                                          "class": "android.widget.TextView",
                                          "bounds": [
                                            1356,
                                            2232,
                                            295,
                                            54
                                          ]
                                        }
                                      ]
                                    }
                                  ]
                                }
                              ]
                            }
                          ]
                        }
                      ]
                    }
                  ]
                }
              ]
            }
          ]
        }
      ]
    }
  ]
}