{
  "class": "com.android.internal.policy.PhoneWindow$DecorView",
  "bounds": [
    160,
    337,
    1120,
    1801
  ],
  "children": [
    {
      "class": "android.widget.LinearLayout",
      "bounds": [
        160,
        337,
        1120,
        1801
      ],
      "children": [
        {
          "class": "android.widget.FrameLayout",
          "bounds": [
            160,
            337,
            1120,
            1801
          ],
          "children": [
            {
              "class": "android.widget.FrameLayout",
              "bounds": [
                160,
                337,
                1120,
                1801
              ],
              "children": [
                {
                  "class": "android.widget.FrameLayout",
                  "bounds": [
                    160,
                    337,
                    1120,
                    1801
                  ],
                  "children": [
                    {
                      "class": "android.widget.RelativeLayout",
                      "bounds": [
                        252,
                        429,
                        1074,
                        1755
                      ],
                      "children": [
                        {
                          "class": "android.widget.LinearLayout",
                          "bounds": [
                            206,
                            593,
                            1028,
                            1604
                          ],
                          "children": [
                            {
                              "class": "android.support.v7.widget.AppCompatImageView",
                              "bounds": [
                                456,
                                488,
                                902,
                                207
                              ]
                            },
                            {
                              "class": "android.support.v7.widget.AppCompatImageView",
                              "bounds": [
                                358,
                                1112,
                                951,
                                1275
                              ]
                            },
                            {
                              "class": "android.support.v7.widget.AppCompatButton",
                              "bounds": [
                                374,
                                3178,
                                944,
                                1499
                              ]
                            }
                          ]
                        }
                      ]
                    },
                    {
                      "class": "android.support.v7.widget.AppCompatImageView",
                      "bounds": [
                        160,
                        337,
                        182,
                        182
                      ]
                    }
                  ]
                }
              ]
            }
          ]
        }
      ]
    }
  ]
}