{
  "class": "com.android.internal.policy.PhoneWindow$DecorView",
  "bounds": [
    0,
    0,
    1440,
    2392
  ],
  "children": [
    {
      "class": "android.support.v4.widget.DrawerLayout",
      "bounds": [
        0,
        0,
        1440,
        2392
      ],
      "children": [
        {
          "class": "android.widget.LinearLayout",
          "bounds": [
            0,
            0,
            1440,
            2392
          ],
          "children": [
            {
              "class": "com.android.internal.widget.ActionBarOverlayLayout",
              "bounds": [
                0,
                0,
                1440,
                2392
              ],
              "children": [
                {
                  "class": "android.widget.FrameLayout",
                  "bounds": [
                    0,
                    168,
                    1440,
                    2392
                  ],
                  "children": [
                    {
                      "class": "android.widget.LinearLayout",
                      "bounds": [
                        0,
                        84,
                        1440,
                        2308
                      ],
                      "children": [
                        {
                          "class": "android.widget.FrameLayout",
                          "bounds": [
                            0,
                            420,
                            1440,
                            2136
                          ],
                          "children": [
                            {
                              "class": "android.widget.RelativeLayout",
                              "bounds": [
                                0,
                                252,
                                1440,
                                1968
                              ],
                              "children": [
                                {
                                  "class": "android.widget.LinearLayout",
                                  "bounds": [
                                    0,
                                    252,
                                    1440,
                                    1968
                                  ],
                                  "children": [
                                    {
                                      "class": "android.widget.FrameLayout",
                                      "bounds": [
                                        0,
                                        252,
                                        1440,
                                        1968
                                      ],
                                      "children": [
                                        {
                                          "class": "net.metaquotes.metatrader4.ui.widgets.gl.n",
                                          "bounds": [
                                            0,
                                            252,
                                            1440,
                                            1968
                                          ]
                                        }
                                      ]
                                    }
                                  ]
                                },
                                {
                                  "class": "android.widget.TextView",
                                  "bounds": [
                                    36,
                                    288,
                                    252,
                                    75
                                  ]
                                }
                              ]
                            }
                          ]
                        },
                        {
                          "class": "android.widget.LinearLayout",
                          "bounds": [
                            0,
                            4356,
                            1440,
                            2308
                          ],
                          "children": [
                            {
                              "class": "android.widget.ImageView",
                              "bounds": [
                                0,
                                2224,
                                259,
                                170
                              ]
                            },
                            {
                              "class": "android.widget.ImageView",
                              "bounds": [
                                518,
                                2220,
                                490,
                                168
                              ]
                            },
                            {
                              "class": "android.widget.ImageView",
                              "bounds": [
                                980,
                                2220,
                                721,
                                168
                              ]
                            },
                            {
                              "class": "android.widget.ImageView",
                              "bounds": [
                                1442,
                                2220,
                                952,
                                168
                              ]
                            },
                            {
                              "class": "android.widget.ImageView",
                              "bounds": [
                                1904,
                                2220,
                                1183,
                                168
                              ]
                            },
                            {
                              "class": "android.widget.FrameLayout",
                              "bounds": [
                                2366,
                                2220,
                                1440,
                                193
                              ],
                              "children": [
                                {
                                  "class": "android.widget.ImageView",
                                  "bounds": [
                                    1239,
                                    2276,
                                    140,
                                    140
                                  ]
                                }
                              ]
                            }
                          ]
                        }
                      ]
                    }
                  ]
                },
                {
                  "class": "com.android.internal.widget.ActionBarContainer",
                  "bounds": [
                    0,
                    168,
                    1440,
                    252
                  ],
                  "children": [
                    {
                      "class": "com.android.internal.widget.ActionBarView",
                      "bounds": [
                        0,
                        84,
                        1440,
                        168
                      ],
                      "children": [
                        {
                          "class": "android.widget.LinearLayout",
                          "bounds": [
                            0,
                            84,
                            0,
                            168
                          ],
                          "children": []
                        },
                        {
                          "class": "android.widget.LinearLayout",
                          "bounds": [
                            0,
                            84,
                            1440,
                            168
                          ],
                          "children": [
                            {
                              "class": "android.widget.FrameLayout",
                              "bounds": [
                                0,
                                84,
                                1440,
                                168
                              ],
                              "children": [
                                {
                                  "class": "android.widget.LinearLayout",
                                  "bounds": [
                                    0,
                                    84,
                                    1440,
                                    168
                                  ],
                                  "children": [
                                    {
                                      "class": "android.widget.LinearLayout",
                                      "bounds": [
                                        0,
                                        84,
                                        530,
                                        168
                                      ],
                                      "children": [
                                        {
                                          "class": "android.widget.LinearLayout",
                                          "bounds": [
                                            0,
                                            84,
                                            224,
                                            168
                                          ],
                                          "children": [
                                            {
                                              "class": "android.widget.ImageView",
                                              "bounds": [
                                                0,
                                                84,
                                                56,
                                                168
                                              ]
                                            },
                                            {
                                              "class": "android.widget.ImageView",
                                              "bounds": [
                                                112,
                                                84,
                                                168,
                                                168
                                              ]
                                            },
                                            {
                                              "class": "android.widget.LinearLayout",
                                              "bounds": [
                                                392,
                                                172,
                                                196,
                                                124
                                              ],
                                              "children": [
                                                {
                                                  "class": "net.metaquotes.common.ui.RobotoTextView",
                                                  "bounds": [
                                                    196,
                                                    128,
                                                    0,
                                                    80
                                                  ]
                                                }
                                              ]
                                            }
                                          ]
                                        }
                                      ]
                                    },
                                    {
                                      "class": "android.widget.LinearLayout",
                                      "bounds": [
                                        1060,
                                        84,
                                        1440,
                                        168
                                      ],
                                      "children": [
                                        {
                                          "class": "android.widget.LinearLayout",
                                          "bounds": [
                                            530,
                                            84,
                                            910,
                                            168
                                          ],
                                          "children": [
                                            {
                                              "class": "android.widget.LinearLayout",
                                              "bounds": [
                                                530,
                                                84,
                                                910,
                                                168
                                              ],
                                              "children": [
                                                {
                                                  "class": "android.widget.RelativeLayout",
                                                  "bounds": [
                                                    530,
                                                    84,
                                                    182,
                                                    168
                                                  ],
                                                  "children": [
                                                    {
                                                      "class": "android.widget.ImageView",
                                                      "bounds": [
                                                        600,
                                                        140,
                                                        147,
                                                        140
                                                      ]
                                                    }
                                                  ]
                                                },
                                                {
                                                  "class": "android.widget.RelativeLayout",
                                                  "bounds": [
                                                    894,
                                                    84,
                                                    364,
                                                    168
                                                  ],
                                                  "children": [
                                                    {
                                                      "class": "android.widget.ImageView",
                                                      "bounds": [
                                                        782,
                                                        140,
                                                        147,
                                                        140
                                                      ]
                                                    }
                                                  ]
                                                },
                                                {
                                                  "class": "android.widget.RelativeLayout",
                                                  "bounds": [
                                                    1258,
                                                    84,
                                                    546,
                                                    168
                                                  ],
                                                  "children": [
                                                    {
                                                      "class": "android.widget.ImageView",
                                                      "bounds": [
                                                        964,
                                                        140,
                                                        147,
                                                        140
                                                      ]
                                                    }
                                                  ]
                                                },
                                                {
                                                  "class": "android.widget.RelativeLayout",
                                                  "bounds": [
                                                    1622,
                                                    84,
                                                    728,
                                                    168
                                                  ],
                                                  "children": [
                                                    {
                                                      "class": "android.widget.ImageView",
                                                      "bounds": [
                                                        1146,
                                                        140,
                                                        147,
                                                        140
                                                      ]
                                                    }
                                                  ]
                                                },
                                                {
                                                  "class": "android.widget.RelativeLayout",
                                                  "bounds": [
                                                    1986,
                                                    84,
                                                    910,
                                                    168
                                                  ],
                                                  "children": [
                                                    {
                                                      "class": "android.widget.ImageView",
                                                      "bounds": [
                                                        1328,
                                                        140,
                                                        147,
                                                        140
                                                      ]
                                                    }
                                                  ]
                                                }
                                              ]
                                            }
                                          ]
                                        }
                                      ]
                                    }
                                  ]
                                }
                              ]
                            },
                            {
                              "class": "android.widget.RelativeLayout",
                              "bounds": [
                                2880,
                                84,
                                1440,
                                168
                              ],
                              "children": [
                                {
                                  "class": "net.metaquotes.common.ui.RobotoTextView",
                                  "bounds": [
                                    1440,
                                    166,
                                    0,
                                    126
                                  ]
                                },
                                {
                                  "class": "android.widget.LinearLayout",
                                  "bounds": [
                                    1440,
                                    84,
                                    0,
                                    168
                                  ]
                                }
                              ]
                            }
                          ]
                        },
                        {
                          "class": "android.widget.ActionMenuView",
                          "bounds": [
                            2880,
                            84,
                            1440,
                            168
                          ]
                        }
                      ]
                    }
                  ]
                }
              ]
            }
          ]
        }
      ]
    }
  ]
}