{
  "class": "com.android.internal.policy.PhoneWindow$DecorView",
  "bounds": [
    0,
    0,
    1440,
    2560
  ],
  "children": [
    {
      "class": "android.widget.LinearLayout",
      "bounds": [
        0,
        0,
        1440,
        2392
      ],
      "children": [
        {
          "class": "android.widget.FrameLayout",
          "bounds": [
            0,
            168,
            1440,
            2392
          ],
          "children": [
            {
              "class": "android.support.v7.internal.widget.FitWindowsLinearLayout",
              "bounds": [
                0,
                84,
                1440,
                2308
              ],
              "children": [
                {
                  "class": "android.support.v7.internal.widget.ContentFrameLayout",
                  "bounds": [
                    0,
                    84,
                    1440,
                    2308
                  ],
                  "children": [
                    {
                      "class": "android.widget.RelativeLayout",
                      "bounds": [
                        0,
                        84,
                        1440,
                        2308
                      ],
                      "children": [
                        {
                          "class": "android.widget.LinearLayout",
                          "bounds": [
                            0,
                            84,
                            1440,
                            2308
                          ],
                          "children": [
                            {
                              "class": "com.wdtinc.android.whitelabel.gui.WHTHeaderBar",
                              "bounds": [
                                0,
                                84,
                                1440,
                                196
                              ],
                              "children": [
                                {
                                  "class": "android.widget.LinearLayout",
                                  "bounds": [
                                    2846,
                                    280,
                                    1423,
                                    98
                                  ]
                                },
                                {
                                  "class": "android.widget.TextView",
                                  "bounds": [
                                    420,
                                    186,
                                    469,
                                    144
                                  ]
                                },
                                {
                                  "class": "android.widget.ImageButton",
                                  "bounds": [
                                    0,
                                    84,
                                    196,
                                    196
                                  ]
                                },
                                {
                                  "class": "android.support.v7.widget.ActionMenuView",
                                  "bounds": [
                                    2880,
                                    84,
                                    1440,
                                    196
                                  ]
                                }
                              ]
                            },
                            {
                              "class": "android.widget.FrameLayout",
                              "bounds": [
                                0,
                                476,
                                1440,
                                2308
                              ],
                              "children": [
                                {
                                  "class": "android.support.v4.widget.DrawerLayout",
                                  "bounds": [
                                    0,
                                    280,
                                    1440,
                                    2112
                                  ],
                                  "children": [
                                    {
                                      "class": "android.widget.FrameLayout",
                                      "bounds": [
                                        0,
                                        280,
                                        1440,
                                        2112
                                      ],
                                      "children": [
                                        {
                                          "class": "android.widget.ListView",
                                          "bounds": [
                                            0,
                                            280,
                                            1440,
                                            2112
                                          ],
                                          "children": [
                                            {
                                              "class": "android.widget.RelativeLayout",
                                              "bounds": [
                                                0,
                                                118,
                                                1440,
                                                24
                                              ],
                                              "children": [
                                                {
                                                  "class": "com.wdtinc.android.common.gui.WDTTriStateCheckBox",
                                                  "bounds": [
                                                    2580,
                                                    289,
                                                    1422,
                                                    177
                                                  ],
                                                  "children": [
                                                    {
                                                      "class": "android.widget.CheckBox",
                                                      "bounds": [
                                                        1310,
                                                        308,
                                                        122,
                                                        140
                                                      ]
                                                    }
                                                  ]
                                                },
                                                {
                                                  "class": "android.support.v7.widget.AppCompatTextView",
                                                  "bounds": [
                                                    36,
                                                    330,
                                                    1272,
                                                    135
                                                  ]
                                                }
                                              ]
                                            },
                                            {
                                              "class": "android.widget.RelativeLayout",
                                              "bounds": [
                                                0,
                                                328,
                                                1440,
                                                210
                                              ],
                                              "children": [
                                                {
                                                  "class": "com.wdtinc.android.common.gui.WDTTriStateCheckBox",
                                                  "bounds": [
                                                    2580,
                                                    322,
                                                    1422,
                                                    177
                                                  ],
                                                  "children": [
                                                    {
                                                      "class": "android.widget.CheckBox",
                                                      "bounds": [
                                                        1310,
                                                        369,
                                                        122,
                                                        140
                                                      ]
                                                    }
                                                  ]
                                                },
                                                {
                                                  "class": "android.support.v7.widget.AppCompatTextView",
                                                  "bounds": [
                                                    36,
                                                    404,
                                                    1272,
                                                    135
                                                  ]
                                                }
                                              ]
                                            },
                                            {
                                              "class": "android.support.v7.widget.AppCompatTextView",
                                              "bounds": [
                                                0,
                                                700,
                                                1440,
                                                368
                                              ]
                                            },
                                            {
                                              "class": "android.widget.RelativeLayout",
                                              "bounds": [
                                                0,
                                                1016,
                                                1440,
                                                554
                                              ],
                                              "children": [
                                                {
                                                  "class": "com.wdtinc.android.common.gui.WDTTriStateCheckBox",
                                                  "bounds": [
                                                    2580,
                                                    666,
                                                    1422,
                                                    177
                                                  ],
                                                  "children": [
                                                    {
                                                      "class": "android.widget.CheckBox",
                                                      "bounds": [
                                                        1310,
                                                        713,
                                                        122,
                                                        140
                                                      ]
                                                    }
                                                  ]
                                                },
                                                {
                                                  "class": "android.support.v7.widget.AppCompatTextView",
                                                  "bounds": [
                                                    36,
                                                    748,
                                                    1272,
                                                    135
                                                  ]
                                                }
                                              ]
                                            },
                                            {
                                              "class": "android.widget.RelativeLayout",
                                              "bounds": [
                                                0,
                                                1388,
                                                1440,
                                                740
                                              ],
                                              "children": [
                                                {
                                                  "class": "com.wdtinc.android.common.gui.WDTTriStateCheckBox",
                                                  "bounds": [
                                                    2580,
                                                    852,
                                                    1422,
                                                    177
                                                  ],
                                                  "children": [
                                                    {
                                                      "class": "android.widget.CheckBox",
                                                      "bounds": [
                                                        1310,
                                                        899,
                                                        122,
                                                        140
                                                      ]
                                                    }
                                                  ]
                                                },
                                                {
                                                  "class": "android.support.v7.widget.AppCompatTextView",
                                                  "bounds": [
                                                    36,
                                                    934,
                                                    1272,
                                                    135
                                                  ]
                                                }
                                              ]
                                            },
                                            {
                                              "class": "android.widget.RelativeLayout",
                                              "bounds": [
                                                0,
                                                1760,
                                                1440,
                                                926
                                              ],
                                              "children": [
                                                {
                                                  "class": "com.wdtinc.android.common.gui.WDTTriStateCheckBox",
                                                  "bounds": [
                                                    2580,
                                                    1038,
                                                    1422,
                                                    177
                                                  ],
                                                  "children": [
                                                    {
                                                      "class": "android.widget.CheckBox",
                                                      "bounds": [
                                                        1310,
                                                        1085,
                                                        122,
                                                        140
                                                      ]
                                                    }
                                                  ]
                                                },
                                                {
                                                  "class": "android.support.v7.widget.AppCompatTextView",
                                                  "bounds": [
                                                    36,
                                                    1120,
                                                    1272,
                                                    135
                                                  ]
                                                }
                                              ]
                                            },
                                            {
                                              "class": "android.widget.RelativeLayout",
                                              "bounds": [
                                                0,
                                                2132,
                                                1440,
                                                1112
                                              ],
                                              "children": [
                                                {
                                                  "class": "com.wdtinc.android.common.gui.WDTTriStateCheckBox",
                                                  "bounds": [
                                                    2580,
                                                    1224,
                                                    1422,
                                                    177
                                                  ],
                                                  "children": [
                                                    {
                                                      "class": "android.widget.CheckBox",
                                                      "bounds": [
                                                        1310,
                                                        1271,
                                                        122,
                                                        140
                                                      ]
                                                    }
                                                  ]
                                                },
                                                {
                                                  "class": "android.support.v7.widget.AppCompatTextView",
                                                  "bounds": [
                                                    36,
                                                    1306,
                                                    1272,
                                                    135
                                                  ]
                                                }
                                              ]
                                            },
                                            {
                                              "class": "android.widget.RelativeLayout",
                                              "bounds": [
                                                0,
                                                2504,
                                                1440,
                                                1298
                                              ],
                                              "children": [
                                                {
                                                  "class": "com.wdtinc.android.common.gui.WDTTriStateCheckBox",
                                                  "bounds": [
                                                    2580,
                                                    1410,
                                                    1422,
                                                    177
                                                  ],
                                                  "children": [
                                                    {
                                                      "class": "android.widget.CheckBox",
                                                      "bounds": [
                                                        1310,
                                                        1457,
                                                        122,
                                                        140
                                                      ]
                                                    }
                                                  ]
                                                },
                                                {
                                                  "class": "android.support.v7.widget.AppCompatTextView",
                                                  "bounds": [
                                                    36,
                                                    1492,
                                                    1272,
                                                    135
                                                  ]
                                                }
                                              ]
                                            },
                                            {
                                              "class": "android.widget.RelativeLayout",
                                              "bounds": [
                                                0,
                                                2876,
                                                1440,
                                                1484
                                              ],
                                              "children": [
                                                {
                                                  "class": "com.wdtinc.android.common.gui.WDTTriStateCheckBox",
                                                  "bounds": [
                                                    2580,
                                                    1596,
                                                    1422,
                                                    177
                                                  ],
                                                  "children": [
                                                    {
                                                      "class": "android.widget.CheckBox",
                                                      "bounds": [
                                                        1310,
                                                        1643,
                                                        122,
                                                        140
                                                      ]
                                                    }
                                                  ]
                                                },
                                                {
                                                  "class": "android.support.v7.widget.AppCompatTextView",
                                                  "bounds": [
                                                    36,
                                                    1678,
                                                    1272,
                                                    135
                                                  ]
                                                }
                                              ]
                                            },
                                            {
                                              "class": "android.widget.RelativeLayout",
                                              "bounds": [
                                                0,
                                                3248,
                                                1440,
                                                1670
                                              ],
                                              "children": [
                                                {
                                                  "class": "com.wdtinc.android.common.gui.WDTTriStateCheckBox",
                                                  "bounds": [
                                                    2580,
                                                    1782,
                                                    1422,
                                                    177
                                                  ],
                                                  "children": [
                                                    {
                                                      "class": "android.widget.CheckBox",
                                                      "bounds": [
                                                        1310,
                                                        1829,
                                                        122,
                                                        140
                                                      ]
                                                    }
                                                  ]
                                                },
                                                {
                                                  "class": "android.support.v7.widget.AppCompatTextView",
                                                  "bounds": [
                                                    36,
                                                    1864,
                                                    1272,
                                                    135
                                                  ]
                                                }
                                              ]
                                            },
                                            {
                                              "class": "android.widget.RelativeLayout",
                                              "bounds": [
                                                0,
                                                3620,
                                                1440,
                                                1856
                                              ],
                                              "children": [
                                                {
                                                  "class": "com.wdtinc.android.common.gui.WDTTriStateCheckBox",
                                                  "bounds": [
                                                    2580,
                                                    1968,
                                                    1422,
                                                    177
                                                  ],
                                                  "children": [
                                                    {
                                                      "class": "android.widget.CheckBox",
                                                      "bounds": [
                                                        1310,
                                                        2015,
                                                        122,
                                                        140
                                                      ]
                                                    }
                                                  ]
                                                },
                                                {
                                                  "class": "android.support.v7.widget.AppCompatTextView",
                                                  "bounds": [
                                                    36,
                                                    2050,
                                                    1272,
                                                    135
                                                  ]
                                                }
                                              ]
                                            },
                                            {
                                              "class": "android.widget.RelativeLayout",
                                              "bounds": [
                                                0,
                                                3992,
                                                1440,
                                                2042
                                              ],
                                              "children": [
                                                {
                                                  "class": "com.wdtinc.android.common.gui.WDTTriStateCheckBox",
                                                  "bounds": [
                                                    2580,
                                                    2154,
                                                    1422,
                                                    177
                                                  ],
                                                  "children": [
                                                    {
                                                      "class": "android.widget.CheckBox",
                                                      "bounds": [
                                                        1310,
                                                        2201,
                                                        122,
                                                        140
                                                      ]
                                                    }
                                                  ]
                                                },
                                                {
                                                  "class": "android.support.v7.widget.AppCompatTextView",
                                                  "bounds": [
                                                    36,
                                                    2236,
                                                    1272,
                                                    135
                                                  ]
                                                }
                                              ]
                                            }
                                          ]
                                        }
                                      ]
                                    }
                                  ]
                                }
                              ]
                            }
                          ]
                        },
                        {
                          "class": "android.widget.FrameLayout",
                          "bounds": [
                            0,
                            84,
                            1440,
                            2308
                          ]
                        }
                      ]
                    }
                  ]
                }
              ]
            }
          ]
        }
      ]
    },
    {
      "class": "android.view.View",
      "bounds": [
        0,
        4784,
        1440,
        2560
      ]
    },
    {
      "class": "android.view.View",
      "bounds": [
        0,
        0,
        1440,
        84
      ]
    }
  ]
}