{
  "class": "com.android.internal.policy.PhoneWindow$DecorView",
  "bounds": [
    0,
    0,
    1440,
    2560
  ],
  "children": [
    {
      "class": "android.widget.LinearLayout",
      "bounds": [
        0,
        0,
        1440,
        2392
      ],
      "children": [
        {
          "class": "android.widget.FrameLayout",
          "bounds": [
            0,
            168,
            1440,
            2392
          ],
          "children": [
            {
              "class": "android.support.v7.widget.ActionBarOverlayLayout",
              "bounds": [
                0,
                84,
                1440,
                2308
              ],
              "children": [
                {
                  "class": "android.support.v7.widget.ContentFrameLayout",
                  "bounds": [
                    0,
                    476,
                    1440,
                    2308
                  ],
                  "children": [
                    {
                      "class": "android.widget.LinearLayout",
                      "bounds": [
                        0,
                        280,
                        1440,
                        2112
                      ],
                      "children": [
                        {
                          "class": "android.widget.TabHost",
                          "bounds": [
                            0,
                            280,
                            1440,
                            2112
                          ],
                          "children": [
                            {
                              "class": "android.widget.LinearLayout",
                              "bounds": [
                                0,
                                280,
                                1440,
                                2112
                              ],
                              "children": [
                                {
                                  "class": "android.widget.TabWidget",
                                  "bounds": [
                                    0,
                                    280,
                                    1440,
                                    196
                                  ],
                                  "children": [
                                    {
                                      "class": "android.widget.LinearLayout",
                                      "bounds": [
                                        0,
                                        280,
                                        720,
                                        196
                                      ],
                                      "children": [
                                        {
                                          "class": "android.support.v7.widget.AppCompatTextView",
                                          "bounds": [
                                            450,
                                            280,
                                            494,
                                            196
                                          ]
                                        }
                                      ]
                                    },
                                    {
                                      "class": "android.widget.LinearLayout",
                                      "bounds": [
                                        1440,
                                        280,
                                        1440,
                                        196
                                      ],
                                      "children": [
                                        {
                                          "class": "android.support.v7.widget.AppCompatTextView",
                                          "bounds": [
                                            1188,
                                            280,
                                            485,
                                            196
                                          ]
                                        }
                                      ]
                                    }
                                  ]
                                },
                                {
                                  "class": "android.support.v7.widget.AppCompatImageView",
                                  "bounds": [
                                    0,
                                    672,
                                    1440,
                                    197
                                  ]
                                },
                                {
                                  "class": "android.widget.FrameLayout",
                                  "bounds": [
                                    0,
                                    674,
                                    0,
                                    197
                                  ],
                                  "children": [
                                    {
                                      "class": "android.view.View",
                                      "bounds": [
                                        0,
                                        477,
                                        0,
                                        0
                                      ]
                                    }
                                  ]
                                },
                                {
                                  "class": "android.support.v4.view.ViewPager",
                                  "bounds": [
                                    0,
                                    674,
                                    1440,
                                    1937
                                  ],
                                  "children": [
                                    {
                                      "class": "android.widget.FrameLayout",
                                      "bounds": [
                                        0,
                                        477,
                                        1440,
                                        1740
                                      ],
                                      "children": [
                                        {
                                          "class": "android.widget.FrameLayout",
                                          "bounds": [
                                            0,
                                            477,
                                            1440,
                                            1740
                                          ],
                                          "children": [
                                            {
                                              "class": "android.widget.ListView",
                                              "bounds": [
                                                0,
                                                477,
                                                1440,
                                                1740
                                              ],
                                              "children": [
                                                {
                                                  "class": "android.widget.LinearLayout",
                                                  "bounds": [
                                                    0,
                                                    477,
                                                    1440,
                                                    224
                                                  ],
                                                  "children": [
                                                    {
                                                      "class": "android.widget.RelativeLayout",
                                                      "bounds": [
                                                        14,
                                                        533,
                                                        231,
                                                        196
                                                      ],
                                                      "children": [
                                                        {
                                                          "class": "android.support.v7.widget.AppCompatImageView",
                                                          "bounds": [
                                                            43,
                                                            505,
                                                            186,
                                                            168
                                                          ]
                                                        },
                                                        {
                                                          "class": "android.support.v7.widget.AppCompatImageView",
                                                          "bounds": [
                                                            301,
                                                            701,
                                                            217,
                                                            168
                                                          ]
                                                        }
                                                      ]
                                                    },
                                                    {
                                                      "class": "android.widget.LinearLayout",
                                                      "bounds": [
                                                        462,
                                                        491,
                                                        1433,
                                                        217
                                                      ],
                                                      "children": [
                                                        {
                                                          "class": "android.widget.LinearLayout",
                                                          "bounds": [
                                                            301,
                                                            484,
                                                            1167,
                                                            175
                                                          ],
                                                          "children": [
                                                            {
                                                              "class": "android.widget.FrameLayout",
                                                              "bounds": [
                                                                266,
                                                                540,
                                                                866,
                                                                147
                                                              ],
                                                              "children": [
                                                                {
                                                                  "class": "android.widget.LinearLayout",
                                                                  "bounds": [
                                                                    266,
                                                                    512,
                                                                    866,
                                                                    119
                                                                  ],
                                                                  "children": [
                                                                    {
                                                                      "class": "android.support.v7.widget.AppCompatTextView",
                                                                      "bounds": [
                                                                        266,
                                                                        512,
                                                                        866,
                                                                        76
                                                                      ]
                                                                    },
                                                                    {
                                                                      "class": "android.support.v7.widget.AppCompatTextView",
                                                                      "bounds": [
                                                                        266,
                                                                        664,
                                                                        866,
                                                                        119
                                                                      ]
                                                                    }
                                                                  ]
                                                                }
                                                              ]
                                                            },
                                                            {
                                                              "class": "android.support.v7.widget.AppCompatImageButton",
                                                              "bounds": [
                                                                1998,
                                                                532,
                                                                992,
                                                                150
                                                              ]
                                                            },
                                                            {
                                                              "class": "android.support.v7.widget.AppCompatImageButton",
                                                              "bounds": [
                                                                2264,
                                                                532,
                                                                1125,
                                                                150
                                                              ]
                                                            }
                                                          ]
                                                        }
                                                      ]
                                                    }
                                                  ]
                                                },
                                                {
                                                  "class": "android.widget.LinearLayout",
                                                  "bounds": [
                                                    0,
                                                    925,
                                                    1440,
                                                    448
                                                  ],
                                                  "children": [
                                                    {
                                                      "class": "android.widget.RelativeLayout",
                                                      "bounds": [
                                                        14,
                                                        757,
                                                        231,
                                                        196
                                                      ],
                                                      "children": [
                                                        {
                                                          "class": "android.support.v7.widget.AppCompatImageView",
                                                          "bounds": [
                                                            43,
                                                            729,
                                                            186,
                                                            168
                                                          ]
                                                        },
                                                        {
                                                          "class": "android.support.v7.widget.AppCompatImageView",
                                                          "bounds": [
                                                            301,
                                                            925,
                                                            217,
                                                            168
                                                          ]
                                                        }
                                                      ]
                                                    },
                                                    {
                                                      "class": "android.widget.LinearLayout",
                                                      "bounds": [
                                                        462,
                                                        715,
                                                        1433,
                                                        217
                                                      ],
                                                      "children": [
                                                        {
                                                          "class": "android.widget.LinearLayout",
                                                          "bounds": [
                                                            301,
                                                            708,
                                                            1167,
                                                            175
                                                          ],
                                                          "children": [
                                                            {
                                                              "class": "android.widget.FrameLayout",
                                                              "bounds": [
                                                                266,
                                                                764,
                                                                866,
                                                                147
                                                              ],
                                                              "children": [
                                                                {
                                                                  "class": "android.widget.LinearLayout",
                                                                  "bounds": [
                                                                    266,
                                                                    736,
                                                                    866,
                                                                    119
                                                                  ],
                                                                  "children": [
                                                                    {
                                                                      "class": "android.support.v7.widget.AppCompatTextView",
                                                                      "bounds": [
                                                                        266,
                                                                        736,
                                                                        866,
                                                                        76
                                                                      ]
                                                                    },
                                                                    {
                                                                      "class": "android.support.v7.widget.AppCompatTextView",
                                                                      "bounds": [
                                                                        266,
                                                                        888,
                                                                        866,
                                                                        119
                                                                      ]
                                                                    }
                                                                  ]
                                                                }
                                                              ]
                                                            },
                                                            {
                                                              "class": "android.support.v7.widget.AppCompatImageButton",
                                                              "bounds": [
                                                                1998,
                                                                756,
                                                                992,
                                                                150
                                                              ]
                                                            },
                                                            {
                                                              "class": "android.support.v7.widget.AppCompatImageButton",
                                                              "bounds": [
                                                                2264,
                                                                756,
                                                                1125,
                                                                150
                                                              ]
                                                            }
                                                          ]
                                                        }
                                                      ]
                                                    }
                                                  ]
                                                },
                                                {
                                                  "class": "android.widget.LinearLayout",
                                                  "bounds": [
                                                    0,
                                                    1373,
                                                    1440,
                                                    672
                                                  ],
                                                  "children": [
                                                    {
                                                      "class": "android.widget.RelativeLayout",
                                                      "bounds": [
                                                        14,
                                                        981,
                                                        231,
                                                        196
                                                      ],
                                                      "children": [
                                                        {
                                                          "class": "android.support.v7.widget.AppCompatImageView",
                                                          "bounds": [
                                                            43,
                                                            953,
                                                            186,
                                                            168
                                                          ]
                                                        },
                                                        {
                                                          "class": "android.support.v7.widget.AppCompatImageView",
                                                          "bounds": [
                                                            301,
                                                            1149,
                                                            217,
                                                            168
                                                          ]
                                                        }
                                                      ]
                                                    },
                                                    {
                                                      "class": "android.widget.LinearLayout",
                                                      "bounds": [
                                                        462,
                                                        939,
                                                        1433,
                                                        217
                                                      ],
                                                      "children": [
                                                        {
                                                          "class": "android.widget.LinearLayout",
                                                          "bounds": [
                                                            301,
                                                            932,
                                                            1167,
                                                            175
                                                          ],
                                                          "children": [
                                                            {
                                                              "class": "android.widget.FrameLayout",
                                                              "bounds": [
                                                                266,
                                                                988,
                                                                866,
                                                                147
                                                              ],
                                                              "children": [
                                                                {
                                                                  "class": "android.widget.LinearLayout",
                                                                  "bounds": [
                                                                    266,
                                                                    960,
                                                                    866,
                                                                    119
                                                                  ],
                                                                  "children": [
                                                                    {
                                                                      "class": "android.support.v7.widget.AppCompatTextView",
                                                                      "bounds": [
                                                                        266,
                                                                        960,
                                                                        866,
                                                                        76
                                                                      ]
                                                                    },
                                                                    {
                                                                      "class": "android.support.v7.widget.AppCompatTextView",
                                                                      "bounds": [
                                                                        266,
                                                                        1112,
                                                                        866,
                                                                        119
                                                                      ]
                                                                    }
                                                                  ]
                                                                }
                                                              ]
                                                            },
                                                            {
                                                              "class": "android.support.v7.widget.AppCompatImageButton",
                                                              "bounds": [
                                                                1998,
                                                                980,
                                                                992,
                                                                150
                                                              ]
                                                            },
                                                            {
                                                              "class": "android.support.v7.widget.AppCompatImageButton",
                                                              "bounds": [
                                                                2264,
                                                                980,
                                                                1125,
                                                                150
                                                              ]
                                                            }
                                                          ]
                                                        }
                                                      ]
                                                    }
                                                  ]
                                                },
                                                {
                                                  "class": "android.widget.LinearLayout",
                                                  "bounds": [
                                                    0,
                                                    1821,
                                                    1440,
                                                    896
                                                  ],
                                                  "children": [
                                                    {
                                                      "class": "android.widget.RelativeLayout",
                                                      "bounds": [
                                                        14,
                                                        1205,
                                                        231,
                                                        196
                                                      ],
                                                      "children": [
                                                        {
                                                          "class": "android.support.v7.widget.AppCompatImageView",
                                                          "bounds": [
                                                            43,
                                                            1177,
                                                            186,
                                                            168
                                                          ]
                                                        },
                                                        {
                                                          "class": "android.support.v7.widget.AppCompatImageView",
                                                          "bounds": [
                                                            301,
                                                            1373,
                                                            217,
                                                            168
                                                          ]
                                                        }
                                                      ]
                                                    },
                                                    {
                                                      "class": "android.widget.LinearLayout",
                                                      "bounds": [
                                                        462,
                                                        1163,
                                                        1433,
                                                        217
                                                      ],
                                                      "children": [
                                                        {
                                                          "class": "android.widget.LinearLayout",
                                                          "bounds": [
                                                            301,
                                                            1156,
                                                            1167,
                                                            175
                                                          ],
                                                          "children": [
                                                            {
                                                              "class": "android.widget.FrameLayout",
                                                              "bounds": [
                                                                266,
                                                                1212,
                                                                866,
                                                                147
                                                              ],
                                                              "children": [
                                                                {
                                                                  "class": "android.widget.LinearLayout",
                                                                  "bounds": [
                                                                    266,
                                                                    1184,
                                                                    866,
                                                                    119
                                                                  ],
                                                                  "children": [
                                                                    {
                                                                      "class": "android.support.v7.widget.AppCompatTextView",
                                                                      "bounds": [
                                                                        266,
                                                                        1184,
                                                                        866,
                                                                        76
                                                                      ]
                                                                    },
                                                                    {
                                                                      "class": "android.support.v7.widget.AppCompatTextView",
                                                                      "bounds": [
                                                                        266,
                                                                        1336,
                                                                        866,
                                                                        119
                                                                      ]
                                                                    }
                                                                  ]
                                                                }
                                                              ]
                                                            },
                                                            {
                                                              "class": "android.support.v7.widget.AppCompatImageButton",
                                                              "bounds": [
                                                                1998,
                                                                1204,
                                                                992,
                                                                150
                                                              ]
                                                            },
                                                            {
                                                              "class": "android.support.v7.widget.AppCompatImageButton",
                                                              "bounds": [
                                                                2264,
                                                                1204,
                                                                1125,
                                                                150
                                                              ]
                                                            }
                                                          ]
                                                        }
                                                      ]
                                                    }
                                                  ]
                                                },
                                                {
                                                  "class": "android.widget.LinearLayout",
                                                  "bounds": [
                                                    0,
                                                    2269,
                                                    1440,
                                                    1120
                                                  ],
                                                  "children": [
                                                    {
                                                      "class": "android.widget.RelativeLayout",
                                                      "bounds": [
                                                        14,
                                                        1429,
                                                        231,
                                                        196
                                                      ],
                                                      "children": [
                                                        {
                                                          "class": "android.support.v7.widget.AppCompatImageView",
                                                          "bounds": [
                                                            43,
                                                            1401,
                                                            186,
                                                            168
                                                          ]
                                                        },
                                                        {
                                                          "class": "android.support.v7.widget.AppCompatImageView",
                                                          "bounds": [
                                                            301,
                                                            1597,
                                                            217,
                                                            168
                                                          ]
                                                        }
                                                      ]
                                                    },
                                                    {
                                                      "class": "android.widget.LinearLayout",
                                                      "bounds": [
                                                        462,
                                                        1387,
                                                        1433,
                                                        217
                                                      ],
                                                      "children": [
                                                        {
                                                          "class": "android.widget.LinearLayout",
                                                          "bounds": [
                                                            301,
                                                            1380,
                                                            1167,
                                                            175
                                                          ],
                                                          "children": [
                                                            {
                                                              "class": "android.widget.FrameLayout",
                                                              "bounds": [
                                                                266,
                                                                1436,
                                                                866,
                                                                147
                                                              ],
                                                              "children": [
                                                                {
                                                                  "class": "android.widget.LinearLayout",
                                                                  "bounds": [
                                                                    266,
                                                                    1408,
                                                                    866,
                                                                    119
                                                                  ],
                                                                  "children": [
                                                                    {
                                                                      "class": "android.support.v7.widget.AppCompatTextView",
                                                                      "bounds": [
                                                                        266,
                                                                        1408,
                                                                        866,
                                                                        76
                                                                      ]
                                                                    },
                                                                    {
                                                                      "class": "android.support.v7.widget.AppCompatTextView",
                                                                      "bounds": [
                                                                        266,
                                                                        1560,
                                                                        866,
                                                                        119
                                                                      ]
                                                                    }
                                                                  ]
                                                                }
                                                              ]
                                                            },
                                                            {
                                                              "class": "android.support.v7.widget.AppCompatImageButton",
                                                              "bounds": [
                                                                1998,
                                                                1428,
                                                                992,
                                                                150
                                                              ]
                                                            },
                                                            {
                                                              "class": "android.support.v7.widget.AppCompatImageButton",
                                                              "bounds": [
                                                                2264,
                                                                1428,
                                                                1125,
                                                                150
                                                              ]
                                                            }
                                                          ]
                                                        }
                                                      ]
                                                    }
                                                  ]
                                                },
                                                {
                                                  "class": "android.widget.LinearLayout",
                                                  "bounds": [
                                                    0,
                                                    2717,
                                                    1440,
                                                    1344
                                                  ],
                                                  "children": [
                                                    {
                                                      "class": "android.widget.RelativeLayout",
                                                      "bounds": [
                                                        14,
                                                        1653,
                                                        231,
                                                        196
                                                      ],
                                                      "children": [
                                                        {
                                                          "class": "android.support.v7.widget.AppCompatImageView",
                                                          "bounds": [
                                                            43,
                                                            1625,
                                                            186,
                                                            168
                                                          ]
                                                        },
                                                        {
                                                          "class": "android.support.v7.widget.AppCompatImageView",
                                                          "bounds": [
                                                            301,
                                                            1821,
                                                            217,
                                                            168
                                                          ]
                                                        }
                                                      ]
                                                    },
                                                    {
                                                      "class": "android.widget.LinearLayout",
                                                      "bounds": [
                                                        462,
                                                        1611,
                                                        1433,
                                                        217
                                                      ],
                                                      "children": [
                                                        {
                                                          "class": "android.widget.LinearLayout",
                                                          "bounds": [
                                                            301,
                                                            1604,
                                                            1167,
                                                            175
                                                          ],
                                                          "children": [
                                                            {
                                                              "class": "android.widget.FrameLayout",
                                                              "bounds": [
                                                                266,
                                                                1660,
                                                                866,
                                                                147
                                                              ],
                                                              "children": [
                                                                {
                                                                  "class": "android.widget.LinearLayout",
                                                                  "bounds": [
                                                                    266,
                                                                    1632,
                                                                    866,
                                                                    119
                                                                  ],
                                                                  "children": [
                                                                    {
                                                                      "class": "android.support.v7.widget.AppCompatTextView",
                                                                      "bounds": [
                                                                        266,
                                                                        1632,
                                                                        866,
                                                                        76
                                                                      ]
                                                                    },
                                                                    {
                                                                      "class": "android.support.v7.widget.AppCompatTextView",
                                                                      "bounds": [
                                                                        266,
                                                                        1784,
                                                                        866,
                                                                        119
                                                                      ]
                                                                    }
                                                                  ]
                                                                }
                                                              ]
                                                            },
                                                            {
                                                              "class": "android.support.v7.widget.AppCompatImageButton",
                                                              "bounds": [
                                                                1998,
                                                                1652,
                                                                992,
                                                                150
                                                              ]
                                                            },
                                                            {
                                                              "class": "android.support.v7.widget.AppCompatImageButton",
                                                              "bounds": [
                                                                2264,
                                                                1652,
                                                                1125,
                                                                150
                                                              ]
                                                            }
                                                          ]
                                                        }
                                                      ]
                                                    }
                                                  ]
                                                },
                                                {
                                                  "class": "android.widget.LinearLayout",
                                                  "bounds": [
                                                    0,
                                                    3165,
                                                    1440,
                                                    1568
                                                  ],
                                                  "children": [
                                                    {
                                                      "class": "android.widget.RelativeLayout",
                                                      "bounds": [
                                                        14,
                                                        1877,
                                                        231,
                                                        196
                                                      ],
                                                      "children": [
                                                        {
                                                          "class": "android.support.v7.widget.AppCompatImageView",
                                                          "bounds": [
                                                            43,
                                                            1849,
                                                            186,
                                                            168
                                                          ]
                                                        },
                                                        {
                                                          "class": "android.support.v7.widget.AppCompatImageView",
                                                          "bounds": [
                                                            301,
                                                            2045,
                                                            217,
                                                            168
                                                          ]
                                                        }
                                                      ]
                                                    },
                                                    {
                                                      "class": "android.widget.LinearLayout",
                                                      "bounds": [
                                                        462,
                                                        1835,
                                                        1433,
                                                        217
                                                      ],
                                                      "children": [
                                                        {
                                                          "class": "android.widget.LinearLayout",
                                                          "bounds": [
                                                            301,
                                                            1828,
                                                            1167,
                                                            175
                                                          ],
                                                          "children": [
                                                            {
                                                              "class": "android.widget.FrameLayout",
                                                              "bounds": [
                                                                266,
                                                                1884,
                                                                866,
                                                                147
                                                              ],
                                                              "children": [
                                                                {
                                                                  "class": "android.widget.LinearLayout",
                                                                  "bounds": [
                                                                    266,
                                                                    1856,
                                                                    866,
                                                                    119
                                                                  ],
                                                                  "children": [
                                                                    {
                                                                      "class": "android.support.v7.widget.AppCompatTextView",
                                                                      "bounds": [
                                                                        266,
                                                                        1856,
                                                                        866,
                                                                        76
                                                                      ]
                                                                    },
                                                                    {
                                                                      "class": "android.support.v7.widget.AppCompatTextView",
                                                                      "bounds": [
                                                                        266,
                                                                        2008,
                                                                        866,
                                                                        119
                                                                      ]
                                                                    }
                                                                  ]
                                                                }
                                                              ]
                                                            },
                                                            {
                                                              "class": "android.support.v7.widget.AppCompatImageButton",
                                                              "bounds": [
                                                                1998,
                                                                1876,
                                                                992,
                                                                150
                                                              ]
                                                            },
                                                            {
                                                              "class": "android.support.v7.widget.AppCompatImageButton",
                                                              "bounds": [
                                                                2264,
                                                                1876,
                                                                1125,
                                                                150
                                                              ]
                                                            }
                                                          ]
                                                        }
                                                      ]
                                                    }
                                                  ]
                                                },
                                                {
                                                  "class": "android.widget.LinearLayout",
                                                  "bounds": [
                                                    0,
                                                    3613,
                                                    1440,
                                                    1792
                                                  ],
                                                  "children": [
                                                    {
                                                      "class": "android.widget.RelativeLayout",
                                                      "bounds": [
                                                        14,
                                                        2101,
                                                        231,
                                                        196
                                                      ],
                                                      "children": [
                                                        {
                                                          "class": "android.support.v7.widget.AppCompatImageView",
                                                          "bounds": [
                                                            43,
                                                            2073,
                                                            186,
                                                            168
                                                          ]
                                                        },
                                                        {
                                                          "class": "android.support.v7.widget.AppCompatImageView",
                                                          "bounds": [
                                                            301,
                                                            2269,
                                                            217,
                                                            168
                                                          ]
                                                        }
                                                      ]
                                                    },
                                                    {
                                                      "class": "android.widget.LinearLayout",
                                                      "bounds": [
                                                        462,
                                                        2059,
                                                        1433,
                                                        217
                                                      ],
                                                      "children": [
                                                        {
                                                          "class": "android.widget.LinearLayout",
                                                          "bounds": [
                                                            301,
                                                            2052,
                                                            1167,
                                                            175
                                                          ],
                                                          "children": [
                                                            {
                                                              "class": "android.widget.FrameLayout",
                                                              "bounds": [
                                                                266,
                                                                2108,
                                                                866,
                                                                147
                                                              ],
                                                              "children": [
                                                                {
                                                                  "class": "android.widget.LinearLayout",
                                                                  "bounds": [
                                                                    266,
                                                                    2080,
                                                                    866,
                                                                    119
                                                                  ],
                                                                  "children": [
                                                                    {
                                                                      "class": "android.support.v7.widget.AppCompatTextView",
                                                                      "bounds": [
                                                                        266,
                                                                        2080,
                                                                        866,
                                                                        76
                                                                      ]
                                                                    },
                                                                    {
                                                                      "class": "android.support.v7.widget.AppCompatTextView",
                                                                      "bounds": [
                                                                        266,
                                                                        2232,
                                                                        866,
                                                                        119
                                                                      ]
                                                                    }
                                                                  ]
                                                                }
                                                              ]
                                                            },
                                                            {
                                                              "class": "android.support.v7.widget.AppCompatImageButton",
                                                              "bounds": [
                                                                1998,
                                                                2100,
                                                                992,
                                                                150
                                                              ]
                                                            },
                                                            {
                                                              "class": "android.support.v7.widget.AppCompatImageButton",
                                                              "bounds": [
                                                                2264,
                                                                2100,
                                                                1125,
                                                                150
                                                              ]
                                                            }
                                                          ]
                                                        }
                                                      ]
                                                    }
                                                  ]
                                                }
                                              ]
                                            }
                                          ]
                                        }
                                      ]
                                    },
                                    {
                                      "class": "android.widget.FrameLayout",
                                      "bounds": [
                                        2880,
                                        477,
                                        2880,
                                        1740
                                      ],
                                      "children": [
                                        {
                                          "class": "android.widget.FrameLayout",
                                          "bounds": [
                                            1440,
                                            477,
                                            1440,
                                            1740
                                          ],
                                          "children": [
                                            {
                                              "class": "android.widget.TextView",
                                              "bounds": [
                                                1440,
                                                477,
                                                1440,
                                                1740
                                              ]
                                            }
                                          ]
                                        }
                                      ]
                                    }
                                  ]
                                },
                                {
                                  "class": "com.google.android.gms.ads.AdView",
                                  "bounds": [
                                    0,
                                    4154,
                                    1440,
                                    2112
                                  ],
                                  "children": [
                                    {
                                      "class": "com.google.android.gms.ads.internal.bi",
                                      "bounds": [
                                        320,
                                        2217,
                                        1280,
                                        175
                                      ],
                                      "children": [
                                        {
                                          "class": "com.google.android.gms.ads.internal.webview.l",
                                          "bounds": [
                                            160,
                                            2217,
                                            1120,
                                            175
                                          ],
                                          "children": [
                                            {
                                              "class": "com.google.android.gms.ads.internal.webview.m",
                                              "bounds": [
                                                160,
                                                2217,
                                                1120,
                                                175
                                              ]
                                            }
                                          ]
                                        }
                                      ]
                                    }
                                  ]
                                }
                              ]
                            }
                          ]
                        }
                      ]
                    }
                  ]
                },
                {
                  "class": "android.support.v7.widget.ActionBarContainer",
                  "bounds": [
                    0,
                    84,
                    1440,
                    196
                  ],
                  "children": [
                    {
                      "class": "android.support.v7.widget.Toolbar",
                      "bounds": [
                        0,
                        84,
                        1440,
                        196
                      ],
                      "children": [
                        {
                          "class": "android.widget.LinearLayout",
                          "bounds": [
                            112,
                            204,
                            703,
                            136
                          ],
                          "children": [
                            {
                              "class": "android.support.v7.widget.AppCompatTextView",
                              "bounds": [
                                56,
                                144,
                                647,
                                76
                              ]
                            }
                          ]
                        },
                        {
                          "class": "android.support.v7.widget.ActionMenuView",
                          "bounds": [
                            1872,
                            84,
                            1440,
                            196
                          ],
                          "children": [
                            {
                              "class": "android.support.v4.widget.SearchViewCompatIcs$MySearchView",
                              "bounds": [
                                936,
                                112,
                                168,
                                182
                              ],
                              "children": [
                                {
                                  "class": "android.widget.LinearLayout",
                                  "bounds": [
                                    936,
                                    98,
                                    168,
                                    168
                                  ],
                                  "children": [
                                    {
                                      "class": "android.support.v7.widget.AppCompatImageView",
                                      "bounds": [
                                        936,
                                        98,
                                        168,
                                        168
                                      ]
                                    }
                                  ]
                                }
                              ]
                            },
                            {
                              "class": "android.support.v7.view.menu.ActionMenuItemView",
                              "bounds": [
                                1272,
                                112,
                                336,
                                182
                              ]
                            },
                            {
                              "class": "android.support.v7.view.menu.ActionMenuItemView",
                              "bounds": [
                                1608,
                                112,
                                504,
                                182
                              ]
                            }
                          ]
                        }
                      ]
                    }
                  ]
                }
              ]
            }
          ]
        }
      ]
    },
    {
      "class": "android.view.View",
      "bounds": [
        0,
        4784,
        1440,
        2560
      ]
    },
    {
      "class": "android.view.View",
      "bounds": [
        0,
        0,
        1440,
        84
      ]
    }
  ]
}