{
  "class": "com.android.internal.policy.PhoneWindow$DecorView",
  "bounds": [
    0,
    0,
    1440,
    2560
  ],
  "children": [
    {
      "class": "android.widget.LinearLayout",
      "bounds": [
        0,
        0,
        1440,
        2392
      ],
      "children": [
        {
          "class": "android.widget.FrameLayout",
          "bounds": [
            0,
            0,
            1440,
            2392
          ],
          "children": [
            {
              "class": "android.support.v7.widget.FitWindowsLinearLayout",
              "bounds": [
                0,
                0,
                1440,
                2392
              ],
              "children": [
                {
                  "class": "android.support.v7.widget.ContentFrameLayout",
                  "bounds": [
                    0,
                    0,
                    1440,
                    2392
                  ],
                  "children": [
                    {
                      "class": "android.support.v4.widget.DrawerLayout",
                      "bounds": [
                        0,
                        0,
                        1440,
                        2392
                      ],
                      "children": [
                        {
                          "class": "android.widget.RelativeLayout",
                          "bounds": [
                            0,
                            168,
                            1440,
                            2392
                          ],
                          "children": [
                            {
                              "class": "android.widget.FrameLayout",
                              "bounds": [
                                0,
                                476,
                                1440,
                                2308
                              ],
                              "children": [
                                {
                                  "class": "android.widget.FrameLayout",
                                  "bounds": [
                                    0,
                                    280,
                                    1440,
                                    2112
                                  ],
                                  "children": [
                                    {
                                      "class": "com.google.maps.api.android.lib6.gmm6.api.z",
                                      "bounds": [
                                        0,
                                        280,
                                        1440,
                                        2112
                                      ]
                                    },
                                    {
                                      "class": "com.google.maps.api.android.lib6.impl.fr",
                                      "bounds": [
                                        0,
                                        280,
                                        1440,
                                        2112
                                      ],
                                      "children": [
                                        {
                                          "class": "android.widget.ImageView",
                                          "bounds": [
                                            36,
                                            4314,
                                            228,
                                            2094
                                          ]
                                        }
                                      ]
                                    },
                                    {
                                      "class": "android.widget.RelativeLayout",
                                      "bounds": [
                                        0,
                                        280,
                                        1440,
                                        2112
                                      ],
                                      "children": []
                                    }
                                  ]
                                }
                              ]
                            },
                            {
                              "class": "android.support.v7.widget.AppCompatTextView",
                              "bounds": [
                                0,
                                204,
                                1440,
                                196
                              ]
                            },
                            {
                              "class": "android.support.v7.widget.Toolbar",
                              "bounds": [
                                0,
                                84,
                                1440,
                                196
                              ],
                              "children": [
                                {
                                  "class": "android.widget.ImageButton",
                                  "bounds": [
                                    0,
                                    84,
                                    196,
                                    196
                                  ]
                                },
                                {
                                  "class": "android.support.v7.widget.ActionMenuView",
                                  "bounds": [
                                    1928,
                                    84,
                                    1440,
                                    196
                                  ],
                                  "children": [
                                    {
                                      "class": "android.support.v7.view.menu.ActionMenuItemView",
                                      "bounds": [
                                        964,
                                        112,
                                        168,
                                        182
                                      ]
                                    },
                                    {
                                      "class": "android.support.v7.view.menu.ActionMenuItemView",
                                      "bounds": [
                                        1300,
                                        112,
                                        336,
                                        182
                                      ]
                                    },
                                    {
                                      "class": "android.support.v7.widget.ActionMenuPresenter$OverflowMenuButton",
                                      "bounds": [
                                        1636,
                                        112,
                                        476,
                                        182
                                      ]
                                    }
                                  ]
                                }
                              ]
                            },
                            {
                              "class": "android.support.v4.view.ViewPager",
                              "bounds": [
                                0,
                                4385,
                                1440,
                                2308
                              ]
                            },
                            {
                              "class": "android.view.View",
                              "bounds": [
                                0,
                                399,
                                1440,
                                1993
                              ]
                            },
                            {
                              "class": "android.support.design.widget.FloatingActionButton",
                              "bounds": [
                                2474,
                                4287,
                                1384,
                                2091
                              ]
                            },
                            {
                              "class": "android.support.design.widget.FloatingActionButton",
                              "bounds": [
                                2376,
                                4196,
                                1384,
                                2252
                              ]
                            }
                          ]
                        }
                      ]
                    }
                  ]
                }
              ]
            }
          ]
        }
      ]
    },
    {
      "class": "android.view.View",
      "bounds": [
        0,
        4784,
        1440,
        2560
      ]
    }
  ]
}