{
  "class": "com.android.internal.policy.PhoneWindow$DecorView",
  "bounds": [
    0,
    0,
    1440,
    2560
  ],
  "children": [
    {
      "class": "android.widget.LinearLayout",
      "bounds": [
        0,
        0,
        1440,
        2392
      ],
      "children": [
        {
          "class": "android.widget.FrameLayout",
          "bounds": [
            0,
            168,
            1440,
            2392
          ],
          "children": [
            {
              "class": "android.support.v7.widget.FitWindowsFrameLayout",
              "bounds": [
                0,
                84,
                1440,
                2308
              ],
              "children": [
                {
                  "class": "android.support.v7.widget.ContentFrameLayout",
                  "bounds": [
                    0,
                    84,
                    1440,
                    2308
                  ],
                  "children": [
                    {
                      "class": "android.support.design.widget.CoordinatorLayout",
                      "bounds": [
                        0,
                        84,
                        1440,
                        2308
                      ],
                      "children": [
                        {
                          "class": "android.support.v4.view.ViewPager",
                          "bounds": [
                            0,
                            84,
                            1440,
                            2112
                          ],
                          "children": [
                            {
                              "class": "android.support.design.widget.CoordinatorLayout",
                              "bounds": [
                                2992,
                                84,
                                4432,
                                2112
                              ],
                              "children": [
                                {
                                  "class": "com.megalol.app.view.ParallaxScrimageView",
                                  "bounds": [
                                    0,
                                    84,
                                    1440,
                                    1720
                                  ]
                                },
                                {
                                  "class": "android.support.v4.widget.SwipeRefreshLayout",
                                  "bounds": [
                                    0,
                                    84,
                                    1440,
                                    2112
                                  ],
                                  "children": [
                                    {
                                      "class": "android.widget.ListView",
                                      "bounds": [
                                        0,
                                        84,
                                        1440,
                                        2112
                                      ],
                                      "children": [
                                        {
                                          "class": "android.widget.RelativeLayout",
                                          "bounds": [
                                            0,
                                            84,
                                            1440,
                                            1720
                                          ],
                                          "children": []
                                        },
                                        {
                                          "class": "android.widget.RelativeLayout",
                                          "bounds": [
                                            0,
                                            3526,
                                            1440,
                                            2113
                                          ],
                                          "children": [
                                            {
                                              "class": "com.megalol.app.view.CircularImageView",
                                              "bounds": [
                                                1216,
                                                2029,
                                                1384,
                                                280
                                              ]
                                            },
                                            {
                                              "class": "com.megalol.app.view.BaselineGridTextView",
                                              "bounds": [
                                                842,
                                                2029,
                                                1174,
                                                196
                                              ]
                                            },
                                            {
                                              "class": "com.megalol.app.view.BaselineGridTextView",
                                              "bounds": [
                                                855,
                                                2197,
                                                1174,
                                                252
                                              ]
                                            }
                                          ]
                                        }
                                      ]
                                    }
                                  ]
                                },
                                {
                                  "class": "com.megalol.app.view.FABToggle",
                                  "bounds": [
                                    56,
                                    3384,
                                    196,
                                    1790
                                  ]
                                }
                              ]
                            },
                            {
                              "class": "android.support.design.widget.CoordinatorLayout",
                              "bounds": [
                                4488,
                                84,
                                5928,
                                2112
                              ],
                              "children": [
                                {
                                  "class": "com.megalol.app.view.ParallaxScrimageView",
                                  "bounds": [
                                    0,
                                    84,
                                    1440,
                                    1065
                                  ]
                                },
                                {
                                  "class": "android.support.v4.widget.SwipeRefreshLayout",
                                  "bounds": [
                                    0,
                                    84,
                                    1440,
                                    2112
                                  ],
                                  "children": [
                                    {
                                      "class": "android.widget.ListView",
                                      "bounds": [
                                        0,
                                        84,
                                        1440,
                                        2112
                                      ],
                                      "children": [
                                        {
                                          "class": "android.widget.RelativeLayout",
                                          "bounds": [
                                            0,
                                            84,
                                            1440,
                                            1065
                                          ],
                                          "children": []
                                        },
                                        {
                                          "class": "android.widget.RelativeLayout",
                                          "bounds": [
                                            0,
                                            2216,
                                            1440,
                                            1458
                                          ],
                                          "children": [
                                            {
                                              "class": "com.megalol.app.view.CircularImageView",
                                              "bounds": [
                                                2432,
                                                1374,
                                                1384,
                                                280
                                              ]
                                            },
                                            {
                                              "class": "com.megalol.app.view.BaselineGridTextView",
                                              "bounds": [
                                                1924,
                                                1374,
                                                1174,
                                                196
                                              ]
                                            },
                                            {
                                              "class": "com.megalol.app.view.BaselineGridTextView",
                                              "bounds": [
                                                1728,
                                                1542,
                                                1174,
                                                252
                                              ]
                                            }
                                          ]
                                        },
                                        {
                                          "class": "android.widget.LinearLayout",
                                          "bounds": [
                                            0,
                                            3002,
                                            1440,
                                            1833
                                          ],
                                          "children": [
                                            {
                                              "class": "com.megalol.app.view.Button",
                                              "bounds": [
                                                860,
                                                1767,
                                                663,
                                                262
                                              ]
                                            },
                                            {
                                              "class": "com.megalol.app.view.Button",
                                              "bounds": [
                                                1550,
                                                1767,
                                                1010,
                                                262
                                              ]
                                            }
                                          ]
                                        },
                                        {
                                          "class": "com.megalol.app.view.BaselineGridTextView",
                                          "bounds": [
                                            0,
                                            3752,
                                            1440,
                                            2002
                                          ]
                                        },
                                        {
                                          "class": "android.widget.RelativeLayout",
                                          "bounds": [
                                            0,
                                            4090,
                                            1440,
                                            2302
                                          ],
                                          "children": [
                                            {
                                              "class": "com.megalol.app.view.CircularImageView",
                                              "bounds": [
                                                84,
                                                2311,
                                                210,
                                                280
                                              ]
                                            },
                                            {
                                              "class": "com.megalol.app.view.ImageView",
                                              "bounds": [
                                                280,
                                                2507,
                                                210,
                                                280
                                              ]
                                            },
                                            {
                                              "class": "android.support.design.widget.TextInputLayout",
                                              "bounds": [
                                                478,
                                                2311,
                                                1244,
                                                299
                                              ],
                                              "children": [
                                                {
                                                  "class": "android.widget.FrameLayout",
                                                  "bounds": [
                                                    239,
                                                    2275,
                                                    1005,
                                                    187
                                                  ],
                                                  "children": [
                                                    {
                                                      "class": "android.support.v7.widget.AppCompatEditText",
                                                      "bounds": [
                                                        239,
                                                        2237,
                                                        1005,
                                                        149
                                                      ]
                                                    }
                                                  ]
                                                }
                                              ]
                                            },
                                            {
                                              "class": "com.megalol.app.view.ImageButton",
                                              "bounds": [
                                                2488,
                                                2311,
                                                1384,
                                                252
                                              ]
                                            }
                                          ]
                                        }
                                      ]
                                    }
                                  ]
                                },
                                {
                                  "class": "com.megalol.app.view.FABToggle",
                                  "bounds": [
                                    112,
                                    2074,
                                    196,
                                    1135
                                  ]
                                }
                              ]
                            },
                            {
                              "class": "android.support.design.widget.CoordinatorLayout",
                              "bounds": [
                                7480,
                                84,
                                7424,
                                2112
                              ],
                              "children": [
                                {
                                  "class": "com.megalol.app.view.ParallaxScrimageView",
                                  "bounds": [
                                    1496,
                                    84,
                                    1440,
                                    1440
                                  ]
                                },
                                {
                                  "class": "android.support.v4.widget.SwipeRefreshLayout",
                                  "bounds": [
                                    1496,
                                    84,
                                    1440,
                                    2112
                                  ],
                                  "children": [
                                    {
                                      "class": "android.widget.ListView",
                                      "bounds": [
                                        1496,
                                        84,
                                        1440,
                                        2112
                                      ],
                                      "children": [
                                        {
                                          "class": "android.widget.RelativeLayout",
                                          "bounds": [
                                            1496,
                                            84,
                                            1440,
                                            1440
                                          ],
                                          "children": []
                                        },
                                        {
                                          "class": "android.widget.RelativeLayout",
                                          "bounds": [
                                            1496,
                                            2966,
                                            1440,
                                            1833
                                          ],
                                          "children": [
                                            {
                                              "class": "com.megalol.app.view.CircularImageView",
                                              "bounds": [
                                                3928,
                                                1749,
                                                1384,
                                                280
                                              ]
                                            },
                                            {
                                              "class": "com.megalol.app.view.BaselineGridTextView",
                                              "bounds": [
                                                3276,
                                                1749,
                                                1174,
                                                196
                                              ]
                                            },
                                            {
                                              "class": "com.megalol.app.view.BaselineGridTextView",
                                              "bounds": [
                                                3212,
                                                1917,
                                                1174,
                                                252
                                              ]
                                            }
                                          ]
                                        },
                                        {
                                          "class": "android.widget.LinearLayout",
                                          "bounds": [
                                            1496,
                                            3752,
                                            1440,
                                            2208
                                          ],
                                          "children": [
                                            {
                                              "class": "com.megalol.app.view.Button",
                                              "bounds": [
                                                2324,
                                                2142,
                                                647,
                                                262
                                              ]
                                            },
                                            {
                                              "class": "com.megalol.app.view.Button",
                                              "bounds": [
                                                3014,
                                                2142,
                                                1025,
                                                262
                                              ]
                                            }
                                          ]
                                        }
                                      ]
                                    }
                                  ]
                                },
                                {
                                  "class": "com.megalol.app.view.FABToggle",
                                  "bounds": [
                                    1678,
                                    2894,
                                    196,
                                    1510
                                  ]
                                }
                              ]
                            }
                          ]
                        },
                        {
                          "class": "android.support.v7.widget.Toolbar",
                          "bounds": [
                            0,
                            4308,
                            1440,
                            2308
                          ],
                          "children": [
                            {
                              "class": "android.support.v7.widget.AppCompatImageButton",
                              "bounds": [
                                0,
                                2196,
                                196,
                                196
                              ]
                            },
                            {
                              "class": "android.support.v7.widget.ActionMenuView",
                              "bounds": [
                                1872,
                                2196,
                                1440,
                                196
                              ],
                              "children": [
                                {
                                  "class": "android.support.v7.view.menu.ActionMenuItemView",
                                  "bounds": [
                                    936,
                                    2224,
                                    168,
                                    182
                                  ]
                                },
                                {
                                  "class": "android.support.v7.view.menu.ActionMenuItemView",
                                  "bounds": [
                                    1272,
                                    2224,
                                    336,
                                    182
                                  ]
                                },
                                {
                                  "class": "android.support.v7.view.menu.ActionMenuItemView",
                                  "bounds": [
                                    1608,
                                    2224,
                                    504,
                                    182
                                  ]
                                }
                              ]
                            }
                          ]
                        },
                        {
                          "class": "android.support.v4.widget.NestedScrollView",
                          "bounds": [
                            0,
                            4700,
                            1440,
                            2663
                          ],
                          "children": [
                            {
                              "class": "android.widget.FrameLayout",
                              "bounds": [
                                0,
                                2392,
                                1440,
                                355
                              ],
                              "children": [
                                {
                                  "class": "android.widget.RelativeLayout",
                                  "bounds": [
                                    0,
                                    2392,
                                    1440,
                                    355
                                  ],
                                  "children": [
                                    {
                                      "class": "android.support.v7.widget.CardView",
                                      "bounds": [
                                        1052,
                                        2392,
                                        913,
                                        162
                                      ],
                                      "children": [
                                        {
                                          "class": "android.support.v7.widget.AppCompatTextView",
                                          "bounds": [
                                            638,
                                            2426,
                                            331,
                                            102
                                          ]
                                        }
                                      ]
                                    },
                                    {
                                      "class": "android.widget.LinearLayout",
                                      "bounds": [
                                        0,
                                        2606,
                                        1440,
                                        355
                                      ],
                                      "children": [
                                        {
                                          "class": "android.widget.LinearLayout",
                                          "bounds": [
                                            0,
                                            2499,
                                            1440,
                                            248
                                          ],
                                          "children": [
                                            {
                                              "class": "android.support.v7.widget.AppCompatImageView",
                                              "bounds": [
                                                0,
                                                2499,
                                                1440,
                                                0
                                              ]
                                            },
                                            {
                                              "class": "android.view.View",
                                              "bounds": [
                                                0,
                                                2499,
                                                1440,
                                                4
                                              ]
                                            },
                                            {
                                              "class": "android.widget.LinearLayout",
                                              "bounds": [
                                                2450,
                                                2507,
                                                1440,
                                                74
                                              ],
                                              "children": [
                                                {
                                                  "class": "android.support.v7.widget.AppCompatTextView",
                                                  "bounds": [
                                                    1225,
                                                    2507,
                                                    131,
                                                    68
                                                  ]
                                                },
                                                {
                                                  "class": "android.support.v7.widget.AppCompatImageView",
                                                  "bounds": [
                                                    1529,
                                                    2517,
                                                    208,
                                                    63
                                                  ]
                                                }
                                              ]
                                            },
                                            {
                                              "class": "android.support.v7.widget.AppCompatTextView",
                                              "bounds": [
                                                1150,
                                                2647,
                                                864,
                                                131
                                              ]
                                            },
                                            {
                                              "class": "android.support.v7.widget.AppCompatTextView",
                                              "bounds": [
                                                894,
                                                2761,
                                                992,
                                                244
                                              ]
                                            },
                                            {
                                              "class": "android.view.View",
                                              "bounds": [
                                                0,
                                                2987,
                                                1440,
                                                248
                                              ]
                                            }
                                          ]
                                        }
                                      ]
                                    }
                                  ]
                                }
                              ]
                            }
                          ]
                        }
                      ]
                    },
                    {
                      "class": "com.plattysoft.leonids.ParticleField",
                      "bounds": [
                        0,
                        84,
                        1440,
                        2308
                      ]
                    }
                  ]
                }
              ]
            }
          ]
        }
      ]
    },
    {
      "class": "android.view.View",
      "bounds": [
        0,
        4784,
        1440,
        2560
      ]
    },
    {
      "class": "android.view.View",
      "bounds": [
        0,
        0,
        1440,
        84
      ]
    }
  ]
}