{
  "class": "com.android.internal.policy.PhoneWindow$DecorView",
  "bounds": [
    0,
    0,
    1440,
    2560
  ],
  "children": [
    {
      "class": "android.widget.LinearLayout",
      "bounds": [
        0,
        0,
        1440,
        2392
      ],
      "children": [
        {
          "class": "android.widget.FrameLayout",
          "bounds": [
            0,
            168,
            1440,
            2392
          ],
          "children": [
            {
              "class": "android.support.v7.widget.ActionBarOverlayLayout",
              "bounds": [
                0,
                84,
                1440,
                2308
              ],
              "children": [
                {
                  "class": "android.support.v7.widget.ContentFrameLayout",
                  "bounds": [
                    0,
                    476,
                    1440,
                    2308
                  ],
                  "children": [
                    {
                      "class": "android.widget.RelativeLayout",
                      "bounds": [
                        0,
                        280,
                        1440,
                        2112
                      ],
                      "children": [
                        {
                          "class": "android.widget.RelativeLayout",
                          "bounds": [
                            0,
                            1798,
                            1440,
                            1352
                          ],
                          "children": [
                            {
                              "class": "android.support.v7.widget.AppCompatButton",
                              "bounds": [
                                564,
                                1039,
                                1157,
                                140
                              ]
                            },
                            {
                              "class": "android.support.v7.widget.AppCompatButton",
                              "bounds": [
                                564,
                                1355,
                                1157,
                                298
                              ]
                            },
                            {
                              "class": "android.support.v7.widget.AppCompatButton",
                              "bounds": [
                                564,
                                1671,
                                1157,
                                456
                              ]
                            },
                            {
                              "class": "com.google.android.gms.plus.PlusOneButton",
                              "bounds": [
                                572,
                                2057,
                                1154,
                                593
                              ],
                              "children": [
                                {
                                  "class": "ztu",
                                  "bounds": [
                                    286,
                                    1548,
                                    868,
                                    84
                                  ],
                                  "children": [
                                    {
                                      "class": "android.widget.LinearLayout",
                                      "bounds": [
                                        286,
                                        1548,
                                        868,
                                        84
                                      ],
                                      "children": [
                                        {
                                          "class": "android.widget.FrameLayout",
                                          "bounds": [
                                            286,
                                            1548,
                                            133,
                                            84
                                          ],
                                          "children": [
                                            {
                                              "class": "ztt",
                                              "bounds": [
                                                286,
                                                1548,
                                                133,
                                                84
                                              ]
                                            }
                                          ]
                                        },
                                        {
                                          "class": "zpc",
                                          "bounds": [
                                            554,
                                            1548,
                                            868,
                                            84
                                          ],
                                          "children": [
                                            {
                                              "class": "android.widget.ImageView",
                                              "bounds": [
                                                1170,
                                                1632,
                                                375,
                                                42
                                              ]
                                            },
                                            {
                                              "class": "android.widget.TextView",
                                              "bounds": [
                                                454,
                                                1570,
                                                734,
                                                73
                                              ]
                                            }
                                          ]
                                        }
                                      ]
                                    }
                                  ]
                                }
                              ]
                            }
                          ]
                        },
                        {
                          "class": "android.widget.RelativeLayout",
                          "bounds": [
                            0,
                            4154,
                            1440,
                            2112
                          ],
                          "children": [
                            {
                              "class": "com.google.android.gms.ads.AdView",
                              "bounds": [
                                0,
                                2217,
                                1440,
                                175
                              ],
                              "children": [
                                {
                                  "class": "com.google.android.gms.ads.internal.bp",
                                  "bounds": [
                                    320,
                                    2217,
                                    1280,
                                    175
                                  ],
                                  "children": [
                                    {
                                      "class": "com.google.android.gms.ads.internal.webview.n",
                                      "bounds": [
                                        160,
                                        2217,
                                        1120,
                                        175
                                      ],
                                      "children": [
                                        {
                                          "class": "com.google.android.gms.ads.internal.webview.o",
                                          "bounds": [
                                            160,
                                            2217,
                                            1120,
                                            175
                                          ]
                                        }
                                      ]
                                    }
                                  ]
                                }
                              ]
                            }
                          ]
                        }
                      ]
                    }
                  ]
                },
                {
                  "class": "android.support.v7.widget.ActionBarContainer",
                  "bounds": [
                    0,
                    84,
                    1440,
                    196
                  ],
                  "children": [
                    {
                      "class": "android.support.v7.widget.Toolbar",
                      "bounds": [
                        0,
                        84,
                        1440,
                        196
                      ],
                      "children": [
                        {
                          "class": "android.widget.TextView",
                          "bounds": [
                            420,
                            200,
                            728,
                            137
                          ]
                        },
                        {
                          "class": "android.widget.ImageButton",
                          "bounds": [
                            0,
                            84,
                            196,
                            196
                          ]
                        },
                        {
                          "class": "android.support.v7.widget.ActionMenuView",
                          "bounds": [
                            2880,
                            84,
                            1440,
                            196
                          ]
                        }
                      ]
                    }
                  ]
                }
              ]
            }
          ]
        }
      ]
    },
    {
      "class": "android.view.View",
      "bounds": [
        0,
        4784,
        1440,
        2560
      ]
    },
    {
      "class": "android.view.View",
      "bounds": [
        0,
        0,
        1440,
        84
      ]
    }
  ]
}