{
  "class": "com.android.internal.policy.PhoneWindow$DecorView",
  "bounds": [
    0,
    0,
    1440,
    2560
  ],
  "children": [
    {
      "class": "android.widget.LinearLayout",
      "bounds": [
        0,
        0,
        1440,
        2392
      ],
      "children": [
        {
          "class": "android.widget.FrameLayout",
          "bounds": [
            0,
            0,
            1440,
            2392
          ],
          "children": [
            {
              "class": "android.support.v7.widget.FitWindowsFrameLayout",
              "bounds": [
                0,
                0,
                1440,
                2392
              ],
              "children": [
                {
                  "class": "android.support.v7.widget.ContentFrameLayout",
                  "bounds": [
                    0,
                    0,
                    1440,
                    2392
                  ],
                  "children": [
                    {
                      "class": "android.widget.RelativeLayout",
                      "bounds": [
                        0,
                        0,
                        1440,
                        2392
                      ],
                      "children": [
                        {
                          "class": "android.support.v7.widget.AppCompatImageView",
                          "bounds": [
                            0,
                            0,
                            1440,
                            2392
                          ]
                        },
                        {
                          "class": "android.support.design.widget.CoordinatorLayout",
                          "bounds": [
                            0,
                            0,
                            1440,
                            2392
                          ],
                          "children": [
                            {
                              "class": "android.widget.LinearLayout",
                              "bounds": [
                                0,
                                0,
                                1440,
                                2392
                              ],
                              "children": [
                                {
                                  "class": "android.widget.FrameLayout",
                                  "bounds": [
                                    0,
                                    0,
                                    1440,
                                    2392
                                  ],
                                  "children": [
                                    {
                                      "class": "android.widget.FrameLayout",
                                      "bounds": [
                                        0,
                                        0,
                                        1440,
                                        2392
                                      ],
                                      "children": [
                                        {
                                          "class": "android.support.v4.view.ViewPager",
                                          "bounds": [
                                            0,
                                            0,
                                            1440,
                                            2392
                                          ],
                                          "children": [
                                            {
                                              "class": "android.widget.ImageView",
                                              "bounds": [
                                                0,
                                                0,
                                                1440,
                                                2392
                                              ]
                                            },
                                            {
                                              "class": "android.widget.ImageView",
                                              "bounds": [
                                                1440,
                                                0,
                                                2880,
                                                2392
                                              ]
                                            },
                                            {
                                              "class": "android.widget.ImageView",
                                              "bounds": [
                                                4320,
                                                0,
                                                4320,
                                                2392
                                              ]
                                            }
                                          ]
                                        },
                                        {
                                          "class": "android.widget.LinearLayout",
                                          "bounds": [
                                            0,
                                            4252,
                                            1440,
                                            2392
                                          ],
                                          "children": [
                                            {
                                              "class": "android.support.v7.widget.AppCompatButton",
                                              "bounds": [
                                                0,
                                                2126,
                                                339,
                                                182
                                              ]
                                            },
                                            {
                                              "class": "android.support.v7.widget.AppCompatImageView",
                                              "bounds": [
                                                1106,
                                                2266,
                                                595,
                                                112
                                              ]
                                            },
                                            {
                                              "class": "android.support.v7.widget.AppCompatImageView",
                                              "bounds": [
                                                1292,
                                                2256,
                                                693,
                                                112
                                              ]
                                            },
                                            {
                                              "class": "android.support.v7.widget.AppCompatImageView",
                                              "bounds": [
                                                1498,
                                                2266,
                                                791,
                                                112
                                              ]
                                            },
                                            {
                                              "class": "android.support.v7.widget.AppCompatImageView",
                                              "bounds": [
                                                1694,
                                                2266,
                                                889,
                                                112
                                              ]
                                            },
                                            {
                                              "class": "android.widget.RelativeLayout",
                                              "bounds": [
                                                2206,
                                                2126,
                                                1440,
                                                182
                                              ],
                                              "children": [
                                                {
                                                  "class": "android.support.v7.widget.AppCompatButton",
                                                  "bounds": [
                                                    1103,
                                                    2126,
                                                    337,
                                                    182
                                                  ]
                                                }
                                              ]
                                            }
                                          ]
                                        }
                                      ]
                                    }
                                  ]
                                }
                              ]
                            }
                          ]
                        }
                      ]
                    }
                  ]
                }
              ]
            }
          ]
        }
      ]
    },
    {
      "class": "android.view.View",
      "bounds": [
        0,
        4784,
        1440,
        2560
      ]
    }
  ]
}