{
  "class": "com.android.internal.policy.PhoneWindow$DecorView",
  "bounds": [
    0,
    0,
    1440,
    2392
  ],
  "children": [
    {
      "class": "com.android.internal.widget.ActionBarOverlayLayout",
      "bounds": [
        0,
        0,
        1440,
        2392
      ],
      "children": [
        {
          "class": "android.widget.FrameLayout",
          "bounds": [
            0,
            504,
            1440,
            2392
          ],
          "children": [
            {
              "class": "android.support.v4.widget.DrawerLayout",
              "bounds": [
                0,
                252,
                1440,
                2140
              ],
              "children": [
                {
                  "class": "android.widget.FrameLayout",
                  "bounds": [
                    0,
                    252,
                    1440,
                    2140
                  ],
                  "children": [
                    {
                      "class": "android.widget.RelativeLayout",
                      "bounds": [
                        0,
                        252,
                        1440,
                        2140
                      ],
                      "children": [
                        {
                          "class": "android.widget.LinearLayout",
                          "bounds": [
                            0,
                            252,
                            1440,
                            2140
                          ],
                          "children": [
                            {
                              "class": "android.widget.RelativeLayout",
                              "bounds": [
                                0,
                                252,
                                1440,
                                130
                              ],
                              "children": [
                                {
                                  "class": "android.widget.FrameLayout",
                                  "bounds": [
                                    0,
                                    252,
                                    210,
                                    130
                                  ],
                                  "children": [
                                    {
                                      "class": "android.widget.ImageView",
                                      "bounds": [
                                        62,
                                        298,
                                        178,
                                        107
                                      ]
                                    }
                                  ]
                                },
                                {
                                  "class": "android.widget.TextView",
                                  "bounds": [
                                    420,
                                    252,
                                    1440,
                                    130
                                  ]
                                }
                              ]
                            },
                            {
                              "class": "rumble.droid.controls.maincanvas.MainCanvasViewPager",
                              "bounds": [
                                0,
                                512,
                                1440,
                                1965
                              ],
                              "children": [
                                {
                                  "class": "android.widget.LinearLayout",
                                  "bounds": [
                                    0,
                                    382,
                                    1440,
                                    1835
                                  ],
                                  "children": [
                                    {
                                      "class": "android.widget.LinearLayout",
                                      "bounds": [
                                        0,
                                        382,
                                        1440,
                                        1835
                                      ],
                                      "children": [
                                        {
                                          "class": "rumble.droid.controls.maincanvas.CustomSwipeRefreshLayout",
                                          "bounds": [
                                            0,
                                            382,
                                            1440,
                                            1835
                                          ],
                                          "children": [
                                            {
                                              "class": "android.widget.RelativeLayout",
                                              "bounds": [
                                                0,
                                                382,
                                                1440,
                                                1835
                                              ],
                                              "children": [
                                                {
                                                  "class": "com.fortysevendeg.swipelistview.SwipeListView",
                                                  "bounds": [
                                                    0,
                                                    382,
                                                    1440,
                                                    1835
                                                  ],
                                                  "children": [
                                                    {
                                                      "class": "md53471cbf751f08dad2f5f63288aefa6f2.MvxListItemView",
                                                      "bounds": [
                                                        0,
                                                        382,
                                                        1440,
                                                        1080
                                                      ],
                                                      "children": [
                                                        {
                                                          "class": "android.widget.FrameLayout",
                                                          "bounds": [
                                                            0,
                                                            382,
                                                            1440,
                                                            1080
                                                          ],
                                                          "children": [
                                                            {
                                                              "class": "rumble.droid.controls.UrlImageFrameControl",
                                                              "bounds": [
                                                                0,
                                                                382,
                                                                1440,
                                                                1080
                                                              ]
                                                            },
                                                            {
                                                              "class": "android.widget.LinearLayout",
                                                              "bounds": [
                                                                0,
                                                                1620,
                                                                1440,
                                                                1080
                                                              ],
                                                              "children": [
                                                                {
                                                                  "class": "rumble.droid.controls.maincanvas.EllipsizingTextViewSharp",
                                                                  "bounds": [
                                                                    112,
                                                                    1113,
                                                                    1384,
                                                                    339
                                                                  ]
                                                                },
                                                                {
                                                                  "class": "android.widget.RelativeLayout",
                                                                  "bounds": [
                                                                    112,
                                                                    1679,
                                                                    1384,
                                                                    405
                                                                  ],
                                                                  "children": [
                                                                    {
                                                                      "class": "android.widget.TextView",
                                                                      "bounds": [
                                                                        56,
                                                                        1340,
                                                                        589,
                                                                        66
                                                                      ]
                                                                    }
                                                                  ]
                                                                }
                                                              ]
                                                            }
                                                          ]
                                                        }
                                                      ]
                                                    },
                                                    {
                                                      "class": "md53471cbf751f08dad2f5f63288aefa6f2.MvxListItemView",
                                                      "bounds": [
                                                        0,
                                                        2542,
                                                        1440,
                                                        1444
                                                      ],
                                                      "children": [
                                                        {
                                                          "class": "android.widget.FrameLayout",
                                                          "bounds": [
                                                            0,
                                                            1462,
                                                            1440,
                                                            364
                                                          ],
                                                          "children": [
                                                            {
                                                              "class": "rumble.droid.controls.maincanvas.ConfigurableBorderedLinearLayout",
                                                              "bounds": [
                                                                0,
                                                                1462,
                                                                1440,
                                                                364
                                                              ],
                                                              "children": [
                                                                {
                                                                  "class": "android.widget.FrameLayout",
                                                                  "bounds": [
                                                                    112,
                                                                    1574,
                                                                    448,
                                                                    308
                                                                  ],
                                                                  "children": [
                                                                    {
                                                                      "class": "rumble.droid.controls.UrlImageFrameControl",
                                                                      "bounds": [
                                                                        56,
                                                                        1518,
                                                                        336,
                                                                        252
                                                                      ]
                                                                    }
                                                                  ]
                                                                },
                                                                {
                                                                  "class": "android.widget.LinearLayout",
                                                                  "bounds": [
                                                                    896,
                                                                    1574,
                                                                    1384,
                                                                    264
                                                                  ],
                                                                  "children": [
                                                                    {
                                                                      "class": "rumble.droid.controls.maincanvas.EllipsizingTextViewSharp",
                                                                      "bounds": [
                                                                        448,
                                                                        1518,
                                                                        936,
                                                                        142
                                                                      ]
                                                                    },
                                                                    {
                                                                      "class": "android.widget.RelativeLayout",
                                                                      "bounds": [
                                                                        448,
                                                                        1802,
                                                                        936,
                                                                        208
                                                                      ],
                                                                      "children": [
                                                                        {
                                                                          "class": "android.widget.TextView",
                                                                          "bounds": [
                                                                            448,
                                                                            1660,
                                                                            589,
                                                                            66
                                                                          ]
                                                                        }
                                                                      ]
                                                                    }
                                                                  ]
                                                                }
                                                              ]
                                                            }
                                                          ]
                                                        }
                                                      ]
                                                    },
                                                    {
                                                      "class": "md53471cbf751f08dad2f5f63288aefa6f2.MvxListItemView",
                                                      "bounds": [
                                                        0,
                                                        3270,
                                                        1440,
                                                        1808
                                                      ],
                                                      "children": [
                                                        {
                                                          "class": "android.widget.FrameLayout",
                                                          "bounds": [
                                                            0,
                                                            1826,
                                                            1440,
                                                            364
                                                          ],
                                                          "children": [
                                                            {
                                                              "class": "rumble.droid.controls.maincanvas.ConfigurableBorderedLinearLayout",
                                                              "bounds": [
                                                                0,
                                                                1826,
                                                                1440,
                                                                364
                                                              ],
                                                              "children": [
                                                                {
                                                                  "class": "android.widget.FrameLayout",
                                                                  "bounds": [
                                                                    112,
                                                                    1938,
                                                                    448,
                                                                    308
                                                                  ],
                                                                  "children": [
                                                                    {
                                                                      "class": "rumble.droid.controls.UrlImageFrameControl",
                                                                      "bounds": [
                                                                        56,
                                                                        1882,
                                                                        336,
                                                                        252
                                                                      ]
                                                                    }
                                                                  ]
                                                                },
                                                                {
                                                                  "class": "android.widget.LinearLayout",
                                                                  "bounds": [
                                                                    896,
                                                                    1938,
                                                                    1384,
                                                                    264
                                                                  ],
                                                                  "children": [
                                                                    {
                                                                      "class": "rumble.droid.controls.maincanvas.EllipsizingTextViewSharp",
                                                                      "bounds": [
                                                                        448,
                                                                        1882,
                                                                        859,
                                                                        142
                                                                      ]
                                                                    },
                                                                    {
                                                                      "class": "android.widget.RelativeLayout",
                                                                      "bounds": [
                                                                        448,
                                                                        2166,
                                                                        936,
                                                                        208
                                                                      ],
                                                                      "children": [
                                                                        {
                                                                          "class": "android.widget.TextView",
                                                                          "bounds": [
                                                                            448,
                                                                            2024,
                                                                            589,
                                                                            66
                                                                          ]
                                                                        }
                                                                      ]
                                                                    }
                                                                  ]
                                                                }
                                                              ]
                                                            }
                                                          ]
                                                        }
                                                      ]
                                                    },
                                                    {
                                                      "class": "md53471cbf751f08dad2f5f63288aefa6f2.MvxListItemView",
                                                      "bounds": [
                                                        0,
                                                        3998,
                                                        1440,
                                                        2172
                                                      ],
                                                      "children": [
                                                        {
                                                          "class": "android.widget.FrameLayout",
                                                          "bounds": [
                                                            0,
                                                            2190,
                                                            1440,
                                                            364
                                                          ],
                                                          "children": [
                                                            {
                                                              "class": "rumble.droid.controls.maincanvas.ConfigurableBorderedLinearLayout",
                                                              "bounds": [
                                                                0,
                                                                2190,
                                                                1440,
                                                                364
                                                              ],
                                                              "children": [
                                                                {
                                                                  "class": "android.widget.FrameLayout",
                                                                  "bounds": [
                                                                    112,
                                                                    2302,
                                                                    448,
                                                                    308
                                                                  ],
                                                                  "children": [
                                                                    {
                                                                      "class": "rumble.droid.controls.UrlImageFrameControl",
                                                                      "bounds": [
                                                                        56,
                                                                        2246,
                                                                        336,
                                                                        252
                                                                      ]
                                                                    },
                                                                    {
                                                                      "class": "android.widget.ImageView",
                                                                      "bounds": [
                                                                        280,
                                                                        2386,
                                                                        224,
                                                                        182
                                                                      ]
                                                                    }
                                                                  ]
                                                                },
                                                                {
                                                                  "class": "android.widget.LinearLayout",
                                                                  "bounds": [
                                                                    896,
                                                                    2302,
                                                                    1384,
                                                                    264
                                                                  ],
                                                                  "children": [
                                                                    {
                                                                      "class": "rumble.droid.controls.maincanvas.EllipsizingTextViewSharp",
                                                                      "bounds": [
                                                                        448,
                                                                        2246,
                                                                        936,
                                                                        142
                                                                      ]
                                                                    },
                                                                    {
                                                                      "class": "android.widget.RelativeLayout",
                                                                      "bounds": [
                                                                        448,
                                                                        2530,
                                                                        936,
                                                                        208
                                                                      ],
                                                                      "children": [
                                                                        {
                                                                          "class": "android.widget.TextView",
                                                                          "bounds": [
                                                                            448,
                                                                            2388,
                                                                            589,
                                                                            66
                                                                          ]
                                                                        }
                                                                      ]
                                                                    }
                                                                  ]
                                                                }
                                                              ]
                                                            }
                                                          ]
                                                        }
                                                      ]
                                                    }
                                                  ]
                                                }
                                              ]
                                            }
                                          ]
                                        }
                                      ]
                                    }
                                  ]
                                },
                                {
                                  "class": "android.widget.LinearLayout",
                                  "bounds": [
                                    -1440,
                                    382,
                                    0,
                                    1835
                                  ],
                                  "children": [
                                    {
                                      "class": "rumble.droid.controls.mobile.MockFrameLayout",
                                      "bounds": [
                                        0,
                                        382,
                                        1440,
                                        1835
                                      ],
                                      "children": [
                                        {
                                          "class": "md5362fc39e4fef8012b0ab5ec881624f16.MockListView",
                                          "bounds": [
                                            0,
                                            382,
                                            1440,
                                            1835
                                          ],
                                          "children": [
                                            {
                                              "class": "rumble.droid.controls.maincanvas.MockViewCell",
                                              "bounds": [
                                                17,
                                                416,
                                                1423,
                                                1097
                                              ]
                                            },
                                            {
                                              "class": "rumble.droid.controls.maincanvas.MockViewCell",
                                              "bounds": [
                                                17,
                                                2644,
                                                1423,
                                                1671
                                              ]
                                            },
                                            {
                                              "class": "rumble.droid.controls.maincanvas.MockViewCell",
                                              "bounds": [
                                                17,
                                                3792,
                                                1423,
                                                2245
                                              ]
                                            }
                                          ]
                                        },
                                        {
                                          "class": "android.widget.ProgressBar",
                                          "bounds": [
                                            636,
                                            2048,
                                            804,
                                            1001
                                          ]
                                        }
                                      ]
                                    }
                                  ]
                                },
                                {
                                  "class": "android.widget.LinearLayout",
                                  "bounds": [
                                    2880,
                                    382,
                                    2880,
                                    1835
                                  ],
                                  "children": [
                                    {
                                      "class": "rumble.droid.controls.mobile.MockFrameLayout",
                                      "bounds": [
                                        1440,
                                        382,
                                        1440,
                                        1835
                                      ],
                                      "children": [
                                        {
                                          "class": "md5362fc39e4fef8012b0ab5ec881624f16.MockListView",
                                          "bounds": [
                                            1440,
                                            382,
                                            1440,
                                            1835
                                          ],
                                          "children": [
                                            {
                                              "class": "rumble.droid.controls.maincanvas.MockViewCell",
                                              "bounds": [
                                                1474,
                                                416,
                                                1423,
                                                1097
                                              ]
                                            },
                                            {
                                              "class": "rumble.droid.controls.maincanvas.MockViewCell",
                                              "bounds": [
                                                1474,
                                                2644,
                                                1423,
                                                1671
                                              ]
                                            },
                                            {
                                              "class": "rumble.droid.controls.maincanvas.MockViewCell",
                                              "bounds": [
                                                1474,
                                                3792,
                                                1423,
                                                2245
                                              ]
                                            }
                                          ]
                                        },
                                        {
                                          "class": "android.widget.ProgressBar",
                                          "bounds": [
                                            2712,
                                            2048,
                                            804,
                                            1001
                                          ]
                                        }
                                      ]
                                    }
                                  ]
                                }
                              ]
                            },
                            {
                              "class": "md5362fc39e4fef8012b0ab5ec881624f16.AdsBannerControl",
                              "bounds": [
                                0,
                                4182,
                                1440,
                                2140
                              ],
                              "children": [
                                {
                                  "class": "md50243e6bd6bedaf20f1bb4ce11522d7eb.AdViewHolder",
                                  "bounds": [
                                    320,
                                    2217,
                                    1280,
                                    175
                                  ],
                                  "children": [
                                    {
                                      "class": "com.google.android.gms.ads.doubleclick.PublisherAdView",
                                      "bounds": [
                                        160,
                                        2217,
                                        1120,
                                        175
                                      ],
                                      "children": [
                                        {
                                          "class": "com.google.android.gms.ads.internal.bp",
                                          "bounds": [
                                            160,
                                            2217,
                                            1120,
                                            175
                                          ],
                                          "children": [
                                            {
                                              "class": "com.google.android.gms.ads.internal.webview.n",
                                              "bounds": [
                                                160,
                                                2217,
                                                1120,
                                                175
                                              ],
                                              "children": [
                                                {
                                                  "class": "com.google.android.gms.ads.internal.webview.o",
                                                  "bounds": [
                                                    160,
                                                    2217,
                                                    1120,
                                                    175
                                                  ]
                                                }
                                              ]
                                            }
                                          ]
                                        }
                                      ]
                                    }
                                  ]
                                }
                              ]
                            }
                          ]
                        },
                        {
                          "class": "android.view.View",
                          "bounds": [
                            0,
                            252,
                            1440,
                            14
                          ]
                        }
                      ]
                    }
                  ]
                }
              ]
            }
          ]
        },
        {
          "class": "com.android.internal.widget.ActionBarContainer",
          "bounds": [
            0,
            168,
            1440,
            252
          ],
          "children": [
            {
              "class": "com.android.internal.widget.ActionBarView",
              "bounds": [
                0,
                84,
                1440,
                168
              ],
              "children": [
                {
                  "class": "android.widget.LinearLayout",
                  "bounds": [
                    0,
                    84,
                    0,
                    168
                  ],
                  "children": []
                },
                {
                  "class": "android.widget.ActionMenuView",
                  "bounds": [
                    2880,
                    84,
                    1440,
                    168
                  ]
                },
                {
                  "class": "android.widget.RelativeLayout",
                  "bounds": [
                    0,
                    84,
                    1440,
                    168
                  ],
                  "children": [
                    {
                      "class": "android.widget.ImageView",
                      "bounds": [
                        0,
                        84,
                        196,
                        168
                      ]
                    },
                    {
                      "class": "android.widget.ImageView",
                      "bounds": [
                        2544,
                        84,
                        1440,
                        168
                      ]
                    },
                    {
                      "class": "android.widget.ImageView",
                      "bounds": [
                        754,
                        160,
                        1063,
                        129
                      ]
                    }
                  ]
                }
              ]
            }
          ]
        }
      ]
    }
  ]
}