{
  "class": "com.android.internal.policy.PhoneWindow$DecorView",
  "bounds": [
    0,
    0,
    1440,
    2560
  ],
  "children": [
    {
      "class": "android.widget.LinearLayout",
      "bounds": [
        0,
        0,
        1440,
        2392
      ],
      "children": [
        {
          "class": "android.widget.FrameLayout",
          "bounds": [
            0,
            168,
            1440,
            2392
          ],
          "children": [
            {
              "class": "android.support.v7.widget.FitWindowsLinearLayout",
              "bounds": [
                0,
                84,
                1440,
                2308
              ],
              "children": [
                {
                  "class": "android.support.v7.widget.ContentFrameLayout",
                  "bounds": [
                    0,
                    84,
                    1440,
                    2308
                  ],
                  "children": [
                    {
                      "class": "android.widget.RelativeLayout",
                      "bounds": [
                        0,
                        84,
                        1440,
                        2308
                      ],
                      "children": [
                        {
                          "class": "android.widget.FrameLayout",
                          "bounds": [
                            0,
                            84,
                            1440,
                            2308
                          ],
                          "children": [
                            {
                              "class": "com.wsi.android.framework.app.ui.PhoneApplicationRootViewCarousel",
                              "bounds": [
                                0,
                                84,
                                1440,
                                2308
                              ],
                              "children": [
                                {
                                  "class": "android.widget.RelativeLayout",
                                  "bounds": [
                                    0,
                                    84,
                                    1440,
                                    2308
                                  ],
                                  "children": [
                                    {
                                      "class": "android.widget.FrameLayout",
                                      "bounds": [
                                        0,
                                        84,
                                        1440,
                                        2308
                                      ],
                                      "children": [
                                        {
                                          "class": "android.support.v7.widget.AppCompatImageView",
                                          "bounds": [
                                            0,
                                            84,
                                            1440,
                                            2308
                                          ]
                                        }
                                      ]
                                    },
                                    {
                                      "class": "android.widget.FrameLayout",
                                      "bounds": [
                                        0,
                                        84,
                                        1440,
                                        175
                                      ],
                                      "children": [
                                        {
                                          "class": "android.widget.FrameLayout",
                                          "bounds": [
                                            0,
                                            84,
                                            1440,
                                            175
                                          ],
                                          "children": [
                                            {
                                              "class": "com.google.android.gms.ads.doubleclick.PublisherAdView",
                                              "bounds": [
                                                320,
                                                84,
                                                1280,
                                                175
                                              ],
                                              "children": [
                                                {
                                                  "class": "com.google.android.gms.ads.internal.bp",
                                                  "bounds": [
                                                    160,
                                                    84,
                                                    1120,
                                                    175
                                                  ],
                                                  "children": [
                                                    {
                                                      "class": "com.google.android.gms.ads.internal.webview.n",
                                                      "bounds": [
                                                        160,
                                                        84,
                                                        1120,
                                                        175
                                                      ],
                                                      "children": [
                                                        {
                                                          "class": "com.google.android.gms.ads.internal.webview.o",
                                                          "bounds": [
                                                            160,
                                                            84,
                                                            1120,
                                                            175
                                                          ]
                                                        }
                                                      ]
                                                    }
                                                  ]
                                                }
                                              ]
                                            }
                                          ]
                                        }
                                      ]
                                    },
                                    {
                                      "class": "android.widget.FrameLayout",
                                      "bounds": [
                                        0,
                                        434,
                                        1440,
                                        2308
                                      ],
                                      "children": [
                                        {
                                          "class": "android.support.v4.widget.DrawerLayout",
                                          "bounds": [
                                            0,
                                            259,
                                            1440,
                                            2133
                                          ],
                                          "children": [
                                            {
                                              "class": "android.widget.RelativeLayout",
                                              "bounds": [
                                                0,
                                                259,
                                                1440,
                                                2133
                                              ],
                                              "children": [
                                                {
                                                  "class": "android.widget.FrameLayout",
                                                  "bounds": [
                                                    0,
                                                    259,
                                                    1440,
                                                    126
                                                  ],
                                                  "children": [
                                                    {
                                                      "class": "android.widget.LinearLayout",
                                                      "bounds": [
                                                        0,
                                                        259,
                                                        1440,
                                                        126
                                                      ],
                                                      "children": [
                                                        {
                                                          "class": "android.widget.LinearLayout",
                                                          "bounds": [
                                                            0,
                                                            259,
                                                            1440,
                                                            123
                                                          ],
                                                          "children": [
                                                            {
                                                              "class": "android.support.v7.widget.AppCompatImageView",
                                                              "bounds": [
                                                                0,
                                                                259,
                                                                350,
                                                                123
                                                              ]
                                                            },
                                                            {
                                                              "class": "com.wsi.android.weather.ui.widget.LocationBar",
                                                              "bounds": [
                                                                700,
                                                                259,
                                                                1299,
                                                                123
                                                              ],
                                                              "children": [
                                                                {
                                                                  "class": "android.support.v7.widget.AppCompatTextView",
                                                                  "bounds": [
                                                                    680,
                                                                    259,
                                                                    784,
                                                                    123
                                                                  ]
                                                                }
                                                              ]
                                                            },
                                                            {
                                                              "class": "com.wsi.android.framework.app.ui.widget.MenuButton",
                                                              "bounds": [
                                                                2598,
                                                                259,
                                                                1440,
                                                                123
                                                              ],
                                                              "children": [
                                                                {
                                                                  "class": "android.support.v7.widget.AppCompatImageView",
                                                                  "bounds": [
                                                                    1299,
                                                                    293,
                                                                    123,
                                                                    105
                                                                  ]
                                                                },
                                                                {
                                                                  "class": "android.widget.FrameLayout",
                                                                  "bounds": [
                                                                    1425,
                                                                    267,
                                                                    137,
                                                                    123
                                                                  ],
                                                                  "children": []
                                                                }
                                                              ]
                                                            }
                                                          ]
                                                        },
                                                        {
                                                          "class": "android.view.View",
                                                          "bounds": [
                                                            0,
                                                            505,
                                                            1440,
                                                            127
                                                          ]
                                                        }
                                                      ]
                                                    }
                                                  ]
                                                },
                                                {
                                                  "class": "android.widget.FrameLayout",
                                                  "bounds": [
                                                    0,
                                                    511,
                                                    1440,
                                                    2133
                                                  ]
                                                }
                                              ]
                                            }
                                          ]
                                        }
                                      ]
                                    },
                                    {
                                      "class": "android.widget.LinearLayout",
                                      "bounds": [
                                        0,
                                        84,
                                        1440,
                                        2308
                                      ],
                                      "children": [
                                        {
                                          "class": "android.widget.RelativeLayout",
                                          "bounds": [
                                            0,
                                            84,
                                            1440,
                                            175
                                          ],
                                          "children": [
                                            {
                                              "class": "android.support.v7.widget.AppCompatImageView",
                                              "bounds": [
                                                70,
                                                174,
                                                119,
                                                129
                                              ]
                                            },
                                            {
                                              "class": "android.support.v7.widget.AppCompatTextView",
                                              "bounds": [
                                                238,
                                                84,
                                                1440,
                                                175
                                              ]
                                            }
                                          ]
                                        },
                                        {
                                          "class": "android.view.View",
                                          "bounds": [
                                            0,
                                            434,
                                            1440,
                                            179
                                          ]
                                        },
                                        {
                                          "class": "android.widget.ScrollView",
                                          "bounds": [
                                            0,
                                            442,
                                            1440,
                                            1051
                                          ],
                                          "children": [
                                            {
                                              "class": "android.widget.LinearLayout",
                                              "bounds": [
                                                0,
                                                263,
                                                1440,
                                                872
                                              ],
                                              "children": [
                                                {
                                                  "class": "android.support.v7.widget.AppCompatTextView",
                                                  "bounds": [
                                                    0,
                                                    403,
                                                    1440,
                                                    242
                                                  ]
                                                },
                                                {
                                                  "class": "android.support.v7.widget.AppCompatTextView",
                                                  "bounds": [
                                                    210,
                                                    1027,
                                                    1335,
                                                    557
                                                  ]
                                                },
                                                {
                                                  "class": "android.support.v7.widget.AppCompatTextView",
                                                  "bounds": [
                                                    210,
                                                    1517,
                                                    1335,
                                                    802
                                                  ]
                                                }
                                              ]
                                            }
                                          ]
                                        }
                                      ]
                                    }
                                  ]
                                }
                              ]
                            }
                          ]
                        }
                      ]
                    }
                  ]
                }
              ]
            }
          ]
        }
      ]
    },
    {
      "class": "android.view.View",
      "bounds": [
        0,
        4784,
        1440,
        2560
      ]
    },
    {
      "class": "android.view.View",
      "bounds": [
        0,
        0,
        1440,
        84
      ]
    }
  ]
}