{
  "class": "com.android.internal.policy.PhoneWindow$DecorView",
  "bounds": [
    0,
    0,
    1440,
    2560
  ],
  "children": [
    {
      "class": "android.widget.LinearLayout",
      "bounds": [
        0,
        0,
        1440,
        2392
      ],
      "children": [
        {
          "class": "android.widget.FrameLayout",
          "bounds": [
            0,
            0,
            1440,
            2392
          ],
          "children": [
            {
              "class": "android.widget.LinearLayout",
              "bounds": [
                0,
                0,
                1440,
                2392
              ],
              "children": [
                {
                  "class": "android.widget.LinearLayout",
                  "bounds": [
                    210,
                    1368,
                    1335,
                    1708
                  ],
                  "children": [
                    {
                      "class": "android.widget.LinearLayout",
                      "bounds": [
                        105,
                        684,
                        1230,
                        175
                      ],
                      "children": [
                        {
                          "class": "android.widget.ImageView",
                          "bounds": [
                            141,
                            806,
                            70,
                            114
                          ]
                        },
                        {
                          "class": "android.support.v7.widget.ak",
                          "bounds": [
                            281,
                            698,
                            1230,
                            168
                          ]
                        }
                      ]
                    },
                    {
                      "class": "android.widget.LinearLayout",
                      "bounds": [
                        105,
                        1034,
                        1230,
                        844
                      ],
                      "children": [
                        {
                          "class": "android.support.v7.widget.ak",
                          "bounds": [
                            105,
                            859,
                            1230,
                            561
                          ]
                        },
                        {
                          "class": "android.support.v7.widget.v",
                          "bounds": [
                            119,
                            1995,
                            816,
                            662
                          ]
                        }
                      ]
                    },
                    {
                      "class": "android.view.View",
                      "bounds": [
                        105,
                        2372,
                        1230,
                        851
                      ]
                    },
                    {
                      "class": "android.widget.RelativeLayout",
                      "bounds": [
                        105,
                        2386,
                        1230,
                        1024
                      ],
                      "children": [
                        {
                          "class": "android.support.v7.widget.u",
                          "bounds": [
                            105,
                            1535,
                            1230,
                            173
                          ]
                        }
                      ]
                    }
                  ]
                }
              ]
            }
          ]
        }
      ]
    },
    {
      "class": "android.view.View",
      "bounds": [
        0,
        4784,
        1440,
        2560
      ]
    }
  ]
}