{
  "class": "com.android.internal.policy.PhoneWindow$DecorView",
  "bounds": [
    0,
    0,
    1440,
    2392
  ],
  "children": [
    {
      "class": "android.widget.LinearLayout",
      "bounds": [
        0,
        0,
        1440,
        2392
      ],
      "children": [
        {
          "class": "android.widget.FrameLayout",
          "bounds": [
            0,
            168,
            1440,
            2392
          ],
          "children": [
            {
              "class": "android.widget.RelativeLayout",
              "bounds": [
                0,
                84,
                1440,
                2308
              ],
              "children": [
                {
                  "class": "android.widget.RelativeLayout",
                  "bounds": [
                    0,
                    84,
                    1440,
                    2259
                  ],
                  "children": [
                    {
                      "class": "android.widget.LinearLayout",
                      "bounds": [
                        0,
                        84,
                        1440,
                        2259
                      ],
                      "children": [
                        {
                          "class": "atpwta.live.view.NavBar",
                          "bounds": [
                            0,
                            84,
                            1440,
                            152
                          ],
                          "children": [
                            {
                              "class": "android.widget.RelativeLayout",
                              "bounds": [
                                0,
                                84,
                                1440,
                                152
                              ],
                              "children": [
                                {
                                  "class": "android.widget.Button",
                                  "bounds": [
                                    36,
                                    130,
                                    212,
                                    128
                                  ]
                                },
                                {
                                  "class": "android.widget.TextView",
                                  "bounds": [
                                    1176,
                                    150,
                                    851,
                                    118
                                  ]
                                },
                                {
                                  "class": "android.widget.LinearLayout",
                                  "bounds": [
                                    2424,
                                    130,
                                    1422,
                                    128
                                  ],
                                  "children": [
                                    {
                                      "class": "android.widget.Spinner",
                                      "bounds": [
                                        1422,
                                        107,
                                        210,
                                        105
                                      ],
                                      "children": [
                                        {
                                          "class": "android.widget.LinearLayout",
                                          "bounds": [
                                            1421,
                                            211,
                                            52,
                                            52
                                          ]
                                        }
                                      ]
                                    }
                                  ]
                                }
                              ]
                            }
                          ]
                        },
                        {
                          "class": "android.widget.RelativeLayout",
                          "bounds": [
                            0,
                            388,
                            1440,
                            276
                          ],
                          "children": [
                            {
                              "class": "android.widget.LinearLayout",
                              "bounds": [
                                768,
                                236,
                                1055,
                                124
                              ],
                              "children": [
                                {
                                  "class": "android.widget.TextView",
                                  "bounds": [
                                    384,
                                    272,
                                    671,
                                    71
                                  ]
                                },
                                {
                                  "class": "android.widget.LinearLayout",
                                  "bounds": [
                                    614,
                                    378,
                                    556,
                                    124
                                  ],
                                  "children": [
                                    {
                                      "class": "android.widget.TextView",
                                      "bounds": [
                                        499,
                                        307,
                                        103,
                                        53
                                      ]
                                    },
                                    {
                                      "class": "android.widget.TextView",
                                      "bounds": [
                                        705,
                                        307,
                                        235,
                                        53
                                      ]
                                    },
                                    {
                                      "class": "android.widget.TextView",
                                      "bounds": [
                                        969,
                                        307,
                                        441,
                                        53
                                      ]
                                    }
                                  ]
                                }
                              ]
                            }
                          ]
                        },
                        {
                          "class": "android.widget.LinearLayout",
                          "bounds": [
                            0,
                            636,
                            1440,
                            364
                          ],
                          "children": [
                            {
                              "class": "android.widget.TextView",
                              "bounds": [
                                0,
                                430,
                                216,
                                88
                              ]
                            },
                            {
                              "class": "android.widget.TextView",
                              "bounds": [
                                432,
                                430,
                                1080,
                                88
                              ]
                            },
                            {
                              "class": "android.widget.TextView",
                              "bounds": [
                                2160,
                                430,
                                1440,
                                88
                              ]
                            }
                          ]
                        },
                        {
                          "class": "android.widget.ListView",
                          "bounds": [
                            0,
                            812,
                            1440,
                            2259
                          ],
                          "children": [
                            {
                              "class": "android.widget.LinearLayout",
                              "bounds": [
                                0,
                                448,
                                1440,
                                159
                              ],
                              "children": [
                                {
                                  "class": "android.widget.LinearLayout",
                                  "bounds": [
                                    0,
                                    448,
                                    216,
                                    159
                                  ],
                                  "children": [
                                    {
                                      "class": "android.widget.TextView",
                                      "bounds": [
                                        0,
                                        448,
                                        57,
                                        159
                                      ]
                                    }
                                  ]
                                },
                                {
                                  "class": "android.widget.LinearLayout",
                                  "bounds": [
                                    432,
                                    500,
                                    1080,
                                    132
                                  ],
                                  "children": [
                                    {
                                      "class": "android.widget.LinearLayout",
                                      "bounds": [
                                        216,
                                        474,
                                        864,
                                        53
                                      ],
                                      "children": [
                                        {
                                          "class": "android.widget.ImageView",
                                          "bounds": [
                                            216,
                                            488,
                                            56,
                                            46
                                          ]
                                        },
                                        {
                                          "class": "android.widget.TextView",
                                          "bounds": [
                                            364,
                                            474,
                                            335,
                                            53
                                          ]
                                        }
                                      ]
                                    },
                                    {
                                      "class": "android.widget.LinearLayout",
                                      "bounds": [
                                        216,
                                        580,
                                        864,
                                        106
                                      ],
                                      "children": [
                                        {
                                          "class": "android.widget.ImageView",
                                          "bounds": [
                                            216,
                                            541,
                                            56,
                                            46
                                          ]
                                        },
                                        {
                                          "class": "android.widget.TextView",
                                          "bounds": [
                                            364,
                                            527,
                                            273,
                                            53
                                          ]
                                        }
                                      ]
                                    }
                                  ]
                                },
                                {
                                  "class": "android.widget.LinearLayout",
                                  "bounds": [
                                    2160,
                                    552,
                                    1440,
                                    106
                                  ],
                                  "children": [
                                    {
                                      "class": "android.widget.TextView",
                                      "bounds": [
                                        1080,
                                        500,
                                        280,
                                        54
                                      ]
                                    }
                                  ]
                                }
                              ]
                            },
                            {
                              "class": "android.widget.LinearLayout",
                              "bounds": [
                                0,
                                770,
                                1440,
                                320
                              ],
                              "children": [
                                {
                                  "class": "android.widget.LinearLayout",
                                  "bounds": [
                                    0,
                                    609,
                                    216,
                                    159
                                  ],
                                  "children": [
                                    {
                                      "class": "android.widget.TextView",
                                      "bounds": [
                                        0,
                                        609,
                                        57,
                                        159
                                      ]
                                    }
                                  ]
                                },
                                {
                                  "class": "android.widget.LinearLayout",
                                  "bounds": [
                                    432,
                                    661,
                                    1080,
                                    132
                                  ],
                                  "children": [
                                    {
                                      "class": "android.widget.LinearLayout",
                                      "bounds": [
                                        216,
                                        635,
                                        864,
                                        53
                                      ],
                                      "children": [
                                        {
                                          "class": "android.widget.ImageView",
                                          "bounds": [
                                            216,
                                            649,
                                            56,
                                            46
                                          ]
                                        },
                                        {
                                          "class": "android.widget.TextView",
                                          "bounds": [
                                            364,
                                            635,
                                            255,
                                            53
                                          ]
                                        }
                                      ]
                                    },
                                    {
                                      "class": "android.widget.LinearLayout",
                                      "bounds": [
                                        216,
                                        741,
                                        864,
                                        106
                                      ],
                                      "children": [
                                        {
                                          "class": "android.widget.ImageView",
                                          "bounds": [
                                            216,
                                            702,
                                            56,
                                            46
                                          ]
                                        },
                                        {
                                          "class": "android.widget.TextView",
                                          "bounds": [
                                            364,
                                            688,
                                            272,
                                            53
                                          ]
                                        }
                                      ]
                                    }
                                  ]
                                },
                                {
                                  "class": "android.widget.LinearLayout",
                                  "bounds": [
                                    2160,
                                    713,
                                    1440,
                                    106
                                  ],
                                  "children": [
                                    {
                                      "class": "android.widget.TextView",
                                      "bounds": [
                                        1080,
                                        661,
                                        280,
                                        54
                                      ]
                                    }
                                  ]
                                }
                              ]
                            },
                            {
                              "class": "android.widget.LinearLayout",
                              "bounds": [
                                0,
                                1092,
                                1440,
                                481
                              ],
                              "children": [
                                {
                                  "class": "android.widget.LinearLayout",
                                  "bounds": [
                                    0,
                                    770,
                                    216,
                                    159
                                  ],
                                  "children": [
                                    {
                                      "class": "android.widget.TextView",
                                      "bounds": [
                                        0,
                                        770,
                                        81,
                                        159
                                      ]
                                    }
                                  ]
                                },
                                {
                                  "class": "android.widget.LinearLayout",
                                  "bounds": [
                                    432,
                                    822,
                                    1080,
                                    132
                                  ],
                                  "children": [
                                    {
                                      "class": "android.widget.LinearLayout",
                                      "bounds": [
                                        216,
                                        796,
                                        864,
                                        53
                                      ],
                                      "children": [
                                        {
                                          "class": "android.widget.ImageView",
                                          "bounds": [
                                            216,
                                            810,
                                            56,
                                            46
                                          ]
                                        },
                                        {
                                          "class": "android.widget.TextView",
                                          "bounds": [
                                            364,
                                            796,
                                            435,
                                            53
                                          ]
                                        }
                                      ]
                                    },
                                    {
                                      "class": "android.widget.LinearLayout",
                                      "bounds": [
                                        216,
                                        902,
                                        864,
                                        106
                                      ],
                                      "children": [
                                        {
                                          "class": "android.widget.ImageView",
                                          "bounds": [
                                            216,
                                            863,
                                            56,
                                            46
                                          ]
                                        },
                                        {
                                          "class": "android.widget.TextView",
                                          "bounds": [
                                            364,
                                            849,
                                            488,
                                            53
                                          ]
                                        }
                                      ]
                                    }
                                  ]
                                },
                                {
                                  "class": "android.widget.LinearLayout",
                                  "bounds": [
                                    2160,
                                    874,
                                    1440,
                                    106
                                  ],
                                  "children": [
                                    {
                                      "class": "android.widget.TextView",
                                      "bounds": [
                                        1080,
                                        822,
                                        280,
                                        54
                                      ]
                                    }
                                  ]
                                }
                              ]
                            },
                            {
                              "class": "android.widget.LinearLayout",
                              "bounds": [
                                0,
                                1414,
                                1440,
                                642
                              ],
                              "children": [
                                {
                                  "class": "android.widget.LinearLayout",
                                  "bounds": [
                                    0,
                                    931,
                                    216,
                                    159
                                  ],
                                  "children": [
                                    {
                                      "class": "android.widget.TextView",
                                      "bounds": [
                                        0,
                                        931,
                                        81,
                                        159
                                      ]
                                    }
                                  ]
                                },
                                {
                                  "class": "android.widget.LinearLayout",
                                  "bounds": [
                                    432,
                                    983,
                                    1080,
                                    132
                                  ],
                                  "children": [
                                    {
                                      "class": "android.widget.LinearLayout",
                                      "bounds": [
                                        216,
                                        957,
                                        864,
                                        53
                                      ],
                                      "children": [
                                        {
                                          "class": "android.widget.ImageView",
                                          "bounds": [
                                            216,
                                            971,
                                            56,
                                            46
                                          ]
                                        },
                                        {
                                          "class": "android.widget.TextView",
                                          "bounds": [
                                            364,
                                            957,
                                            327,
                                            53
                                          ]
                                        }
                                      ]
                                    },
                                    {
                                      "class": "android.widget.LinearLayout",
                                      "bounds": [
                                        216,
                                        1063,
                                        864,
                                        106
                                      ],
                                      "children": [
                                        {
                                          "class": "android.widget.ImageView",
                                          "bounds": [
                                            216,
                                            1024,
                                            56,
                                            46
                                          ]
                                        },
                                        {
                                          "class": "android.widget.TextView",
                                          "bounds": [
                                            364,
                                            1010,
                                            419,
                                            53
                                          ]
                                        }
                                      ]
                                    }
                                  ]
                                },
                                {
                                  "class": "android.widget.LinearLayout",
                                  "bounds": [
                                    2160,
                                    1035,
                                    1440,
                                    106
                                  ],
                                  "children": [
                                    {
                                      "class": "android.widget.TextView",
                                      "bounds": [
                                        1080,
                                        983,
                                        280,
                                        54
                                      ]
                                    }
                                  ]
                                }
                              ]
                            },
                            {
                              "class": "android.widget.LinearLayout",
                              "bounds": [
                                0,
                                1736,
                                1440,
                                803
                              ],
                              "children": [
                                {
                                  "class": "android.widget.LinearLayout",
                                  "bounds": [
                                    0,
                                    1092,
                                    216,
                                    159
                                  ],
                                  "children": [
                                    {
                                      "class": "android.widget.TextView",
                                      "bounds": [
                                        0,
                                        1092,
                                        81,
                                        159
                                      ]
                                    }
                                  ]
                                },
                                {
                                  "class": "android.widget.LinearLayout",
                                  "bounds": [
                                    432,
                                    1144,
                                    1080,
                                    132
                                  ],
                                  "children": [
                                    {
                                      "class": "android.widget.LinearLayout",
                                      "bounds": [
                                        216,
                                        1118,
                                        864,
                                        53
                                      ],
                                      "children": [
                                        {
                                          "class": "android.widget.ImageView",
                                          "bounds": [
                                            216,
                                            1132,
                                            56,
                                            46
                                          ]
                                        },
                                        {
                                          "class": "android.widget.TextView",
                                          "bounds": [
                                            364,
                                            1118,
                                            340,
                                            53
                                          ]
                                        }
                                      ]
                                    },
                                    {
                                      "class": "android.widget.LinearLayout",
                                      "bounds": [
                                        216,
                                        1224,
                                        864,
                                        106
                                      ],
                                      "children": [
                                        {
                                          "class": "android.widget.ImageView",
                                          "bounds": [
                                            216,
                                            1185,
                                            56,
                                            46
                                          ]
                                        },
                                        {
                                          "class": "android.widget.TextView",
                                          "bounds": [
                                            364,
                                            1171,
                                            260,
                                            53
                                          ]
                                        }
                                      ]
                                    }
                                  ]
                                },
                                {
                                  "class": "android.widget.LinearLayout",
                                  "bounds": [
                                    2160,
                                    1196,
                                    1440,
                                    106
                                  ],
                                  "children": [
                                    {
                                      "class": "android.widget.TextView",
                                      "bounds": [
                                        1080,
                                        1144,
                                        280,
                                        54
                                      ]
                                    }
                                  ]
                                }
                              ]
                            },
                            {
                              "class": "android.widget.LinearLayout",
                              "bounds": [
                                0,
                                2058,
                                1440,
                                964
                              ],
                              "children": [
                                {
                                  "class": "android.widget.LinearLayout",
                                  "bounds": [
                                    0,
                                    1253,
                                    216,
                                    159
                                  ],
                                  "children": [
                                    {
                                      "class": "android.widget.TextView",
                                      "bounds": [
                                        0,
                                        1253,
                                        81,
                                        159
                                      ]
                                    }
                                  ]
                                },
                                {
                                  "class": "android.widget.LinearLayout",
                                  "bounds": [
                                    432,
                                    1305,
                                    1080,
                                    132
                                  ],
                                  "children": [
                                    {
                                      "class": "android.widget.LinearLayout",
                                      "bounds": [
                                        216,
                                        1279,
                                        864,
                                        53
                                      ],
                                      "children": [
                                        {
                                          "class": "android.widget.ImageView",
                                          "bounds": [
                                            216,
                                            1293,
                                            56,
                                            46
                                          ]
                                        },
                                        {
                                          "class": "android.widget.TextView",
                                          "bounds": [
                                            364,
                                            1279,
                                            473,
                                            53
                                          ]
                                        }
                                      ]
                                    },
                                    {
                                      "class": "android.widget.LinearLayout",
                                      "bounds": [
                                        216,
                                        1385,
                                        864,
                                        106
                                      ],
                                      "children": [
                                        {
                                          "class": "android.widget.ImageView",
                                          "bounds": [
                                            216,
                                            1346,
                                            56,
                                            46
                                          ]
                                        },
                                        {
                                          "class": "android.widget.TextView",
                                          "bounds": [
                                            364,
                                            1332,
                                            327,
                                            53
                                          ]
                                        }
                                      ]
                                    }
                                  ]
                                },
                                {
                                  "class": "android.widget.LinearLayout",
                                  "bounds": [
                                    2160,
                                    1357,
                                    1440,
                                    106
                                  ],
                                  "children": [
                                    {
                                      "class": "android.widget.TextView",
                                      "bounds": [
                                        1080,
                                        1305,
                                        280,
                                        54
                                      ]
                                    }
                                  ]
                                }
                              ]
                            },
                            {
                              "class": "android.widget.LinearLayout",
                              "bounds": [
                                0,
                                2380,
                                1440,
                                1125
                              ],
                              "children": [
                                {
                                  "class": "android.widget.LinearLayout",
                                  "bounds": [
                                    0,
                                    1414,
                                    216,
                                    159
                                  ],
                                  "children": [
                                    {
                                      "class": "android.widget.TextView",
                                      "bounds": [
                                        0,
                                        1414,
                                        81,
                                        159
                                      ]
                                    }
                                  ]
                                },
                                {
                                  "class": "android.widget.LinearLayout",
                                  "bounds": [
                                    432,
                                    1466,
                                    1080,
                                    132
                                  ],
                                  "children": [
                                    {
                                      "class": "android.widget.LinearLayout",
                                      "bounds": [
                                        216,
                                        1440,
                                        864,
                                        53
                                      ],
                                      "children": [
                                        {
                                          "class": "android.widget.ImageView",
                                          "bounds": [
                                            216,
                                            1454,
                                            56,
                                            46
                                          ]
                                        },
                                        {
                                          "class": "android.widget.TextView",
                                          "bounds": [
                                            364,
                                            1440,
                                            231,
                                            53
                                          ]
                                        }
                                      ]
                                    },
                                    {
                                      "class": "android.widget.LinearLayout",
                                      "bounds": [
                                        216,
                                        1546,
                                        864,
                                        106
                                      ],
                                      "children": [
                                        {
                                          "class": "android.widget.ImageView",
                                          "bounds": [
                                            216,
                                            1507,
                                            56,
                                            46
                                          ]
                                        },
                                        {
                                          "class": "android.widget.TextView",
                                          "bounds": [
                                            364,
                                            1493,
                                            365,
                                            53
                                          ]
                                        }
                                      ]
                                    }
                                  ]
                                },
                                {
                                  "class": "android.widget.LinearLayout",
                                  "bounds": [
                                    2160,
                                    1518,
                                    1440,
                                    106
                                  ],
                                  "children": [
                                    {
                                      "class": "android.widget.TextView",
                                      "bounds": [
                                        1080,
                                        1466,
                                        280,
                                        54
                                      ]
                                    }
                                  ]
                                }
                              ]
                            },
                            {
                              "class": "android.widget.LinearLayout",
                              "bounds": [
                                0,
                                2702,
                                1440,
                                1286
                              ],
                              "children": [
                                {
                                  "class": "android.widget.LinearLayout",
                                  "bounds": [
                                    0,
                                    1575,
                                    216,
                                    159
                                  ],
                                  "children": [
                                    {
                                      "class": "android.widget.TextView",
                                      "bounds": [
                                        0,
                                        1575,
                                        81,
                                        159
                                      ]
                                    }
                                  ]
                                },
                                {
                                  "class": "android.widget.LinearLayout",
                                  "bounds": [
                                    432,
                                    1627,
                                    1080,
                                    132
                                  ],
                                  "children": [
                                    {
                                      "class": "android.widget.LinearLayout",
                                      "bounds": [
                                        216,
                                        1601,
                                        864,
                                        53
                                      ],
                                      "children": [
                                        {
                                          "class": "android.widget.ImageView",
                                          "bounds": [
                                            216,
                                            1615,
                                            56,
                                            46
                                          ]
                                        },
                                        {
                                          "class": "android.widget.TextView",
                                          "bounds": [
                                            364,
                                            1601,
                                            259,
                                            53
                                          ]
                                        }
                                      ]
                                    },
                                    {
                                      "class": "android.widget.LinearLayout",
                                      "bounds": [
                                        216,
                                        1707,
                                        864,
                                        106
                                      ],
                                      "children": [
                                        {
                                          "class": "android.widget.ImageView",
                                          "bounds": [
                                            216,
                                            1668,
                                            56,
                                            46
                                          ]
                                        },
                                        {
                                          "class": "android.widget.TextView",
                                          "bounds": [
                                            364,
                                            1654,
                                            384,
                                            53
                                          ]
                                        }
                                      ]
                                    }
                                  ]
                                },
                                {
                                  "class": "android.widget.LinearLayout",
                                  "bounds": [
                                    2160,
                                    1679,
                                    1440,
                                    106
                                  ],
                                  "children": [
                                    {
                                      "class": "android.widget.TextView",
                                      "bounds": [
                                        1080,
                                        1627,
                                        280,
                                        54
                                      ]
                                    }
                                  ]
                                }
                              ]
                            },
                            {
                              "class": "android.widget.LinearLayout",
                              "bounds": [
                                0,
                                3024,
                                1440,
                                1447
                              ],
                              "children": [
                                {
                                  "class": "android.widget.LinearLayout",
                                  "bounds": [
                                    0,
                                    1736,
                                    216,
                                    159
                                  ],
                                  "children": [
                                    {
                                      "class": "android.widget.TextView",
                                      "bounds": [
                                        0,
                                        1736,
                                        57,
                                        159
                                      ]
                                    }
                                  ]
                                },
                                {
                                  "class": "android.widget.LinearLayout",
                                  "bounds": [
                                    432,
                                    1788,
                                    1080,
                                    132
                                  ],
                                  "children": [
                                    {
                                      "class": "android.widget.LinearLayout",
                                      "bounds": [
                                        216,
                                        1762,
                                        864,
                                        53
                                      ],
                                      "children": [
                                        {
                                          "class": "android.widget.ImageView",
                                          "bounds": [
                                            216,
                                            1776,
                                            56,
                                            46
                                          ]
                                        },
                                        {
                                          "class": "android.widget.TextView",
                                          "bounds": [
                                            364,
                                            1762,
                                            345,
                                            53
                                          ]
                                        }
                                      ]
                                    },
                                    {
                                      "class": "android.widget.LinearLayout",
                                      "bounds": [
                                        216,
                                        1868,
                                        864,
                                        106
                                      ],
                                      "children": [
                                        {
                                          "class": "android.widget.ImageView",
                                          "bounds": [
                                            216,
                                            1829,
                                            56,
                                            46
                                          ]
                                        },
                                        {
                                          "class": "android.widget.TextView",
                                          "bounds": [
                                            364,
                                            1815,
                                            408,
                                            53
                                          ]
                                        }
                                      ]
                                    }
                                  ]
                                },
                                {
                                  "class": "android.widget.LinearLayout",
                                  "bounds": [
                                    2160,
                                    1840,
                                    1440,
                                    106
                                  ],
                                  "children": [
                                    {
                                      "class": "android.widget.TextView",
                                      "bounds": [
                                        1080,
                                        1788,
                                        280,
                                        54
                                      ]
                                    }
                                  ]
                                }
                              ]
                            },
                            {
                              "class": "android.widget.LinearLayout",
                              "bounds": [
                                0,
                                3346,
                                1440,
                                1608
                              ],
                              "children": [
                                {
                                  "class": "android.widget.LinearLayout",
                                  "bounds": [
                                    0,
                                    1897,
                                    216,
                                    159
                                  ],
                                  "children": [
                                    {
                                      "class": "android.widget.TextView",
                                      "bounds": [
                                        0,
                                        1897,
                                        103,
                                        159
                                      ]
                                    }
                                  ]
                                },
                                {
                                  "class": "android.widget.LinearLayout",
                                  "bounds": [
                                    432,
                                    1949,
                                    1080,
                                    132
                                  ],
                                  "children": [
                                    {
                                      "class": "android.widget.LinearLayout",
                                      "bounds": [
                                        216,
                                        1923,
                                        864,
                                        53
                                      ],
                                      "children": [
                                        {
                                          "class": "android.widget.ImageView",
                                          "bounds": [
                                            216,
                                            1937,
                                            56,
                                            46
                                          ]
                                        },
                                        {
                                          "class": "android.widget.TextView",
                                          "bounds": [
                                            364,
                                            1923,
                                            455,
                                            53
                                          ]
                                        }
                                      ]
                                    },
                                    {
                                      "class": "android.widget.LinearLayout",
                                      "bounds": [
                                        216,
                                        2029,
                                        864,
                                        106
                                      ],
                                      "children": [
                                        {
                                          "class": "android.widget.ImageView",
                                          "bounds": [
                                            216,
                                            1990,
                                            56,
                                            46
                                          ]
                                        },
                                        {
                                          "class": "android.widget.TextView",
                                          "bounds": [
                                            364,
                                            1976,
                                            299,
                                            53
                                          ]
                                        }
                                      ]
                                    }
                                  ]
                                },
                                {
                                  "class": "android.widget.LinearLayout",
                                  "bounds": [
                                    2160,
                                    2001,
                                    1440,
                                    106
                                  ],
                                  "children": [
                                    {
                                      "class": "android.widget.TextView",
                                      "bounds": [
                                        1080,
                                        1949,
                                        280,
                                        54
                                      ]
                                    }
                                  ]
                                }
                              ]
                            },
                            {
                              "class": "android.widget.LinearLayout",
                              "bounds": [
                                0,
                                3668,
                                1440,
                                1769
                              ],
                              "children": [
                                {
                                  "class": "android.widget.LinearLayout",
                                  "bounds": [
                                    0,
                                    2058,
                                    216,
                                    159
                                  ],
                                  "children": [
                                    {
                                      "class": "android.widget.TextView",
                                      "bounds": [
                                        0,
                                        2058,
                                        103,
                                        159
                                      ]
                                    }
                                  ]
                                },
                                {
                                  "class": "android.widget.LinearLayout",
                                  "bounds": [
                                    432,
                                    2110,
                                    1080,
                                    132
                                  ],
                                  "children": [
                                    {
                                      "class": "android.widget.LinearLayout",
                                      "bounds": [
                                        216,
                                        2084,
                                        864,
                                        53
                                      ],
                                      "children": [
                                        {
                                          "class": "android.widget.ImageView",
                                          "bounds": [
                                            216,
                                            2098,
                                            56,
                                            46
                                          ]
                                        },
                                        {
                                          "class": "android.widget.TextView",
                                          "bounds": [
                                            364,
                                            2084,
                                            334,
                                            53
                                          ]
                                        }
                                      ]
                                    },
                                    {
                                      "class": "android.widget.LinearLayout",
                                      "bounds": [
                                        216,
                                        2190,
                                        864,
                                        106
                                      ],
                                      "children": [
                                        {
                                          "class": "android.widget.ImageView",
                                          "bounds": [
                                            216,
                                            2151,
                                            56,
                                            46
                                          ]
                                        },
                                        {
                                          "class": "android.widget.TextView",
                                          "bounds": [
                                            364,
                                            2137,
                                            405,
                                            53
                                          ]
                                        }
                                      ]
                                    }
                                  ]
                                },
                                {
                                  "class": "android.widget.LinearLayout",
                                  "bounds": [
                                    2160,
                                    2162,
                                    1440,
                                    106
                                  ],
                                  "children": [
                                    {
                                      "class": "android.widget.TextView",
                                      "bounds": [
                                        1080,
                                        2110,
                                        280,
                                        54
                                      ]
                                    }
                                  ]
                                }
                              ]
                            },
                            {
                              "class": "android.widget.LinearLayout",
                              "bounds": [
                                0,
                                3990,
                                1440,
                                1930
                              ],
                              "children": [
                                {
                                  "class": "android.widget.LinearLayout",
                                  "bounds": [
                                    0,
                                    2219,
                                    216,
                                    159
                                  ],
                                  "children": [
                                    {
                                      "class": "android.widget.TextView",
                                      "bounds": [
                                        0,
                                        2219,
                                        79,
                                        159
                                      ]
                                    }
                                  ]
                                },
                                {
                                  "class": "android.widget.LinearLayout",
                                  "bounds": [
                                    432,
                                    2271,
                                    1080,
                                    132
                                  ],
                                  "children": [
                                    {
                                      "class": "android.widget.LinearLayout",
                                      "bounds": [
                                        216,
                                        2245,
                                        864,
                                        53
                                      ],
                                      "children": [
                                        {
                                          "class": "android.widget.ImageView",
                                          "bounds": [
                                            216,
                                            2259,
                                            56,
                                            46
                                          ]
                                        },
                                        {
                                          "class": "android.widget.TextView",
                                          "bounds": [
                                            364,
                                            2245,
                                            327,
                                            53
                                          ]
                                        }
                                      ]
                                    },
                                    {
                                      "class": "android.widget.LinearLayout",
                                      "bounds": [
                                        216,
                                        2351,
                                        864,
                                        106
                                      ],
                                      "children": [
                                        {
                                          "class": "android.widget.ImageView",
                                          "bounds": [
                                            216,
                                            2312,
                                            56,
                                            46
                                          ]
                                        },
                                        {
                                          "class": "android.widget.TextView",
                                          "bounds": [
                                            364,
                                            2298,
                                            316,
                                            53
                                          ]
                                        }
                                      ]
                                    }
                                  ]
                                },
                                {
                                  "class": "android.widget.LinearLayout",
                                  "bounds": [
                                    2160,
                                    2323,
                                    1440,
                                    106
                                  ],
                                  "children": [
                                    {
                                      "class": "android.widget.TextView",
                                      "bounds": [
                                        1080,
                                        2271,
                                        280,
                                        54
                                      ]
                                    }
                                  ]
                                }
                              ]
                            }
                          ]
                        }
                      ]
                    }
                  ]
                },
                {
                  "class": "atpwta.live.view.DotView",
                  "bounds": [
                    0,
                    4602,
                    1440,
                    2308
                  ],
                  "children": [
                    {
                      "class": "atpwta.live.view.DotView$Dot",
                      "bounds": [
                        1434,
                        2385,
                        723,
                        27
                      ]
                    }
                  ]
                }
              ]
            }
          ]
        }
      ]
    }
  ]
}