{
  "class": "com.android.internal.policy.PhoneWindow$DecorView",
  "bounds": [
    0,
    0,
    1440,
    2392
  ],
  "children": [
    {
      "class": "android.widget.FrameLayout",
      "bounds": [
        0,
        0,
        1440,
        2392
      ],
      "children": [
        {
          "class": "android.widget.FrameLayout",
          "bounds": [
            0,
            168,
            1440,
            2392
          ],
          "children": [
            {
              "class": "com.android.browser.view.CustomScreenLinearLayout",
              "bounds": [
                0,
                84,
                1440,
                2308
              ],
              "children": [
                {
                  "class": "android.widget.LinearLayout",
                  "bounds": [
                    0,
                    84,
                    1440,
                    0
                  ]
                },
                {
                  "class": "android.widget.FrameLayout",
                  "bounds": [
                    0,
                    84,
                    1440,
                    182
                  ],
                  "children": [
                    {
                      "class": "com.android.browser.TitleBar",
                      "bounds": [
                        0,
                        84,
                        1440,
                        182
                      ],
                      "children": [
                        {
                          "class": "android.widget.RelativeLayout",
                          "bounds": [
                            0,
                            84,
                            1440,
                            182
                          ],
                          "children": [
                            {
                              "class": "com.android.browser.NavigationBarPhone",
                              "bounds": [
                                0,
                                84,
                                1440,
                                182
                              ],
                              "children": [
                                {
                                  "class": "android.widget.LinearLayout",
                                  "bounds": [
                                    56,
                                    84,
                                    1412,
                                    182
                                  ],
                                  "children": [
                                    {
                                      "class": "android.widget.ImageView",
                                      "bounds": [
                                        38,
                                        154,
                                        159,
                                        147
                                      ]
                                    },
                                    {
                                      "class": "com.android.browser.UrlInputView",
                                      "bounds": [
                                        346,
                                        84,
                                        1380,
                                        182
                                      ]
                                    }
                                  ]
                                }
                              ]
                            }
                          ]
                        }
                      ]
                    }
                  ]
                }
              ]
            },
            {
              "class": "android.widget.FrameLayout",
              "bounds": [
                0,
                84,
                1440,
                2308
              ],
              "children": [
                {
                  "class": "com.android.browser.NavScreen",
                  "bounds": [
                    0,
                    84,
                    1440,
                    2308
                  ],
                  "children": [
                    {
                      "class": "android.widget.RelativeLayout",
                      "bounds": [
                        0,
                        84,
                        1440,
                        2308
                      ],
                      "children": [
                        {
                          "class": "com.android.browser.NavTabScroller",
                          "bounds": [
                            0,
                            84,
                            1440,
                            2308
                          ],
                          "children": [
                            {
                              "class": "com.android.browser.NavTabScroller$ContentLayout",
                              "bounds": [
                                0,
                                84,
                                1440,
                                4622
                              ],
                              "children": [
                                {
                                  "class": "com.android.browser.NavTabView",
                                  "bounds": [
                                    522,
                                    855,
                                    1178,
                                    1541
                                  ],
                                  "children": [
                                    {
                                      "class": "android.widget.LinearLayout",
                                      "bounds": [
                                        261,
                                        84,
                                        917,
                                        770
                                      ],
                                      "children": [
                                        {
                                          "class": "android.widget.LinearLayout",
                                          "bounds": [
                                            345,
                                            133,
                                            882,
                                            161
                                          ],
                                          "children": [
                                            {
                                              "class": "android.widget.TextView",
                                              "bounds": [
                                                359,
                                                84,
                                                644,
                                                112
                                              ]
                                            },
                                            {
                                              "class": "android.widget.ImageView",
                                              "bounds": [
                                                1591,
                                                84,
                                                840,
                                                112
                                              ]
                                            }
                                          ]
                                        },
                                        {
                                          "class": "android.widget.ImageView",
                                          "bounds": [
                                            345,
                                            245,
                                            882,
                                            721
                                          ]
                                        }
                                      ]
                                    }
                                  ]
                                },
                                {
                                  "class": "com.android.browser.NavTabView",
                                  "bounds": [
                                    522,
                                    1625,
                                    1178,
                                    2311
                                  ],
                                  "children": [
                                    {
                                      "class": "android.widget.LinearLayout",
                                      "bounds": [
                                        261,
                                        84,
                                        917,
                                        770
                                      ],
                                      "children": [
                                        {
                                          "class": "android.widget.LinearLayout",
                                          "bounds": [
                                            345,
                                            133,
                                            882,
                                            161
                                          ],
                                          "children": [
                                            {
                                              "class": "android.widget.TextView",
                                              "bounds": [
                                                359,
                                                84,
                                                644,
                                                112
                                              ]
                                            },
                                            {
                                              "class": "android.widget.ImageView",
                                              "bounds": [
                                                1591,
                                                84,
                                                840,
                                                112
                                              ]
                                            }
                                          ]
                                        },
                                        {
                                          "class": "android.widget.ImageView",
                                          "bounds": [
                                            345,
                                            245,
                                            882,
                                            721
                                          ]
                                        }
                                      ]
                                    }
                                  ]
                                },
                                {
                                  "class": "com.android.browser.NavTabView",
                                  "bounds": [
                                    522,
                                    2395,
                                    1178,
                                    3081
                                  ],
                                  "children": [
                                    {
                                      "class": "android.widget.LinearLayout",
                                      "bounds": [
                                        261,
                                        84,
                                        917,
                                        770
                                      ],
                                      "children": [
                                        {
                                          "class": "android.widget.LinearLayout",
                                          "bounds": [
                                            345,
                                            181,
                                            882,
                                            161
                                          ],
                                          "children": [
                                            {
                                              "class": "android.widget.TextView",
                                              "bounds": [
                                                359,
                                                132,
                                                644,
                                                112
                                              ]
                                            },
                                            {
                                              "class": "android.widget.ImageView",
                                              "bounds": [
                                                1591,
                                                132,
                                                840,
                                                112
                                              ]
                                            }
                                          ]
                                        },
                                        {
                                          "class": "android.widget.ImageView",
                                          "bounds": [
                                            345,
                                            405,
                                            882,
                                            721
                                          ]
                                        }
                                      ]
                                    }
                                  ]
                                },
                                {
                                  "class": "com.android.browser.NavTabView",
                                  "bounds": [
                                    522,
                                    3934,
                                    1178,
                                    3851
                                  ],
                                  "children": [
                                    {
                                      "class": "android.widget.LinearLayout",
                                      "bounds": [
                                        261,
                                        853,
                                        917,
                                        770
                                      ],
                                      "children": [
                                        {
                                          "class": "android.widget.LinearLayout",
                                          "bounds": [
                                            345,
                                            951,
                                            882,
                                            161
                                          ],
                                          "children": [
                                            {
                                              "class": "android.widget.TextView",
                                              "bounds": [
                                                359,
                                                902,
                                                644,
                                                112
                                              ]
                                            },
                                            {
                                              "class": "android.widget.ImageView",
                                              "bounds": [
                                                1591,
                                                902,
                                                840,
                                                112
                                              ]
                                            }
                                          ]
                                        },
                                        {
                                          "class": "android.widget.ImageView",
                                          "bounds": [
                                            345,
                                            1175,
                                            882,
                                            721
                                          ]
                                        }
                                      ]
                                    }
                                  ]
                                }
                              ]
                            }
                          ]
                        },
                        {
                          "class": "android.widget.LinearLayout",
                          "bounds": [
                            0,
                            84,
                            1440,
                            182
                          ],
                          "children": [
                            {
                              "class": "android.widget.ImageButton",
                              "bounds": [
                                1872,
                                84,
                                1104,
                                182
                              ]
                            },
                            {
                              "class": "android.widget.ImageButton",
                              "bounds": [
                                2208,
                                84,
                                1272,
                                182
                              ]
                            },
                            {
                              "class": "android.widget.ImageButton",
                              "bounds": [
                                2544,
                                84,
                                1440,
                                182
                              ]
                            }
                          ]
                        }
                      ]
                    }
                  ]
                }
              ]
            }
          ]
        }
      ]
    }
  ]
}