{
  "class": "com.android.internal.policy.PhoneWindow$DecorView",
  "bounds": [
    0,
    0,
    1440,
    2560
  ],
  "children": [
    {
      "class": "android.widget.LinearLayout",
      "bounds": [
        0,
        0,
        1440,
        2392
      ],
      "children": [
        {
          "class": "android.widget.FrameLayout",
          "bounds": [
            0,
            168,
            1440,
            2392
          ],
          "children": [
            {
              "class": "android.support.v7.internal.widget.ActionBarOverlayLayout",
              "bounds": [
                0,
                84,
                1440,
                2308
              ],
              "children": [
                {
                  "class": "android.support.v7.internal.widget.ContentFrameLayout",
                  "bounds": [
                    0,
                    476,
                    1440,
                    2308
                  ],
                  "children": [
                    {
                      "class": "android.widget.LinearLayout",
                      "bounds": [
                        0,
                        280,
                        1440,
                        2112
                      ],
                      "children": [
                        {
                          "class": "android.widget.ScrollView",
                          "bounds": [
                            0,
                            280,
                            1440,
                            1919
                          ],
                          "children": [
                            {
                              "class": "android.widget.LinearLayout",
                              "bounds": [
                                0,
                                280,
                                1440,
                                1919
                              ],
                              "children": [
                                {
                                  "class": "android.support.v7.widget.AppCompatTextView",
                                  "bounds": [
                                    1078,
                                    1316,
                                    901,
                                    630
                                  ]
                                },
                                {
                                  "class": "android.widget.LinearLayout",
                                  "bounds": [
                                    802,
                                    1576,
                                    1039,
                                    872
                                  ],
                                  "children": [
                                    {
                                      "class": "android.widget.ImageView",
                                      "bounds": [
                                        401,
                                        928,
                                        224,
                                        224
                                      ]
                                    },
                                    {
                                      "class": "android.support.v7.widget.AppCompatTextView",
                                      "bounds": [
                                        849,
                                        1016,
                                        638,
                                        179
                                      ]
                                    }
                                  ]
                                },
                                {
                                  "class": "android.widget.LinearLayout",
                                  "bounds": [
                                    638,
                                    2074,
                                    1120,
                                    1065
                                  ],
                                  "children": [
                                    {
                                      "class": "android.support.v7.widget.AppCompatButton",
                                      "bounds": [
                                        319,
                                        1177,
                                        431,
                                        168
                                      ]
                                    },
                                    {
                                      "class": "android.support.v7.widget.AppCompatButton",
                                      "bounds": [
                                        1231,
                                        1177,
                                        776,
                                        168
                                      ]
                                    }
                                  ]
                                },
                                {
                                  "class": "android.support.v7.widget.AppCompatCheckBox",
                                  "bounds": [
                                    840,
                                    2410,
                                    1019,
                                    1177
                                  ]
                                },
                                {
                                  "class": "android.widget.LinearLayout",
                                  "bounds": [
                                    492,
                                    2634,
                                    1193,
                                    1289
                                  ],
                                  "children": [
                                    {
                                      "class": "android.support.v7.widget.AppCompatCheckBox",
                                      "bounds": [
                                        246,
                                        1457,
                                        390,
                                        112
                                      ]
                                    },
                                    {
                                      "class": "android.support.v7.widget.AppCompatCheckBox",
                                      "bounds": [
                                        1076,
                                        1457,
                                        922,
                                        112
                                      ]
                                    }
                                  ]
                                },
                                {
                                  "class": "android.widget.LinearLayout",
                                  "bounds": [
                                    510,
                                    2858,
                                    1185,
                                    1401
                                  ],
                                  "children": [
                                    {
                                      "class": "android.support.v7.widget.AppCompatCheckBox",
                                      "bounds": [
                                        255,
                                        1569,
                                        421,
                                        112
                                      ]
                                    },
                                    {
                                      "class": "android.support.v7.widget.AppCompatCheckBox",
                                      "bounds": [
                                        1147,
                                        1569,
                                        905,
                                        112
                                      ]
                                    }
                                  ]
                                }
                              ]
                            }
                          ]
                        },
                        {
                          "class": "android.widget.LinearLayout",
                          "bounds": [
                            480,
                            4118,
                            1199,
                            2112
                          ],
                          "children": [
                            {
                              "class": "android.support.v7.widget.AppCompatButton",
                              "bounds": [
                                240,
                                2235,
                                531,
                                193
                              ]
                            },
                            {
                              "class": "android.support.v7.widget.AppCompatButton",
                              "bounds": [
                                1302,
                                2235,
                                959,
                                193
                              ]
                            }
                          ]
                        }
                      ]
                    }
                  ]
                },
                {
                  "class": "android.support.v7.internal.widget.ActionBarContainer",
                  "bounds": [
                    0,
                    84,
                    1440,
                    196
                  ],
                  "children": [
                    {
                      "class": "android.support.v7.widget.Toolbar",
                      "bounds": [
                        0,
                        84,
                        1440,
                        196
                      ],
                      "children": [
                        {
                          "class": "android.widget.TextView",
                          "bounds": [
                            420,
                            186,
                            510,
                            144
                          ]
                        },
                        {
                          "class": "android.widget.ImageButton",
                          "bounds": [
                            0,
                            84,
                            196,
                            196
                          ]
                        },
                        {
                          "class": "android.support.v7.widget.ActionMenuView",
                          "bounds": [
                            2880,
                            84,
                            1440,
                            196
                          ]
                        }
                      ]
                    }
                  ]
                }
              ]
            }
          ]
        }
      ]
    },
    {
      "class": "android.view.View",
      "bounds": [
        0,
        4784,
        1440,
        2560
      ]
    },
    {
      "class": "android.view.View",
      "bounds": [
        0,
        0,
        1440,
        84
      ]
    }
  ]
}