{
  "class": "com.android.internal.policy.PhoneWindow$DecorView",
  "bounds": [
    0,
    84,
    1440,
    2308
  ],
  "children": [
    {
      "class": "android.widget.LinearLayout",
      "bounds": [
        0,
        84,
        1440,
        2308
      ],
      "children": [
        {
          "class": "android.widget.FrameLayout",
          "bounds": [
            0,
            84,
            1440,
            2308
          ],
          "children": [
            {
              "class": "com.android.internal.widget.ResolverDrawerLayout",
              "bounds": [
                0,
                84,
                1440,
                2308
              ],
              "children": [
                {
                  "class": "android.widget.LinearLayout",
                  "bounds": [
                    0,
                    2700,
                    1440,
                    1458
                  ],
                  "children": [
                    {
                      "class": "android.widget.TextView",
                      "bounds": [
                        112,
                        1392,
                        1440,
                        150
                      ]
                    }
                  ]
                },
                {
                  "class": "android.widget.ListView",
                  "bounds": [
                    0,
                    3000,
                    1440,
                    3616
                  ],
                  "children": [
                    {
                      "class": "android.widget.LinearLayout",
                      "bounds": [
                        0,
                        1542,
                        1440,
                        425
                      ],
                      "children": [
                        {
                          "class": "android.widget.LinearLayout",
                          "bounds": [
                            112,
                            1598,
                            388,
                            397
                          ],
                          "children": [
                            {
                              "class": "android.widget.FrameLayout",
                              "bounds": [
                                198,
                                1626,
                                261,
                                207
                              ],
                              "children": [
                                {
                                  "class": "android.widget.ImageView",
                                  "bounds": [
                                    149,
                                    1598,
                                    179,
                                    168
                                  ]
                                }
                              ]
                            },
                            {
                              "class": "android.widget.TextView",
                              "bounds": [
                                228,
                                2040,
                                246,
                                341
                              ]
                            }
                          ]
                        },
                        {
                          "class": "android.widget.LinearLayout",
                          "bounds": [
                            776,
                            1598,
                            720,
                            397
                          ],
                          "children": [
                            {
                              "class": "android.widget.FrameLayout",
                              "bounds": [
                                530,
                                1626,
                                261,
                                207
                              ],
                              "children": [
                                {
                                  "class": "android.widget.ImageView",
                                  "bounds": [
                                    481,
                                    1598,
                                    179,
                                    168
                                  ]
                                }
                              ]
                            },
                            {
                              "class": "android.widget.TextView",
                              "bounds": [
                                484,
                                2040,
                                283,
                                341
                              ]
                            }
                          ]
                        },
                        {
                          "class": "android.widget.LinearLayout",
                          "bounds": [
                            1440,
                            1598,
                            1052,
                            397
                          ],
                          "children": [
                            {
                              "class": "android.widget.FrameLayout",
                              "bounds": [
                                862,
                                1626,
                                261,
                                207
                              ],
                              "children": [
                                {
                                  "class": "android.widget.ImageView",
                                  "bounds": [
                                    813,
                                    1598,
                                    179,
                                    168
                                  ]
                                }
                              ]
                            },
                            {
                              "class": "android.widget.TextView",
                              "bounds": [
                                748,
                                2040,
                                318,
                                341
                              ]
                            }
                          ]
                        },
                        {
                          "class": "android.widget.LinearLayout",
                          "bounds": [
                            2104,
                            1598,
                            1384,
                            397
                          ],
                          "children": [
                            {
                              "class": "android.widget.FrameLayout",
                              "bounds": [
                                1194,
                                1626,
                                261,
                                207
                              ],
                              "children": [
                                {
                                  "class": "android.widget.ImageView",
                                  "bounds": [
                                    1145,
                                    1598,
                                    179,
                                    168
                                  ]
                                }
                              ]
                            },
                            {
                              "class": "android.widget.TextView",
                              "bounds": [
                                1224,
                                2040,
                                245,
                                341
                              ]
                            }
                          ]
                        }
                      ]
                    },
                    {
                      "class": "android.widget.LinearLayout",
                      "bounds": [
                        0,
                        2392,
                        1440,
                        850
                      ],
                      "children": [
                        {
                          "class": "android.widget.LinearLayout",
                          "bounds": [
                            112,
                            2023,
                            388,
                            397
                          ],
                          "children": [
                            {
                              "class": "android.widget.FrameLayout",
                              "bounds": [
                                198,
                                2051,
                                261,
                                207
                              ],
                              "children": [
                                {
                                  "class": "android.widget.ImageView",
                                  "bounds": [
                                    149,
                                    2023,
                                    179,
                                    168
                                  ]
                                }
                              ]
                            },
                            {
                              "class": "android.widget.TextView",
                              "bounds": [
                                148,
                                2465,
                                286,
                                341
                              ]
                            }
                          ]
                        },
                        {
                          "class": "android.widget.LinearLayout",
                          "bounds": [
                            776,
                            2023,
                            720,
                            397
                          ],
                          "children": [
                            {
                              "class": "android.widget.FrameLayout",
                              "bounds": [
                                530,
                                2051,
                                261,
                                207
                              ],
                              "children": [
                                {
                                  "class": "android.widget.ImageView",
                                  "bounds": [
                                    481,
                                    2023,
                                    179,
                                    168
                                  ]
                                }
                              ]
                            },
                            {
                              "class": "android.widget.TextView",
                              "bounds": [
                                538,
                                2465,
                                257,
                                341
                              ]
                            }
                          ]
                        }
                      ]
                    }
                  ]
                }
              ]
            }
          ]
        }
      ]
    }
  ]
}